code	locality	addresses
01001	2500840	1484
01002	2501370	1922
01003	2501370	75
01013	2513660	1854
01020	2513660	2752
01022	2513660	239
01028	2567000	1633
01030	2500840	1053
01040	2530840	2768
01053	2546330	170
01060	2546330	1295
01062	2546330	944
01063	2546330	26
01077	2576030	944
01085	2576030	3505
01089	2577890	2353
01103	2567000	207
01104	2567000	1686
01105	2567000	563
01107	2567000	515
01108	2567000	1536
01109	2567000	1874
01118	2567000	1145
01119	2567000	1135
01128	2567000	266
01129	2567000	658
01144	2567000	3
01151	2567000	755
01201	2553960	4562
01420	2523875	3699
01453	2535075	3420
01545	2582000	3132
01583	2582000	775
01602	2582000	1537
01603	2582000	1186
01604	2582000	2440
01605	2582000	1547
01606	2582000	1733
01607	2582000	524
01608	2582000	245
01609	2582000	1119
01610	2582000	1028
01701	2524960	2571
01702	2524960	1909
01752	2538715	2858
01773	2572600	591
01801	2581035	3422
01824	2537000	2533
01830	2529405	2091
01832	2529405	1808
01835	2529405	1117
01840	2534550	260
01841	2534550	2019
01843	2534550	1319
01850	2537000	1029
01851	2537000	1796
01852	2537000	2318
01854	2537000	1452
01901	2537490	134
01902	2537490	2047
01904	2537490	1452
01905	2537490	1341
01915	2505595	3006
01930	2526150	3279
01960	2552490	3404
01965	2505595	24
01970	2559105	2715
02038	2525172	2858
02108	2507000	232
02109	2507000	225
02110	2507000	191
02111	2507000	249
02113	2507000	313
02114	2507000	346
02115	2507000	400
02116	2507000	510
02118	2507000	793
02119	2507000	1374
02120	2507000	426
02121	2507000	815
02122	2507000	1097
02124	2507000	1969
02125	2507000	1311
02126	2507000	994
02127	2507000	1533
02128	2507000	1104
02129	2507000	1026
02130	2507000	1663
02131	2507000	1457
02132	2507000	2156
02134	2507000	696
02135	2507000	1465
02136	2507000	1947
02138	2511000	1630
02139	2511000	1380
02140	2511000	780
02141	2511000	513
02142	2511000	120
02143	2562535	1211
02144	2562535	961
02145	2562535	1121
02148	2537875	3423
02149	2521990	2010
02150	2513205	1213
02151	2556585	2705
02155	2539835	3428
02163	2507000	9
02169	2555745	3349
02170	2555745	1127
02171	2555745	1058
02176	2540115	2269
02184	2507740	3031
02188	2578972	1163
02189	2578972	1101
02190	2578972	1343
02191	2578972	703
02199	2507000	8
02203	2507000	1
02210	2507000	187
02215	2507000	364
02301	2509000	3912
02302	2509000	2546
02324	2508130	2067
02325	2508130	15
02368	2556000	2603
02451	2572600	1321
02452	2572600	799
02453	2572600	1714
02458	2545560	1009
02459	2545560	1802
02460	2545560	728
02461	2545560	673
02462	2545560	163
02464	2545560	242
02465	2545560	1219
02466	2545560	584
02468	2545560	606
02601	2503690	2146
02630	2503690	414
02632	2503690	1835
02635	2503690	775
02637	2503690	52
02647	2503690	88
02648	2503690	1085
02655	2503690	960
02668	2503690	639
02672	2503690	94
02703	2502690	4223
02717	2523000	570
02718	2569170	546
02720	2523000	2412
02721	2523000	1838
02723	2523000	926
02724	2523000	1207
02740	2545000	3560
02744	2545000	667
02745	2545000	2134
02746	2545000	839
02760	2546598	2450
02763	2546598	187
02764	2569170	426
02780	2569170	3594
02818	4474300	2320
02823	4419180	9
02831	4419180	473
02860	4454640	2843
02861	4454640	2026
02886	4474300	3774
02888	4474300	2417
02889	4474300	3368
02895	4480780	2880
02903	4459000	979
02904	4459000	2582
02905	4459000	1638
02906	4459000	2078
02907	4459000	1258
02908	4459000	2253
02909	4459000	2184
02910	4419180	2076
02911	4459000	1489
02912	4459000	35
02914	4422960	1939
02915	4422960	1942
02916	4422960	1035
02919	4459000	3334
02920	4419180	3714
02921	4419180	1409
03060	3350260	2170
03062	3350260	2245
03063	3350260	1251
03064	3350260	1315
03101	3345140	465
03102	3345140	2126
03103	3345140	2824
03104	3345140	2782
03109	3345140	939
03224	3314200	427
03301	3314200	2648
03303	3314200	1335
03820	3318820	2404
03823	3318820	177
03839	3365140	316
03867	3365140	1954
03868	3365140	526
04019	2360545	54
04101	2360545	1138
04102	2360545	1382
04103	2360545	2568
04106	2371990	2402
04107	2371990	1178
04108	2360545	360
04109	2360545	116
04210	2302060	2750
04240	2338740	3246
04401	2302795	4278
05401	5010675	1401
05405	5010675	27
05408	5010675	616
06010	0908420	4399
06051	0950370	1239
06052	0950370	573
06053	0950370	1611
06062	0908420	1426
06095	0937000	2437
06103	0937000	233
06105	0937000	439
06106	0937000	1310
06112	0937000	733
06114	0937000	769
06120	0937000	484
06320	0952280	1717
06360	0956200	3132
06380	0956200	210
06389	0956200	33
06450	0946450	2112
06451	0946450	1648
06457	0947290	3405
06459	0947290	5
06460	0947515	3566
06461	0947515	1425
06484	0968100	3624
06510	0952000	123
06511	0952000	1840
06513	0952000	1579
06514	0952000	1590
06515	0952000	752
06516	0982800	3201
06519	0952000	641
06604	0908000	1413
06605	0908000	1003
06606	0908000	2389
06607	0908000	393
06608	0908000	738
06610	0908000	983
06702	0980000	235
06704	0980000	1567
06705	0980000	1447
06706	0980000	956
06708	0980000	2139
06710	0980000	508
06762	0949880	952
06770	0949880	2203
06790	0976500	3091
06810	0918430	2281
06811	0918430	2029
06831	0973000	1418
06850	0955990	1305
06851	0955990	1748
06853	0955990	401
06854	0955990	1295
06855	0955990	527
06901	0973000	178
06902	0973000	2649
06903	0973000	1445
06905	0973000	1280
06906	0973000	454
06907	0973000	514
07002	3403580	1664
07008	3410750	1431
07010	3413570	678
07011	3413690	1596
07012	3413690	651
07013	3413690	1894
07014	3413690	324
07017	3419390	1007
07018	3419390	671
07024	3424420	1227
07026	3425770	1238
07030	3432250	878
07032	3436510	1223
07036	3440350	2853
07055	3456550	1613
07060	3459190	1237
07062	3459190	665
07063	3459190	435
07065	3461530	1858
07066	3479040	1272
07086	3432250	357
07087	3474630	1297
07090	3479040	2273
07093	3479610	950
07102	3451000	574
07103	3451000	1191
07104	3451000	1099
07105	3451000	1292
07106	3451000	854
07107	3451000	805
07108	3451000	697
07110	3413690	1782
07112	3451000	858
07114	3451000	683
07201	3421000	780
07202	3421000	941
07206	3421000	630
07208	3421000	822
07302	3436000	776
07304	3436000	874
07305	3436000	1480
07306	3436000	1046
07307	3436000	742
07310	3436000	110
07311	3436000	4
07410	3422470	3083
07450	3463000	1957
07501	3457000	898
07502	3457000	465
07503	3457000	671
07504	3457000	471
07505	3457000	156
07513	3457000	332
07514	3457000	522
07522	3457000	598
07524	3457000	419
07601	3428680	1832
07621	3405170	1824
07631	3421480	1631
07644	3441100	1135
07652	3455950	2326
07740	3441310	2086
08102	3410000	616
08103	3410000	1127
08104	3410000	1512
08105	3410000	1663
08110	3410000	1642
08302	3407600	3921
08332	3446680	4261
08344	3476070	229
08360	3476070	2884
08361	3476070	1619
08401	3402080	2930
08540	3460900	2945
08542	3460900	207
08544	3460900	4
08608	3474000	158
08609	3474000	766
08611	3474000	1241
08618	3474000	2143
08628	3474000	681
08629	3474000	711
08638	3474000	1883
08859	3465790	1192
08861	3458200	1876
08872	3465790	1175
08879	3465790	1771
08901	3451210	1504
10003	3651000	1
10464	3651000	1
10466	3651000	7
10470	3651000	5
10471	3651000	5
10528	3632402	949
10550	3649121	1036
10552	3649121	778
10553	3649121	388
10562	3655530	1754
10566	3656979	1290
10577	3632402	315
10601	3681677	245
10603	3681677	1002
10604	3632402	626
10605	3681677	1294
10606	3681677	672
10701	3684000	1734
10703	3684000	715
10704	3684000	1323
10705	3684000	938
10707	3684000	666
10708	3684000	1347
10710	3684000	1410
10801	3650617	1652
10804	3650617	1296
10805	3650617	467
10940	3647042	3568
11201	3651000	849
11203	3651000	1207
11204	3651000	958
11205	3651000	455
11206	3651000	815
11207	3651000	1530
11208	3651000	1467
11209	3651000	1018
11210	3651000	957
11211	3651000	952
11212	3651000	905
11213	3651000	489
11214	3651000	1061
11215	3651000	781
11216	3651000	515
11217	3651000	464
11218	3651000	884
11219	3651000	940
11220	3651000	819
11221	3651000	826
11222	3651000	829
11223	3651000	1171
11224	3651000	602
11225	3651000	422
11226	3651000	889
11228	3651000	681
11229	3651000	1329
11230	3651000	1003
11231	3651000	768
11232	3651000	450
11233	3651000	751
11234	3651000	1926
11235	3651000	1447
11236	3651000	1764
11237	3651000	614
11238	3651000	528
11239	3651000	118
11249	3651000	383
11362	3651000	9
11363	3651000	7
11385	3651000	40
11411	3651000	4
11414	3651000	27
11416	3651000	13
11417	3651000	11
11421	3651000	18
11422	3651000	16
11428	3651000	1
11429	3651000	4
11430	3651000	1
11520	3627485	2237
11542	3629113	1763
11550	3633139	2277
11561	3643335	1535
11570	3663264	1973
11580	3676705	2686
11581	3676705	1255
11757	3642554	3063
12180	3675484	4365
12182	3675484	1209
12202	3601000	568
12203	3601000	1884
12206	3601000	598
12207	3601000	272
12208	3601000	1085
12209	3601000	514
12210	3601000	363
12222	3601000	2
12226	3601000	3
12304	3665508	1517
12305	3665508	361
12307	3665508	296
12308	3665508	796
12601	3659641	2363
12833	3665255	486
12866	3665255	3988
13021	3603078	3544
13024	3603078	2
13202	3673000	620
13203	3673000	879
13204	3673000	1502
13205	3673000	1032
13206	3673000	1229
13207	3673000	1073
13208	3673000	1482
13210	3673000	1293
13215	3673000	1191
13224	3673000	677
13244	3673000	82
13290	3673000	5
13308	3663418	516
13440	3663418	3990
13441	3663418	107
13478	3663418	325
13501	3676540	2326
13502	3676540	2505
13903	3606607	1723
13904	3606607	846
13905	3606607	1851
14120	3653682	2474
14201	3611000	458
14202	3611000	288
14203	3611000	366
14204	3611000	751
14206	3611000	1263
14207	3611000	955
14208	3611000	524
14209	3611000	364
14210	3611000	903
14211	3611000	1179
14212	3611000	707
14213	3611000	905
14214	3611000	861
14215	3611000	1476
14216	3611000	826
14220	3611000	993
14222	3611000	404
14301	3651055	988
14303	3651055	641
14304	3651055	2570
14305	3651055	1745
14604	3663000	204
14605	3663000	858
14606	3663000	1777
14607	3663000	746
14608	3663000	1043
14609	3663000	2533
14611	3663000	1171
14612	3663000	2105
14613	3663000	642
14614	3663000	133
14615	3663000	904
14616	3663000	1734
14619	3663000	585
14620	3663000	1216
14621	3663000	1530
14624	3663000	2554
14627	3663000	14
14701	3638264	4761
14853	3638077	27
14901	3624229	1765
15102	4206064	2303
15129	4206064	861
15146	4250528	2149
15147	4261536	1656
15201	4261000	1501
15203	4261000	1171
15204	4261000	1207
15205	4261000	2150
15206	4261000	2719
15207	4261000	1319
15208	4261000	1268
15210	4261000	3102
15211	4261000	1113
15212	4261000	3411
15213	4261000	1258
15214	4261000	1517
15216	4261000	1751
15217	4261000	1328
15219	4261000	1471
15220	4261000	1624
15222	4261000	572
15224	4261000	1005
15226	4261000	1074
15228	4206064	1095
15232	4261000	634
15233	4261000	571
15239	4261536	1378
15241	4206064	1654
15260	4261000	2
15282	4261000	4
15290	4261000	4
16501	4224000	309
16502	4224000	1087
16503	4224000	1064
16504	4224000	1181
16505	4224000	2020
16506	4224000	2285
16507	4224000	591
16508	4224000	1324
16509	4224000	3007
16510	4224000	2500
16546	4224000	5
16601	4202184	5013
16602	4202184	4171
16801	4273808	2797
16802	4273808	45
17046	4242168	2861
17101	4232800	373
17102	4232800	959
17103	4232800	1579
17104	4232800	2338
17110	4232800	2574
17120	4232800	32
17401	4287048	1222
17404	4287048	3624
17601	4241216	4291
17602	4241216	3145
17603	4241216	4462
17701	4285312	6388
18015	4206088	3208
18017	4206088	4150
18018	4206088	3922
18042	4221648	4066
18101	4202000	394
18102	4202000	4343
18103	4202000	5661
18104	4202000	6975
18109	4202000	2440
18201	4233408	3627
18503	4269000	255
18504	4269000	2131
18505	4269000	3209
18508	4269000	1383
18509	4269000	1270
18510	4269000	1092
18701	4285152	201
18702	4285152	3289
18705	4285152	1423
19013	4213208	3337
19102	4260000	178
19103	4260000	812
19104	4260000	1994
19106	4260000	678
19107	4260000	727
19108	4260000	1
19109	4260000	1
19111	4260000	2521
19112	4260000	99
19114	4260000	1074
19115	4260000	1445
19116	4260000	1452
19118	4260000	698
19119	4260000	1316
19120	4260000	2058
19121	4260000	2046
19122	4260000	1319
19123	4260000	1238
19124	4260000	2633
19125	4260000	1657
19126	4260000	740
19127	4260000	434
19128	4260000	1788
19129	4260000	568
19130	4260000	1172
19131	4260000	1645
19132	4260000	2097
19133	4260000	1415
19134	4260000	2753
19135	4260000	1456
19136	4260000	1458
19137	4260000	577
19138	4260000	1253
19139	4260000	1748
19140	4260000	2568
19141	4260000	1237
19142	4260000	1204
19143	4260000	2548
19144	4260000	1696
19145	4260000	2188
19146	4260000	2154
19147	4260000	2359
19148	4260000	2313
19149	4260000	1663
19150	4260000	995
19151	4260000	1200
19152	4260000	1205
19153	4260000	667
19154	4260000	1303
19401	4254656	2736
19601	4263624	1824
19602	4263624	1100
19604	4263624	1353
19611	4263624	893
19709	1047030	3448
19711	1050670	3754
19716	1050670	61
19717	1050670	17
19801	1077580	1548
19802	1077580	2103
19803	1077580	2020
19805	1077580	2806
19806	1077580	792
19809	1077580	1429
19901	1021200	3105
19902	1021200	15
19904	1021200	3143
20001	1150000	1343
20002	1150000	2189
20003	1150000	1124
20004	1150000	147
20005	1150000	287
20006	1150000	149
20007	1150000	1231
20008	1150000	1000
20009	1150000	800
20010	1150000	579
20011	1150000	2415
20012	1150000	986
20015	1150000	986
20016	1150000	1668
20017	1150000	917
20018	1150000	1162
20019	1150000	2369
20020	1150000	1804
20024	1150000	487
20032	1150000	986
20036	1150000	231
20037	1150000	248
20052	1150000	35
20057	1150000	9
20059	1150000	32
20064	1150000	1
20110	5148952	2263
20170	5136648	2370
20175	5144984	2648
20176	5144984	3336
20220	1150000	1
20230	1150000	1
20240	1150000	1
20245	1150000	1
20250	1150000	4
20260	1150000	2
20317	1150000	1
20319	1150000	12
20373	1150000	7
20388	1150000	1
20408	1150000	2
20415	1150000	1
20418	1150000	1
20422	1150000	2
20431	1150000	1
20515	1150000	4
20520	1150000	1
20530	1150000	2
20535	1150000	2
20551	1150000	1
20560	1150000	8
20565	1150000	1
20566	1150000	2
20591	1150000	1
20707	2445900	2090
20715	2408775	2222
20716	2408775	1555
20740	2418750	1666
20742	2418750	12
20850	2467675	2763
20851	2467675	822
20877	2431175	1383
20878	2431175	3506
20899	2431175	18
21201	2404000	1157
21202	2404000	1746
21205	2404000	1062
21206	2404000	2296
21209	2404000	828
21210	2404000	830
21211	2404000	1025
21212	2404000	1311
21213	2404000	1962
21214	2404000	1542
21215	2404000	3367
21216	2404000	1878
21217	2404000	2182
21218	2404000	2680
21223	2404000	2009
21224	2404000	2844
21226	2404000	991
21229	2404000	1932
21230	2404000	2848
21231	2404000	1120
21233	2404000	16
21239	2404000	919
21251	2404000	2
21287	2404000	11
21701	2430325	2802
21702	2430325	2682
21705	2430325	1
21740	2436075	5476
21801	2469925	3718
21804	2469925	3818
22301	5101000	944
22302	5101000	859
22304	5101000	1183
22305	5101000	528
22311	5101000	498
22314	5101000	1779
22401	5129744	1952
22407	5129744	9
22408	5129744	12
22601	5186720	2310
22801	5135624	1848
22802	5135624	1373
22807	5135624	66
22901	5114968	528
22902	5114968	1324
22903	5114968	1677
22908	5114968	1
23173	5167000	21
23219	5167000	733
23220	5167000	2163
23221	5167000	1276
23222	5167000	1885
23224	5167000	3064
23225	5167000	2991
23226	5167000	945
23230	5167000	533
23234	5167000	1187
23284	5167000	23
23298	5167000	27
23320	5116000	4157
23321	5116000	2966
23322	5116000	5978
23323	5116000	3428
23324	5116000	2003
23325	5116000	1263
23432	5176432	273
23433	5176432	169
23434	5176432	5397
23435	5176432	2340
23436	5176432	139
23437	5176432	1004
23438	5176432	428
23451	5182000	3782
23452	5182000	4497
23453	5182000	1911
23454	5182000	4376
23455	5182000	3906
23456	5182000	4512
23457	5182000	854
23459	5182000	31
23460	5182000	6
23461	5182000	6
23462	5182000	3796
23464	5182000	4910
23502	5157000	1864
23503	5157000	1970
23504	5157000	1862
23505	5157000	1845
23507	5157000	470
23508	5157000	1323
23509	5157000	1153
23510	5157000	520
23511	5157000	125
23513	5157000	2168
23517	5157000	602
23518	5157000	2466
23523	5157000	880
23551	5157000	3
23601	5156000	1825
23602	5156000	2741
23603	5156000	264
23604	5156000	137
23605	5156000	1072
23606	5156000	2021
23607	5156000	1914
23608	5156000	2845
23651	5135000	97
23661	5135000	1543
23663	5135000	1101
23664	5135000	951
23665	5135000	216
23666	5135000	3638
23667	5135000	7
23668	5135000	10
23669	5135000	3280
23681	5135000	31
23701	5164000	2085
23702	5164000	985
23703	5164000	2100
23704	5164000	2149
23707	5164000	1659
23708	5164000	2
23709	5164000	1
23803	5161832	2698
23805	5161832	1360
24011	5168000	135
24012	5168000	2607
24013	5168000	1103
24014	5168000	1598
24015	5168000	1669
24016	5168000	1493
24017	5168000	2650
24022	5168000	1
24060	5107784	4686
24061	5107784	67
24153	5170000	3256
24401	5175216	2658
24501	5147672	2484
24502	5147672	1995
24503	5147672	1469
24504	5147672	1411
24515	5147672	2
24540	5121344	2243
24541	5121344	2975
25301	5414600	623
25302	5414600	2309
25304	5414600	1373
25305	5414600	12
25311	5414600	1306
25314	5414600	1671
25387	5414600	844
25701	5439460	2526
25702	5439460	1020
25703	5439460	568
25704	5439460	747
25705	5439460	2200
25755	5439460	3
26003	5486452	5360
26101	5462140	5085
26104	5462140	2709
26505	5455756	3622
26506	5455756	5
27040	3775000	1729
27101	3775000	2717
27103	3775000	3542
27104	3775000	2785
27105	3775000	4517
27106	3775000	4457
27107	3775000	5451
27109	3775000	6
27110	3775000	1
27127	3775000	4026
27203	3702080	2709
27205	3702080	4964
27214	3728000	1410
27215	3709060	5166
27217	3709060	4563
27235	3731400	713
27260	3731400	3063
27262	3731400	2712
27265	3731400	4668
27268	3731400	21
27282	3731400	1631
27284	3735600	6455
27330	3759280	6794
27332	3759280	3616
27360	3767420	6249
27401	3728000	2056
27403	3728000	2029
27405	3728000	4400
27406	3728000	5921
27407	3728000	3854
27408	3728000	2057
27409	3728000	1265
27410	3728000	4336
27411	3728000	8
27412	3728000	35
27455	3728000	2705
27502	3701520	4259
27503	3719000	557
27511	3710740	2730
27513	3710740	4106
27514	3711800	2243
27516	3711800	3739
27517	3711800	1700
27518	3710740	2161
27519	3710740	4601
27520	3712860	4779
27523	3701520	1534
27526	3725300	5288
27529	3725480	5624
27530	3726880	5102
27531	3726880	13
27533	3726880	25
27534	3726880	3398
27539	3701520	2651
27540	3732260	3899
27560	3744520	2725
27562	3701520	392
27587	3770540	7164
27592	3725300	2227
27599	3711800	24
27601	3755000	1022
27603	3755000	5346
27604	3755000	3705
27605	3755000	425
27606	3755000	3079
27607	3755000	1853
27608	3755000	1071
27609	3755000	2576
27610	3755000	6191
27612	3755000	3114
27613	3755000	4348
27614	3755000	3383
27615	3755000	4025
27616	3755000	4322
27617	3755000	1243
27695	3755000	1
27697	3755000	1
27701	3719000	2288
27703	3719000	5422
27704	3719000	3277
27705	3719000	4128
27707	3719000	3492
27708	3719000	20
27709	3719000	67
27712	3719000	2627
27713	3719000	4185
27801	3757500	2
27803	3757500	3227
27804	3757500	3918
27834	3728080	6165
27858	3728080	4815
27893	3774540	4922
27896	3774540	2103
28025	3714100	6523
28027	3714100	6321
28031	3714700	2778
28052	3725580	4761
28054	3725580	3819
28056	3725580	4442
28078	3733120	6695
28081	3735200	3827
28083	3735200	3600
28105	3741960	3840
28112	3743920	3181
28115	3744220	4880
28144	3758860	3882
28146	3758860	4661
28147	3758860	3326
28202	3712000	764
28203	3712000	1234
28204	3712000	702
28205	3712000	3677
28206	3712000	1466
28207	3712000	618
28208	3712000	3555
28209	3712000	1560
28210	3712000	3064
28211	3712000	2477
28212	3712000	2081
28213	3712000	2908
28214	3712000	4065
28215	3712000	4587
28216	3712000	4885
28217	3712000	1930
28223	3712000	18
28226	3712000	3417
28227	3743480	4920
28244	3712000	1
28262	3712000	2514
28269	3712000	6204
28270	3712000	2771
28273	3712000	3004
28274	3712000	1
28277	3712000	5558
28278	3712000	3022
28282	3712000	3
28301	3722920	2610
28303	3722920	3449
28304	3722920	3516
28305	3722920	791
28306	3722920	5287
28307	3722920	515
28310	3722920	72
28311	3722920	3552
28314	3722920	4036
28401	3774440	3236
28403	3774440	3155
28405	3774440	3204
28409	3774440	3420
28412	3774440	3407
28451	3737680	4514
28479	3737680	830
28539	3734200	1753
28540	3734200	4869
28542	3734200	16
28543	3734200	163
28546	3734200	3890
28547	3734200	315
28560	3746340	3674
28562	3746340	4277
28601	3731060	5748
28602	3731060	4534
28625	3764740	5856
28677	3764740	5302
28715	3702140	3984
28801	3702140	1658
28803	3702140	3579
28805	3702140	2202
28806	3702140	4802
29044	4516000	1243
29045	4516000	1318
29072	4541335	5913
29150	4570405	5544
29152	4570405	186
29153	4570405	3278
29201	4516000	2375
29203	4516000	4999
29204	4516000	2387
29205	4516000	2977
29207	4516000	40
29208	4516000	44
29209	4516000	3392
29210	4516000	2754
29212	4516000	2790
29225	4516000	23
29229	4516000	3530
29301	4568290	3699
29302	4568290	2469
29306	4568290	1972
29307	4568290	2512
29401	4513330	886
29403	4513330	1709
29404	4550875	248
29405	4550875	3032
29406	4550875	2137
29407	4513330	3859
29409	4513330	19
29412	4513330	4700
29414	4513330	3543
29418	4550875	1766
29420	4550875	1462
29424	4513330	25
29425	4513330	20
29445	4529815	4252
29455	4513330	4799
29456	4550875	2250
29464	4548535	4453
29466	4548535	3378
29483	4570270	5059
29485	4550875	4058
29486	4529815	3590
29492	4513330	1669
29501	4525810	4898
29505	4525810	2931
29506	4525810	2999
29526	4516405	6404
29527	4516405	3755
29572	4549075	1320
29577	4549075	3741
29601	4530850	1802
29607	4530850	4205
29609	4530850	3637
29614	4530850	25
29621	4501360	5156
29624	4501360	2621
29640	4521985	5362
29650	4530985	3613
29651	4530985	6408
29662	4545115	1280
29680	4566580	2925
29715	4526890	3620
29730	4561405	6471
29732	4561405	5798
29733	4561405	13
29801	4500550	4605
29803	4500550	5528
29841	4550695	3851
29860	4550695	706
29910	4507210	4035
29926	4534045	2622
29928	4534045	2385
30004	1351670	4597
30005	1301696	2325
30008	1349756	2101
30009	1301696	1679
30022	1342425	4877
30030	1322052	2133
30035	1373784	1469
30038	1373784	3441
30043	1345488	5797
30044	1345488	5003
30046	1345488	2654
30058	1373784	4069
30060	1349756	3118
30062	1349756	6111
30064	1349756	4565
30066	1349756	5706
30067	1349756	2844
30068	1349756	3038
30075	1367284	5172
30076	1367284	3085
30080	1371492	3902
30082	1371492	2465
30083	1377652	3679
30084	1377652	2994
30087	1377652	3129
30090	1349756	4
30092	1359735	2121
30096	1324600	3797
30097	1342425	3097
30114	1312988	5413
30116	1313492	2626
30117	1313492	4170
30118	1313492	7
30120	1313688	4651
30121	1313688	2318
30126	1348288	3670
30134	1323900	2717
30135	1323900	6103
30144	1343192	3752
30152	1343192	3456
30161	1366668	4750
30165	1366668	4434
30168	1348288	1758
30184	1313688	906
30188	1384176	5472
30189	1384176	3010
30213	1372122	3541
30240	1344340	3212
30241	1344340	2532
30252	1348624	4109
30253	1348624	4749
30263	1355020	5855
30265	1355020	3029
30269	1359724	3249
30272	1372122	9
30281	1373704	5220
30291	1378324	1354
30296	1372122	355
30303	1304000	421
30305	1304000	1239
30306	1304000	1266
30307	1304000	1238
30308	1304000	591
30309	1304000	874
30310	1304000	2481
30311	1304000	1773
30312	1304000	1376
30313	1304000	366
30314	1304000	1708
30315	1304000	2451
30316	1304000	2617
30317	1304000	1117
30318	1304000	4263
30319	1310944	2487
30322	1304000	73
30324	1304000	1249
30326	1304000	124
30327	1304000	2022
30328	1368516	2167
30331	1372122	3885
30332	1304000	41
30334	1304000	16
30336	1372122	415
30338	1324768	2528
30341	1315172	1902
30342	1368516	1638
30344	1325720	2947
30345	1315172	1646
30346	1324768	283
30349	1372122	4587
30350	1368516	2101
30354	1304000	1214
30360	1324768	1010
30363	1304000	39
30458	1373256	4063
30460	1373256	5
30461	1373256	2129
30501	1331908	3039
30504	1331908	2112
30506	1331908	3421
30507	1331908	2131
30601	1303440	1909
30602	1303440	84
30605	1303440	2611
30606	1303440	3359
30607	1303440	726
30609	1303440	8
30622	1303440	253
30683	1303440	573
30720	1321380	3322
30721	1321380	5966
30740	1321380	1170
30805	1304204	277
30812	1304204	2
30815	1304204	2906
30901	1304204	2423
30904	1304204	2868
30905	1304204	146
30906	1304204	4736
30909	1304204	3505
30912	1304204	16
31005	1380508	1910
31020	1349008	73
31047	1360340	1558
31052	1349008	905
31069	1360340	2571
31088	1380508	4592
31093	1380508	2835
31201	1349008	2204
31204	1349008	3893
31206	1349008	3014
31207	1349008	12
31210	1349008	2519
31211	1349008	748
31213	1349008	1
31216	1349008	1901
31217	1349008	1925
31220	1349008	1189
31313	1338964	3624
31322	1362104	1904
31401	1369000	3450
31404	1369000	2920
31405	1369000	3640
31406	1369000	2758
31409	1369000	32
31415	1369000	1466
31419	1369000	3018
31421	1369000	10
31601	1378800	4556
31602	1378800	2629
31698	1378800	2
31701	1301052	2364
31707	1301052	2437
31721	1301052	1819
31808	1319000	232
31820	1319000	857
31829	1319000	145
31901	1319000	1407
31903	1319000	1593
31904	1319000	3676
31906	1319000	2065
31907	1319000	4344
31909	1319000	2688
32114	1216525	2648
32117	1216525	2348
32118	1216525	1569
32119	1216525	1627
32124	1216525	605
32127	1258575	2729
32128	1258575	1349
32129	1258575	1724
32137	1254200	3780
32164	1254200	4432
32168	1248625	4486
32169	1248625	1208
32174	1253150	4959
32176	1253150	1364
32202	1235000	970
32203	1235000	1
32204	1235000	1397
32205	1235000	3060
32206	1235000	2998
32207	1235000	3680
32208	1235000	3732
32209	1235000	4520
32210	1235000	5221
32211	1235000	2628
32212	1235000	68
32214	1235000	1
32216	1235000	2561
32217	1235000	1482
32218	1235000	5115
32219	1235000	1904
32220	1235000	1505
32221	1235000	2575
32222	1235000	1098
32223	1235000	2267
32224	1235000	2122
32225	1235000	4056
32226	1235000	1783
32227	1235000	142
32228	1235000	2
32233	1235000	1941
32234	1235000	821
32244	1235000	4070
32246	1235000	2950
32254	1235000	2518
32256	1235000	2222
32257	1235000	2630
32258	1235000	1959
32277	1235000	2016
32301	1270600	2621
32303	1270600	4290
32304	1270600	2387
32305	1270600	3035
32306	1270600	17
32307	1270600	8
32308	1270600	2318
32309	1270600	3574
32310	1270600	2517
32311	1270600	2019
32312	1270600	3320
32317	1270600	1695
32399	1270600	39
32401	1254700	3811
32404	1254700	4637
32405	1254700	3676
32501	1255925	2513
32502	1255925	1202
32503	1255925	4302
32504	1255925	2351
32536	1215475	2782
32539	1215475	3497
32601	1225175	2731
32603	1225175	484
32605	1225175	2780
32606	1225175	2234
32607	1225175	2232
32608	1225175	3522
32609	1225175	2440
32610	1225175	2
32612	1225175	23
32641	1225175	2205
32653	1225175	1651
32701	1200950	1534
32703	1201700	4685
32707	1211050	2453
32708	1278325	3078
32712	1201700	4224
32714	1200950	2044
32720	1216875	4542
32723	1216875	1
32724	1216875	4962
32725	1217200	4469
32726	1221350	3252
32735	1221350	603
32736	1221350	1958
32738	1217200	4344
32764	1217200	761
32765	1253575	4360
32766	1253575	1264
32768	1201700	2
32771	1263650	6090
32773	1263650	3220
32780	1271900	3399
32789	1278300	3092
32796	1271900	2630
32801	1253000	1015
32803	1253000	2774
32804	1253000	2390
32805	1253000	2590
32806	1253000	2985
32807	1253000	2210
32811	1253000	1705
32812	1253000	1918
32814	1253000	510
32819	1253000	2352
32822	1253000	2665
32827	1253000	1532
32829	1253000	884
32832	1253000	1516
32835	1253000	1836
32839	1253000	1903
32901	1243975	2707
32904	1276500	2528
32905	1254000	2039
32907	1254000	4221
32908	1254000	1974
32909	1254000	4446
32934	1243975	1501
32935	1243975	3317
32955	1261500	2810
32958	1264825	3507
33004	1216335	1462
33009	1228452	2211
33010	1230000	2278
33012	1230000	2703
33013	1230000	1726
33014	1245100	1606
33016	1230000	1407
33018	1230000	2301
33019	1232000	1398
33020	1232000	2568
33021	1232000	3163
33022	1232000	1
33023	1245975	3871
33024	1255775	4424
33025	1245975	2750
33026	1255775	1848
33027	1245975	2663
33028	1255775	1286
33029	1245975	2766
33030	1232275	3226
33033	1232275	3476
33035	1232275	780
33055	1245060	2569
33056	1245060	2443
33060	1258050	2464
33062	1258050	1355
33063	1243125	3103
33064	1258050	4219
33065	1214400	2692
33066	1213275	665
33067	1255125	1872
33068	1249425	2490
33069	1258050	1298
33071	1214400	2430
33073	1213275	1645
33076	1255125	2461
33101	1245000	3
33122	1217935	259
33125	1245000	2042
33126	1245000	1458
33127	1245000	2094
33128	1245000	252
33129	1245000	606
33130	1245000	643
33131	1245000	198
33132	1245000	435
33133	1245000	2124
33134	1214250	3085
33135	1245000	1459
33136	1245000	785
33137	1245000	1162
33138	1245000	2156
33139	1245025	1413
33140	1245025	1054
33141	1245025	969
33142	1245000	3578
33144	1245000	1740
33145	1245000	1431
33146	1214250	1345
33149	1245000	437
33150	1245000	2095
33160	1249450	729
33161	1249450	2690
33162	1249475	2833
33168	1249450	1827
33169	1245060	2377
33172	1217935	1123
33178	1217935	2725
33180	1202681	910
33181	1249450	746
33189	1215968	1554
33190	1215968	534
33301	1224000	1133
33304	1224000	1475
33305	1224000	1135
33306	1224000	353
33308	1224000	1748
33309	1224000	2727
33311	1224000	4650
33312	1224000	4057
33313	1239550	2096
33314	1216475	1543
33315	1224000	1392
33316	1224000	1127
33317	1257425	2747
33319	1270675	2118
33321	1270675	3016
33322	1257425	2160
33323	1269700	1195
33324	1257425	2373
33325	1216475	2138
33326	1276582	1604
33327	1276582	808
33328	1216475	1904
33330	1216475	1376
33332	1276582	789
33334	1250575	2365
33351	1269700	1767
33388	1257425	1
33401	1276600	1761
33404	1260975	2384
33405	1276600	1940
33406	1254450	1910
33407	1276600	2075
33409	1276600	1505
33410	1254075	2561
33411	1262100	3693
33412	1276600	1557
33413	1227322	915
33414	1275812	3349
33415	1227322	2107
33417	1276600	1392
33418	1254075	3248
33426	1207875	1560
33431	1207300	1463
33432	1207300	1496
33433	1207300	2101
33434	1207300	1969
33435	1207875	2806
33436	1207875	3255
33441	1216725	2103
33442	1216725	2627
33444	1217100	1900
33445	1217100	2010
33449	1275812	629
33458	1235875	3571
33460	1239081	2735
33461	1254450	2238
33463	1227322	2884
33467	1227322	3066
33477	1235875	850
33483	1217100	1405
33484	1217100	1581
33486	1207300	1740
33487	1207300	1047
33496	1207300	1641
33563	1257550	3096
33565	1257550	2157
33566	1257550	1945
33567	1257550	1151
33602	1271000	1823
33603	1271000	2247
33604	1271000	3968
33605	1271000	3353
33606	1271000	1642
33607	1271000	2590
33609	1271000	2032
33611	1271000	2387
33612	1271000	3907
33616	1271000	1004
33617	1271400	3106
33620	1271000	50
33621	1271000	284
33629	1271000	2447
33637	1271400	1204
33647	1271000	2734
33701	1263000	1642
33702	1263000	2661
33703	1263000	2226
33704	1263000	1910
33705	1263000	2802
33710	1263000	3861
33711	1263000	1887
33712	1263000	2861
33713	1263000	3692
33716	1263000	495
33755	1212875	2801
33756	1212875	3329
33759	1212875	1428
33760	1239425	1231
33761	1212875	1307
33763	1212875	1047
33764	1212875	1975
33765	1212875	1121
33767	1212875	480
33770	1239425	2674
33771	1239425	1820
33773	1256975	1836
33774	1239425	1612
33778	1239425	1389
33781	1256975	3189
33782	1256975	2558
33801	1238250	3424
33803	1238250	2669
33805	1238250	2318
33809	1238250	2182
33811	1238250	2168
33815	1238250	2300
33844	1228400	4998
33881	1278275	4221
33884	1278275	3084
33901	1224125	2283
33904	1210275	3182
33909	1210275	2973
33912	1224125	1555
33913	1224125	1843
33914	1210275	3180
33916	1224125	1869
33928	1221150	1936
33966	1224125	609
33990	1210275	2607
33991	1210275	1923
33993	1210275	4096
34110	1207525	40
34134	1207525	1390
34135	1207525	3416
34205	1207950	3413
34208	1207950	3459
34209	1207950	3457
34234	1264175	2600
34236	1264175	1335
34237	1264175	1451
34239	1264175	1803
34285	1273900	2224
34286	1249675	2688
34287	1249675	3136
34288	1249675	3198
34289	1249675	185
34291	1249675	1384
34292	1273900	1302
34293	1249675	4518
34470	1250750	2717
34471	1250750	4096
34474	1250750	1632
34475	1250750	2323
34480	1250750	2728
34482	1250750	2933
34689	1271150	3266
34698	1218575	3767
34711	1212925	4691
34736	1227800	2828
34737	1227800	752
34741	1236950	3074
34744	1236950	4067
34746	1236950	3826
34748	1239875	5374
34761	1251075	3354
34762	1239875	294
34769	1262625	3298
34771	1262625	2549
34772	1262625	2298
34788	1239875	2762
34945	1258715	1078
34947	1224300	1974
34949	1224300	702
34950	1224300	2296
34952	1258715	3572
34953	1258715	6298
34981	1224300	798
34982	1224300	2658
34983	1258715	3498
34984	1258715	1500
34986	1258715	2227
34987	1258715	1818
35007	0100820	3160
35061	0107000	339
35114	0100820	792
35124	0158848	2595
35130	0107000	354
35173	0176944	3206
35203	0107000	1063
35204	0107000	2461
35205	0107000	1884
35206	0107000	2662
35207	0107000	2084
35208	0107000	2233
35209	0135800	2539
35211	0107000	3430
35212	0107000	1976
35214	0107000	3364
35215	0107000	4699
35216	0178552	2992
35218	0107000	1781
35221	0107000	1196
35222	0107000	1516
35224	0107000	1904
35226	0135896	3341
35229	0135800	2
35233	0107000	687
35234	0107000	1539
35235	0107000	1889
35242	0135896	4989
35243	0178552	2153
35244	0135896	2790
35254	0107000	5
35401	0177256	4424
35404	0177256	2705
35405	0177256	3819
35406	0177256	2044
35452	0155200	776
35456	0177256	902
35473	0155200	2410
35475	0155200	3004
35476	0155200	1195
35487	0177256	12
35601	0120104	4817
35603	0120104	3435
35611	0102956	4203
35613	0102956	2932
35614	0102956	1325
35630	0126896	4632
35632	0126896	2
35671	0120104	623
35741	0137000	655
35748	0137000	1792
35754	0137000	931
35756	0137000	2687
35757	0137000	1639
35758	0145784	4486
35763	0137000	2607
35773	0137000	2007
35801	0137000	3609
35802	0137000	2027
35803	0137000	3061
35805	0137000	2262
35806	0137000	2487
35810	0137000	3121
35811	0137000	3705
35816	0137000	1272
35824	0137000	837
35896	0137000	3
35901	0128696	3371
35904	0128696	2701
36043	0151000	579
36066	0162328	1400
36067	0162328	3350
36101	0151000	3
36104	0151000	2099
36105	0151000	1331
36106	0151000	1800
36107	0151000	1072
36108	0151000	2892
36109	0151000	2145
36110	0151000	1326
36111	0151000	1078
36112	0151000	73
36113	0151000	118
36114	0151000	8
36115	0151000	58
36116	0151000	2995
36117	0151000	4300
36130	0151000	6
36301	0121184	5311
36303	0121184	4593
36305	0121184	1470
36330	0124184	4014
36526	0119648	3402
36532	0125240	4869
36535	0126992	4385
36559	0125240	35
36582	0150000	3326
36602	0150000	500
36603	0150000	1598
36604	0150000	1164
36605	0150000	3108
36606	0150000	1967
36607	0150000	906
36608	0150000	4240
36609	0150000	2007
36615	0150000	117
36617	0150000	1517
36618	0150000	1960
36688	0150000	9
36693	0150000	2011
36695	0150000	4564
36801	0157048	3201
36804	0157048	2616
36830	0103076	3678
36832	0103076	1796
36849	0103076	52
36867	0159472	2257
36869	0159472	2320
36870	0159472	1960
36875	0159472	854
36879	0103076	396
37013	4752006	5264
37014	4769420	292
37027	4708280	5242
37040	4715160	4628
37042	4715160	5554
37043	4715160	4442
37064	4727740	5519
37066	4728540	4907
37067	4727740	2250
37069	4727740	1784
37072	4752006	2271
37075	4733280	5257
37076	4752006	2693
37080	4752006	414
37086	4741200	2648
37087	4741520	5157
37090	4741520	2630
37115	4752006	2412
37122	4750780	5374
37127	4751560	1723
37128	4751560	4507
37129	4751560	5379
37130	4751560	4170
37132	4751560	22
37138	4752006	2288
37160	4767760	4171
37167	4769420	4951
37174	4770580	3285
37189	4752006	357
37201	4752006	210
37203	4752006	1846
37204	4752006	1238
37205	4752006	1938
37206	4752006	2324
37207	4752006	2837
37208	4752006	1805
37209	4752006	3284
37210	4752006	1609
37211	4752006	4313
37212	4752006	1203
37213	4752006	100
37214	4752006	2387
37216	4752006	1384
37217	4752006	1637
37218	4752006	1305
37219	4752006	114
37221	4752006	2907
37228	4752006	67
37232	4752006	16
37238	4752006	1
37311	4715400	3657
37312	4715400	3678
37343	4714000	3743
37351	4714000	39
37402	4714000	429
37403	4714000	627
37404	4714000	2418
37405	4714000	1702
37406	4714000	1954
37407	4714000	1590
37408	4714000	704
37409	4714000	666
37410	4714000	698
37411	4714000	2001
37415	4714000	2191
37416	4714000	1465
37419	4714000	763
37421	4714000	4058
37450	4714000	1
37601	4738320	3125
37604	4738320	3940
37614	4738320	19
37615	4738320	2883
37618	4708540	1890
37620	4708540	5123
37660	4739560	4919
37663	4739560	1959
37664	4739560	3299
37665	4739560	714
37686	4738320	1098
37801	4746380	3218
37803	4746380	3971
37804	4746380	3185
37813	4750280	2512
37814	4750280	4112
37830	4755120	2591
37877	4750280	660
37902	4740000	274
37909	4740000	1198
37912	4740000	1849
37914	4740000	2948
37915	4740000	531
37916	4740000	555
37917	4740000	3384
37918	4740000	4337
37919	4740000	3151
37920	4740000	5355
37921	4740000	3567
37922	4740000	3510
37923	4740000	2314
37924	4740000	1696
37929	4740000	2
37932	4725760	1729
37934	4725760	2388
38016	4748000	4316
38017	4716420	5279
38018	4748000	3231
38029	4703440	1
38103	4748000	1347
38104	4748000	1855
38105	4748000	661
38106	4748000	3008
38107	4748000	1758
38108	4748000	1711
38109	4748000	4699
38111	4748000	3000
38112	4748000	1359
38113	4748000	80
38114	4748000	2341
38115	4748000	2451
38116	4748000	3490
38117	4748000	2543
38118	4748000	3542
38119	4748000	2157
38120	4748000	1522
38122	4748000	1921
38125	4748000	3286
38126	4748000	919
38127	4748000	3710
38128	4748000	3632
38131	4748000	37
38132	4748000	85
38133	4703440	2025
38134	4748000	3256
38135	4703440	2673
38138	4728960	3050
38139	4728960	1719
38141	4748000	1995
38152	4748000	8
38301	4737640	4665
38305	4737640	5435
38401	4716540	7249
38501	4716920	4839
38503	4716920	1
38505	4716920	13
38506	4716920	3746
38637	2833700	2068
38654	2854040	5675
38655	2854840	5223
38671	2869280	3147
38672	2869280	1517
38701	2829180	3392
38703	2829180	1694
38801	2874840	3984
38804	2874840	2914
38826	2874840	534
39041	2814420	1082
39042	2808300	4583
39056	2814420	2682
39058	2814420	2
39110	2844520	4820
39174	2836000	27
39201	2836000	452
39202	2836000	1220
39203	2836000	1044
39204	2836000	1662
39206	2836000	1859
39208	2855760	3182
39209	2836000	3162
39210	2836000	1
39211	2836000	2206
39212	2836000	2797
39213	2836000	2549
39216	2836000	513
39217	2836000	6
39269	2836000	1
39301	2846640	5299
39305	2846640	3098
39307	2846640	3012
39401	2831020	6481
39402	2831020	1408
39406	2831020	26
39501	2829700	4007
39503	2829700	5537
39507	2829700	1925
39530	2806220	1484
39531	2806220	1313
39532	2806220	2311
39534	2806220	26
39759	2870240	5959
40023	2148006	405
40059	2148006	1135
40118	2148006	702
40214	2148006	2954
40216	2148006	3145
40218	2148006	1863
40219	2148006	2441
40220	2148006	2283
40222	2148006	1991
40223	2148006	2118
40228	2148006	1383
40229	2148006	1926
40241	2148006	2344
40245	2148006	2832
40258	2148006	2162
40272	2148006	2788
40291	2148006	3317
40299	2148006	3844
40324	2130700	4465
40356	2156136	4010
40475	2165226	5571
40502	2146027	1941
40503	2146027	1959
40504	2146027	1270
40505	2146027	1982
40507	2146027	305
40508	2146027	1685
40509	2146027	2755
40510	2146027	271
40511	2146027	2434
40513	2146027	907
40514	2146027	999
40515	2146027	2531
40516	2146027	331
40517	2146027	1743
40526	2146027	4
40536	2146027	2
40601	2128900	5904
41011	2117848	2431
41014	2117848	692
41042	2127982	3191
41051	2139142	2326
42001	2158836	4016
42003	2158836	4118
42101	2108902	5507
42103	2108902	2040
42104	2108902	2973
42122	2108902	683
42240	2137918	6540
42301	2158620	5279
42303	2158620	4573
42420	2135866	4328
42701	2124274	6430
42724	2124274	927
43002	3918000	126
43004	3918000	1842
43015	3921434	4784
43016	3922694	3110
43017	3922694	3308
43026	3935476	4400
43035	3918000	2340
43040	3948160	3279
43055	3954040	7540
43068	3966390	3972
43081	3983342	5058
43082	3983342	2653
43109	3918000	23
43110	3918000	3054
43119	3918000	2057
43123	3932592	5621
43130	3941720	6817
43137	3918000	323
43147	3962498	3454
43201	3918000	1589
43202	3918000	1072
43203	3918000	729
43204	3918000	2789
43205	3918000	1369
43206	3918000	2301
43207	3918000	4053
43209	3918000	1982
43210	3918000	215
43211	3918000	1701
43212	3918000	1408
43213	3918000	2084
43214	3918000	1648
43215	3918000	2048
43217	3918000	198
43218	3918000	2
43219	3918000	2654
43220	3979002	2176
43221	3979002	2757
43222	3918000	477
43223	3918000	2078
43224	3918000	2544
43227	3918000	1418
43228	3918000	3581
43229	3918000	2772
43230	3929106	4419
43231	3918000	1297
43232	3918000	2700
43235	3918000	3125
43240	3918000	364
43302	3947754	5155
43402	3907972	3415
43403	3907972	23
43551	3962148	4181
43604	3977000	1483
43605	3977000	2180
43606	3977000	2018
43607	3977000	2004
43608	3977000	1438
43609	3977000	1660
43610	3977000	452
43611	3977000	1821
43612	3977000	2055
43613	3977000	2296
43614	3977000	2235
43615	3977000	3066
43620	3977000	390
43623	3977000	1669
43701	3988084	6594
44011	3903352	1790
44012	3903464	1748
44035	3925256	4732
44039	3956966	2351
44052	3944856	2461
44053	3944856	1494
44055	3944856	1609
44060	3949056	4799
44070	3956882	1533
44101	3916000	7
44102	3916000	2792
44103	3916000	1709
44104	3916000	1872
44105	3916000	2885
44106	3916000	1567
44107	3941664	1770
44108	3916000	1652
44109	3916000	2614
44110	3916000	1471
44111	3916000	2198
44113	3916000	2116
44114	3916000	829
44115	3916000	695
44117	3925704	545
44118	3916014	1811
44119	3916000	820
44120	3971682	1646
44123	3925704	780
44125	3929428	1812
44127	3916000	755
44129	3961000	1452
44132	3925704	731
44133	3957008	1867
44134	3961000	1883
44135	3916000	1635
44136	3975098	1757
44145	3983622	2097
44149	3975098	1529
44212	3909680	2784
44221	3919778	2367
44223	3919778	1589
44224	3974944	2778
44232	3931860	6
44240	3939872	3471
44243	3939872	45
44256	3948790	4348
44301	3901000	1465
44302	3901000	447
44303	3901000	677
44304	3901000	482
44305	3901000	2205
44306	3901000	2063
44307	3901000	799
44308	3901000	243
44310	3901000	1705
44311	3901000	759
44312	3931860	3227
44313	3901000	2171
44314	3901000	1748
44320	3901000	1861
44325	3901000	12
44483	3980892	2626
44485	3980892	1451
44502	3988000	1768
44503	3988000	224
44504	3988000	399
44505	3988000	2610
44506	3988000	647
44507	3988000	658
44509	3988000	1162
44510	3988000	503
44511	3988000	1694
44512	3988000	2328
44555	3988000	2
44646	3948244	5717
44647	3948244	2429
44685	3931860	2807
44691	3986548	5541
44702	3912000	529
44703	3912000	1925
44704	3912000	1353
44705	3912000	2866
44706	3912000	3007
44707	3912000	2725
44708	3912000	3304
44709	3912000	2084
44710	3912000	1166
44714	3912000	1131
44718	3912000	1536
44720	3931860	4787
44730	3912000	1063
44901	3947138	1
44902	3947138	1144
44903	3947138	4096
44905	3947138	1555
44906	3947138	2313
44907	3947138	1473
45011	3933012	5986
45013	3933012	4574
45014	3925970	3343
45015	3933012	1019
45040	3948188	4075
45042	3949840	2386
45044	3949840	4438
45202	3915000	2074
45203	3915000	275
45204	3915000	596
45205	3915000	845
45206	3915000	939
45207	3915000	377
45208	3915000	1209
45209	3915000	589
45211	3915000	1795
45213	3915000	802
45214	3915000	1098
45216	3915000	858
45219	3915000	924
45220	3915000	659
45223	3915000	1075
45224	3915000	1157
45225	3915000	536
45226	3915000	642
45227	3915000	1724
45229	3915000	694
45230	3915000	1969
45232	3915000	341
45237	3915000	1164
45238	3915000	2229
45267	3915000	1
45301	3904720	24
45324	3925914	3588
45373	3977588	4391
45385	3986772	4339
45402	3921000	2042
45403	3921000	1533
45404	3921000	1469
45405	3921000	1624
45406	3921000	2160
45409	3940040	909
45410	3921000	1413
45414	3921000	2569
45417	3921000	4371
45420	3940040	2060
45424	3936610	4377
45428	3921000	8
45429	3940040	2698
45430	3904720	869
45431	3904720	2344
45432	3904720	1454
45434	3904720	1324
45440	3940040	1854
45458	3913190	3148
45459	3913190	3092
45469	3921000	3
45501	3974118	1
45502	3974118	1980
45503	3974118	3323
45504	3974118	2151
45505	3974118	2146
45506	3974118	1695
45701	3902736	3397
45801	3943554	3233
45804	3943554	2634
45805	3943554	2733
45840	3927048	6291
46011	1801468	2387
46012	1801468	2711
46013	1801468	2356
46016	1801468	3019
46032	1810342	4762
46033	1810342	3632
46037	1823278	3796
46038	1823278	3846
46060	1854180	4859
46062	1854180	3717
46069	1886372	1768
46074	1882700	4672
46077	1886372	3776
46112	1808416	3758
46113	1836003	593
46123	1802908	3674
46131	1825450	4485
46140	1829520	5097
46142	1829898	3192
46143	1829898	5329
46168	1860246	3628
46183	1836003	19
46201	1836003	2559
46202	1836003	2658
46203	1836003	3872
46204	1836003	784
46205	1836003	2214
46206	1836003	1
46208	1836003	2104
46214	1836003	1889
46216	1842426	334
46217	1836003	2711
46218	1836003	3327
46219	1836003	3145
46220	1836003	3444
46221	1836003	2516
46222	1836003	3043
46224	1836003	2250
46225	1836003	1252
46226	1836003	3623
46227	1836003	4350
46228	1836003	1624
46229	1836003	2414
46231	1836003	1065
46234	1836003	2605
46235	1836003	2205
46236	1842426	2571
46237	1836003	3484
46239	1836003	2450
46240	1836003	2081
46241	1836003	3419
46250	1836003	1795
46254	1836003	2832
46256	1836003	2413
46259	1836003	1127
46260	1836003	2818
46268	1836003	2452
46278	1836003	1171
46280	1810342	801
46290	1810342	50
46307	1816138	6965
46312	1819486	1867
46320	1831000	1258
46323	1831000	1530
46324	1831000	1784
46327	1831000	839
46342	1834114	3214
46360	1848798	6367
46368	1861092	3643
46375	1868220	2006
46383	1878326	4673
46385	1878326	4514
46394	1831000	916
46402	1827000	1052
46403	1827000	1598
46404	1827000	2600
46406	1827000	1533
46407	1827000	2322
46408	1827000	1944
46409	1827000	1188
46410	1848528	3347
46514	1820728	5578
46516	1820728	4909
46517	1820728	2944
46526	1828386	3717
46528	1828386	3220
46544	1849932	3917
46545	1849932	3191
46601	1871000	1068
46613	1871000	1912
46614	1871000	3635
46615	1871000	1608
46616	1871000	812
46617	1871000	1559
46619	1871000	2392
46628	1871000	4086
46637	1871000	2132
46802	1825000	1533
46803	1825000	1838
46804	1825000	2897
46805	1825000	1895
46806	1825000	2307
46807	1825000	1429
46808	1825000	2128
46809	1825000	1169
46814	1825000	1591
46815	1825000	2426
46816	1825000	1524
46818	1825000	2256
46819	1825000	893
46825	1825000	2576
46835	1825000	2899
46845	1825000	2665
46901	1840392	5878
46902	1840392	4347
46952	1846908	3353
46953	1846908	4266
46965	1840392	10
47130	1838358	4626
47150	1852326	4916
47201	1814734	7891
47203	1814734	3613
47302	1851876	4466
47303	1851876	3732
47304	1851876	3615
47305	1851876	833
47306	1851876	15
47374	1864260	5627
47403	1805860	3232
47404	1805860	2843
47405	1805860	71
47406	1805860	60
47408	1805860	1947
47708	1822000	280
47710	1822000	2137
47711	1822000	3822
47712	1822000	2660
47713	1822000	1282
47714	1822000	3101
47715	1822000	2827
47720	1822000	2005
47802	1875428	6028
47803	1875428	3315
47804	1875428	2240
47807	1875428	2499
47809	1875428	23
47901	1840788	447
47904	1840788	1823
47905	1840788	5056
47906	1882862	5228
47907	1882862	59
48021	2624290	2228
48033	2674900	1103
48034	2674900	723
48035	2670760	2550
48045	2670760	1908
48060	2665820	4615
48066	2669800	3239
48067	2670040	2336
48071	2650560	2133
48073	2670040	2494
48075	2674900	1757
48076	2674900	2326
48080	2670760	1416
48081	2670760	1318
48082	2670760	816
48083	2680700	1835
48084	2680700	1033
48085	2680700	2002
48088	2684000	1426
48089	2684000	2397
48091	2684000	2484
48092	2684000	1920
48093	2684000	2012
48098	2680700	2021
48101	2601380	2048
48103	2603000	5186
48104	2603000	2676
48105	2603000	2794
48108	2603000	1850
48109	2603000	127
48120	2621000	545
48124	2621000	2669
48125	2621020	1786
48126	2621000	2427
48127	2621020	2639
48128	2621000	893
48135	2631420	2296
48146	2647800	2753
48150	2649000	2464
48152	2649000	2860
48154	2649000	3022
48167	2659440	2807
48180	2679000	4668
48185	2686000	3268
48186	2686000	2884
48195	2674960	2097
48201	2622000	946
48202	2622000	1319
48203	2622000	2635
48204	2622000	2491
48205	2622000	3324
48206	2622000	1362
48207	2622000	2132
48208	2622000	1706
48209	2622000	2163
48210	2622000	2330
48211	2622000	1475
48212	2622000	2617
48213	2622000	2694
48214	2622000	1895
48215	2622000	1215
48216	2622000	1007
48217	2622000	751
48219	2622000	3324
48221	2622000	2469
48223	2622000	2294
48224	2622000	2800
48226	2622000	699
48227	2622000	3165
48228	2622000	3226
48233	2622000	1
48234	2622000	3011
48235	2622000	3211
48237	2659920	1760
48238	2622000	2498
48239	2622000	3191
48240	2622000	1384
48243	2622000	4
48302	2665440	2114
48306	2669035	2546
48307	2669035	3216
48309	2669035	2549
48310	2676460	2812
48312	2676460	2628
48313	2676460	2618
48314	2676460	1609
48322	2627440	2705
48326	2604105	1435
48331	2627440	1904
48334	2627440	1631
48335	2627440	1518
48336	2627440	2262
48340	2665440	1685
48341	2665440	1602
48342	2665440	1718
48359	2604105	743
48374	2659440	1339
48375	2659440	1742
48377	2659440	1289
48502	2629000	260
48503	2629000	3511
48504	2629000	3056
48505	2629000	3106
48506	2629000	3106
48507	2629000	3022
48509	2612060	939
48519	2612060	728
48529	2612060	1040
48532	2629000	1704
48601	2670520	6016
48602	2670520	3878
48607	2670520	645
48638	2670520	1205
48640	2653780	4034
48642	2653780	3352
48706	2606020	5372
48708	2606020	4081
48823	2624120	2999
48824	2624120	19
48825	2624120	32
48906	2646000	1865
48910	2646000	3167
48911	2646000	2440
48912	2646000	1579
48915	2646000	1001
48933	2646000	359
49001	2642160	2166
49002	2665560	2178
49004	2642160	1586
49006	2642160	1582
49007	2642160	1344
49008	2642160	1469
49009	2642160	3840
49014	2605920	2598
49015	2605920	2447
49017	2605920	2343
49024	2665560	2585
49034	2605920	431
49037	2605920	2490
49074	2642160	1
49202	2641420	1946
49203	2641420	4224
49423	2638640	2462
49440	2656320	199
49441	2659140	3992
49442	2656320	4384
49443	2656320	2
49444	2659140	3237
49503	2634000	2851
49504	2634000	3370
49505	2634000	2384
49506	2634000	2598
49507	2634000	2291
49508	2642820	2684
49509	2688940	1699
49512	2642820	1329
49519	2688940	1671
49534	2682960	2015
49544	2682960	1098
49548	2688940	2443
50010	1901855	3326
50012	1901855	2
50013	1901855	10
50014	1901855	1984
50021	1902305	2455
50023	1902305	3368
50038	1983910	54
50061	1983910	104
50131	1939765	2084
50158	1949755	4071
50261	1983910	379
50263	1982695	2214
50265	1983910	2391
50266	1983910	2190
50309	1921000	1126
50310	1921000	2034
50311	1921000	904
50312	1921000	1275
50313	1921000	1885
50314	1921000	1098
50315	1921000	2827
50316	1921000	1307
50317	1921000	3286
50319	1921000	22
50320	1921000	1242
50321	1921000	723
50322	1979950	2770
50323	1979950	1499
50401	1950160	4517
50613	1911755	5212
50701	1982425	3868
50702	1982425	2287
50703	1982425	3578
51101	1973335	480
51103	1973335	2519
51104	1973335	2179
51105	1973335	1494
51106	1973335	3507
51108	1973335	670
51109	1973335	516
51111	1973335	284
51501	1916860	3904
51503	1916860	4408
52001	1922395	4548
52002	1922395	1602
52003	1922395	1839
52240	1938595	3582
52242	1938595	59
52245	1938595	1967
52246	1938595	1497
52302	1949485	4476
52401	1912000	554
52402	1912000	3290
52403	1912000	2611
52404	1912000	4166
52405	1912000	2457
52411	1912000	1037
52501	1960465	5486
52722	1906355	4681
52801	1919000	180
52802	1919000	1865
52803	1919000	3208
52804	1919000	3193
52806	1919000	2995
52807	1919000	1704
53005	5510025	2936
53045	5510025	2769
53051	5551000	4147
53081	5572975	4496
53083	5572975	2732
53090	5585350	2078
53092	5551150	2801
53095	5585350	2791
53097	5551150	840
53108	5511950	433
53132	5527300	2869
53140	5539225	2650
53143	5539225	1746
53146	5556375	1021
53150	5555275	2897
53151	5556375	3156
53154	5558800	2647
53177	5554875	765
53186	5584250	2888
53188	5584250	3105
53189	5584250	2903
53202	5553000	1041
53203	5553000	159
53204	5553000	1664
53205	5553000	840
53206	5553000	1453
53207	5553000	2557
53208	5553000	1936
53209	5553000	3007
53210	5553000	1444
53211	5553000	1620
53212	5553000	1760
53213	5584675	1874
53214	5585300	2242
53215	5553000	2295
53216	5553000	1928
53218	5553000	2208
53219	5553000	2331
53220	5531175	1819
53221	5553000	2255
53222	5553000	1985
53223	5553000	1803
53224	5553000	1176
53225	5553000	1498
53226	5584675	1579
53227	5585300	1501
53228	5531175	1207
53233	5553000	628
53295	5553000	3
53402	5511950	3026
53403	5554875	2519
53404	5566000	1245
53405	5566000	2192
53406	5554875	2137
53511	5506500	5387
53545	5537825	2853
53546	5537825	3579
53548	5537825	2631
53575	5525950	1817
53590	5578600	3899
53703	5548000	1047
53704	5548000	3789
53705	5548000	1863
53706	5548000	129
53711	5525950	3892
53713	5548000	1379
53714	5548000	1350
53715	5548000	748
53716	5548000	1772
53717	5548000	859
53718	5548000	1479
53719	5548000	2034
53726	5548000	335
53792	5548000	5
54220	5548500	5228
54229	5531000	797
54302	5531000	2337
54303	5531000	2215
54311	5531000	3330
54403	5584475	4209
54481	5577200	3880
54482	5577200	1480
54601	5540775	4798
54603	5540775	1741
54701	5522300	4515
54703	5522300	4996
54874	5578650	1255
54880	5578650	5875
54901	5560500	3200
54902	5560500	2532
54904	5560500	2559
54911	5502375	2712
54913	5502375	2514
54914	5502375	3116
54915	5502375	2104
54935	5526275	3675
54937	5526275	2837
54956	5555750	4794
54985	5560500	13
55016	2713456	2724
55021	2720546	4541
55024	2720618	3274
55044	2735180	5156
55060	2749300	4232
55068	2755726	2791
55076	2731076	1899
55077	2731076	1299
55101	2758000	359
55102	2758000	1249
55103	2758000	816
55104	2758000	2401
55105	2758000	1307
55106	2758000	2883
55107	2758000	1302
55108	2758000	881
55109	2740382	2360
55113	2755852	2945
55114	2758000	311
55116	2758000	1369
55117	2758000	2643
55119	2740382	2452
55121	2717288	725
55122	2717288	2220
55123	2717288	2002
55124	2701900	3695
55125	2771428	2902
55126	2759998	2106
55128	2747680	2565
55129	2771428	1861
55130	2758000	749
55155	2758000	24
55303	2753026	5906
55305	2743252	1623
55306	2708794	1103
55311	2740166	2950
55317	2710918	2051
55318	2710972	2695
55330	2718674	3855
55337	2708794	3059
55343	2743252	1752
55344	2718116	892
55345	2743252	2441
55346	2718116	1522
55347	2718116	2458
55369	2740166	3367
55372	2752594	3445
55378	2758738	2566
55379	2759350	3634
55401	2743000	304
55402	2743000	77
55403	2743000	638
55404	2743000	931
55405	2743000	1012
55406	2743000	2399
55407	2743000	1702
55408	2743000	1077
55409	2743000	661
55410	2743000	1464
55411	2743000	2134
55412	2743000	1449
55413	2743000	1064
55414	2743000	1165
55415	2743000	249
55416	2757220	2153
55417	2743000	1844
55418	2743000	2229
55419	2743000	1816
55420	2706616	1744
55423	2754214	2881
55424	2718188	884
55425	2706616	594
55426	2757220	1805
55428	2707966	2329
55429	2707948	1779
55430	2707948	1588
55431	2706616	1724
55432	2722814	2675
55433	2713114	2719
55434	2706382	2539
55435	2718188	587
55436	2718188	1230
55437	2706616	1444
55438	2706616	1407
55439	2718188	893
55441	2751730	1520
55442	2751730	1222
55443	2707966	2106
55444	2707966	1168
55445	2707966	845
55446	2751730	1909
55447	2751730	2050
55448	2713114	2369
55449	2706382	2631
55450	2743000	65
55454	2743000	206
55455	2743000	110
55802	2717000	460
55804	2717000	2069
55805	2717000	770
55806	2717000	1238
55807	2717000	1452
55808	2717000	1051
55812	2717000	848
55901	2754880	4578
55902	2754880	2962
55904	2754880	3228
55905	2754880	1
55906	2754880	2197
55912	2702908	4653
55987	2771032	4182
56001	2739878	5351
56301	2756896	3578
56303	2756896	2769
56304	2756896	961
56560	2743864	4433
56562	2743864	1
56563	2743864	4
57006	4607580	2954
57007	4607580	12
57103	4659020	3411
57104	4659020	3001
57105	4659020	2881
57106	4659020	3099
57107	4659020	1535
57108	4659020	92
57110	4659020	2198
57197	4659020	4
57401	4600100	4564
57701	4652980	4590
57702	4652980	4708
57703	4652980	2095
58078	3884780	2857
58102	3825700	3427
58103	3825700	3741
58104	3825700	2717
58105	3825700	26
58201	3832060	3516
58202	3832060	40
58203	3832060	2062
58501	3807200	4377
58503	3807200	4389
58504	3807200	3782
58505	3807200	3
58554	3849900	4083
58601	3819620	5004
58701	3853380	4347
58703	3853380	2802
58707	3853380	7
58801	3886220	4901
59102	3006550	5128
59105	3006550	3455
59106	3006550	3348
59401	3032800	1591
59404	3032800	3570
59405	3032800	4072
59601	3035600	4590
59625	3035600	6
59701	3011397	5923
59715	3008950	5630
59727	3011397	73
59743	3011397	55
59748	3011397	72
59750	3011397	89
59759	3011397	11
59801	3050200	3588
59802	3050200	2666
59803	3050200	1759
59808	3050200	2988
59812	3050200	9
59901	3040075	8205
60004	1702154	3501
60005	1702154	1896
60007	1723256	2390
60012	1717887	1331
60014	1717887	4194
60016	1719642	2884
60018	1714000	1679
60025	1729938	2898
60026	1729938	858
60031	1732018	3366
60035	1734722	2484
60050	1745694	3235
60056	1751089	3249
60060	1751349	3015
60061	1777694	1622
60062	1753481	3459
60064	1753559	1031
60067	1757225	3549
60068	1757875	2911
60074	1757225	1785
60076	1770122	2471
60077	1770122	1766
60085	1779293	3945
60087	1779293	2151
60088	1753559	764
60089	1709447	2428
60090	1781087	1987
60091	1782075	2179
60098	1783349	3638
60101	1700243	2403
60102	1700685	2750
60103	1704013	2831
60107	1773157	2081
60110	1711358	1718
60115	1719161	3105
60120	1723074	3336
60123	1723074	3409
60124	1723074	2295
60126	1723620	2889
60133	1732746	1927
60137	1729756	2764
60139	1729730	1457
60142	1736750	2683
60148	1744407	3207
60156	1741183	1809
60169	1735411	1718
60173	1768003	781
60174	1766703	3194
60177	1770720	1654
60185	1780060	2818
60187	1781048	2530
60188	1711332	2151
60189	1781048	2212
60192	1735411	1102
60193	1768003	2972
60194	1768003	1215
60195	1768003	207
60201	1724582	2514
60202	1724582	1656
60203	1770122	328
60208	1724582	41
60301	1754885	72
60302	1754885	1773
60304	1754885	1052
60402	1705573	3099
60409	1710487	2456
60411	1714026	5177
60431	1738570	1843
60432	1738570	1998
60433	1738570	1827
60435	1738570	3456
60436	1738570	1647
60438	1742028	2546
60440	1707133	2903
60441	1744225	3438
60446	1765442	2241
60451	1752584	3178
60452	1754638	1879
60453	1754820	3843
60459	1709642	1932
60462	1756640	3419
60467	1756640	2614
60477	1775484	2857
60487	1775484	1858
60490	1707133	1268
60502	1703012	1298
60503	1703012	793
60504	1703012	1887
60505	1703012	3262
60506	1703012	3711
60510	1704078	2741
60512	1784038	268
60515	1720591	2254
60516	1720591	2158
60517	1783245	1780
60519	1703012	13
60539	1704078	53
60540	1751622	3573
60543	1756887	3300
60544	1760287	2654
60560	1784038	3270
60563	1751622	2218
60564	1751622	2928
60565	1751622	2708
60585	1760287	1734
60586	1738570	2940
60601	1714000	120
60602	1714000	75
60603	1714000	77
60604	1714000	54
60605	1714000	382
60606	1714000	161
60607	1714000	1200
60608	1714000	2785
60609	1714000	3073
60610	1714000	748
60611	1714000	391
60612	1714000	1897
60613	1714000	1091
60614	1714000	1845
60615	1714000	966
60616	1714000	1594
60617	1714000	4707
60618	1714000	2974
60619	1714000	3228
60620	1714000	3588
60621	1714000	1943
60622	1714000	1991
60623	1714000	2545
60624	1714000	1615
60625	1714000	2126
60626	1714000	977
60628	1714000	4499
60629	1714000	3713
60630	1714000	2548
60631	1714000	1870
60632	1714000	2969
60633	1714000	1012
60634	1714000	3100
60636	1714000	2145
60637	1714000	1721
60638	1714000	3412
60639	1714000	2546
60640	1714000	1188
60641	1714000	2283
60642	1714000	820
60643	1714000	3494
60644	1714000	1614
60645	1714000	1286
60646	1714000	1966
60647	1714000	2640
60649	1714000	1406
60651	1714000	2097
60652	1714000	2356
60653	1714000	1092
60654	1714000	396
60655	1714000	1780
60656	1714000	1383
60657	1714000	1452
60659	1714000	1181
60660	1714000	780
60661	1714000	215
60714	1753000	1762
60804	1714351	2939
61008	1705092	3730
61101	1765000	3050
61102	1765000	3052
61103	1765000	2635
61104	1765000	2276
61107	1765000	3551
61108	1765000	3105
61109	1765000	3361
61114	1765000	1584
61201	1765078	4203
61265	1749867	4862
61401	1728326	4060
61402	1728326	10
61528	1759000	456
61554	1758447	5597
61602	1759000	408
61603	1759000	1694
61604	1759000	2952
61605	1759000	1885
61606	1759000	521
61614	1759000	2727
61615	1759000	2482
61625	1759000	4
61701	1706613	4036
61704	1706613	2763
61705	1706613	1776
61761	1753234	3346
61801	1777005	2174
61802	1777005	2449
61820	1712385	2398
61821	1712385	2885
61822	1712385	2619
61832	1718563	5493
61834	1718563	1694
62002	1701114	5004
62025	1722697	4397
62026	1722697	3
62040	1730926	4739
62220	1704845	2971
62223	1704845	2341
62269	1755249	3977
62301	1762367	3715
62305	1762367	3607
62521	1718823	5656
62522	1718823	1889
62523	1718823	238
62526	1718823	4279
62701	1772000	183
62702	1772000	4160
62703	1772000	3858
62704	1772000	3648
62706	1772000	2
62707	1772000	1666
62711	1772000	2103
62712	1772000	1276
63005	2979820	2159
63011	2903160	3266
63017	2913600	3759
63021	2903160	4142
63031	2924778	3863
63033	2924778	3397
63038	2979820	1006
63040	2979820	653
63043	2946586	1823
63069	2979820	603
63101	2965000	322
63102	2965000	685
63103	2965000	1056
63104	2965000	2033
63106	2965000	1605
63107	2965000	1619
63108	2965000	884
63109	2965000	1778
63110	2965000	1656
63111	2965000	1903
63112	2965000	1047
63113	2965000	1191
63115	2965000	1576
63116	2965000	2809
63118	2965000	2007
63120	2965000	868
63122	2939044	3857
63130	2975220	2106
63139	2965000	1873
63146	2946586	2547
63147	2965000	1315
63155	2965000	1
63301	2964082	6006
63303	2964082	4524
63366	2954074	5286
63368	2954074	3686
63376	2965126	6703
63385	2978442	5493
63701	2911242	5855
63703	2911242	1381
64012	2904384	3366
64014	2906652	2565
64015	2906652	3425
64016	2935000	673
64030	2928324	2252
64050	2935000	2345
64052	2935000	2244
64053	2935000	659
64055	2935000	3442
64056	2935000	1536
64057	2935000	1445
64063	2941348	2145
64064	2941348	1939
64068	2942032	4349
64081	2941348	2167
64082	2941348	1385
64083	2960752	2347
64086	2941348	2388
64101	2938000	173
64102	2938000	58
64105	2938000	405
64106	2938000	847
64108	2938000	1676
64109	2938000	1054
64110	2938000	1401
64111	2938000	1388
64112	2938000	688
64113	2938000	1225
64114	2938000	2504
64116	2938000	2161
64117	2938000	1344
64118	2938000	3617
64119	2938000	2984
64120	2938000	550
64123	2938000	700
64124	2938000	973
64125	2938000	397
64126	2938000	710
64127	2938000	2378
64128	2938000	1321
64129	2938000	1541
64130	2938000	2436
64131	2938000	2003
64132	2938000	1658
64133	2938000	3780
64134	2938000	1819
64136	2938000	240
64137	2938000	889
64138	2938000	2225
64139	2938000	248
64145	2938000	699
64146	2938000	204
64147	2938000	159
64149	2938000	117
64151	2938000	10
64154	2938000	6
64155	2938000	2313
64156	2938000	738
64157	2938000	1762
64158	2938000	373
64161	2938000	285
64165	2938000	65
64166	2938000	74
64167	2938000	58
64501	2964550	2586
64503	2964550	2164
64504	2964550	2427
64505	2964550	1861
64506	2964550	2213
64507	2964550	2492
64801	2937592	6347
64804	2937592	3169
65101	2937000	3688
65109	2937000	4472
65201	2915670	4444
65202	2915670	6059
65203	2915670	6675
65215	2915670	4
65216	2915670	2
65714	2952616	3992
65801	2970000	2
65802	2970000	6175
65803	2970000	6183
65804	2970000	4376
65806	2970000	1192
65807	2970000	5165
65809	2970000	1839
65810	2970000	2235
65897	2970000	2
66013	2053775	424
66027	2039000	294
66030	2025425	2258
66031	2025425	53
66044	2038900	2549
66045	2038900	87
66046	2038900	1697
66047	2038900	1683
66048	2039000	4865
66049	2038900	2845
66061	2052575	5920
66062	2052575	5837
66085	2053775	1371
66101	2036000	1462
66102	2036000	2945
66103	2036000	1525
66104	2036000	3095
66105	2036000	611
66106	2036000	2763
66109	2036000	2772
66111	2036000	1484
66112	2036000	1151
66115	2036000	171
66118	2036000	97
66160	2036000	2
66203	2064500	2070
66204	2053775	1643
66206	2039075	1130
66207	2053775	1273
66209	2039075	1939
66210	2053775	1432
66211	2039075	646
66212	2053775	2531
66213	2053775	2357
66214	2053775	973
66215	2039350	2163
66216	2064500	2340
66217	2064500	542
66218	2064500	825
66219	2039350	975
66220	2039350	693
66221	2053775	2140
66223	2053775	1691
66224	2039075	1383
66226	2064500	1158
66227	2039350	932
66251	2053775	8
66409	2071000	672
66502	2044250	3828
66503	2044250	2236
66506	2044250	66
66603	2071000	311
66604	2071000	2402
66605	2071000	2119
66606	2071000	1325
66607	2071000	1561
66608	2071000	965
66609	2071000	812
66610	2071000	1335
66611	2071000	1088
66612	2071000	426
66614	2071000	2675
66615	2071000	616
66616	2071000	795
66617	2071000	1060
66618	2071000	1539
66619	2071000	274
66621	2071000	9
66622	2071000	1
67037	2017800	3299
67202	2079000	443
67203	2079000	2755
67204	2079000	2454
67205	2079000	1831
67206	2079000	1808
67207	2079000	2173
67208	2079000	1901
67209	2079000	1707
67211	2079000	2315
67212	2079000	3917
67213	2079000	2373
67214	2079000	2482
67215	2079000	829
67216	2079000	2062
67217	2079000	2728
67218	2079000	2016
67219	2079000	1698
67220	2079000	1329
67223	2079000	68
67226	2079000	1969
67228	2079000	234
67230	2079000	1506
67232	2079000	68
67235	2079000	1444
67260	2079000	9
67401	2062700	6947
67501	2033625	4434
67502	2033625	3323
67801	2018250	6236
67846	2025325	7001
68005	3103950	2488
68022	3137000	3764
68025	3117670	4755
68046	3138295	3283
68102	3137000	785
68104	3137000	3013
68105	3137000	1918
68106	3137000	1927
68107	3137000	2901
68108	3137000	1433
68110	3137000	1574
68111	3137000	2870
68112	3137000	1397
68114	3137000	1906
68116	3137000	2907
68117	3137000	1025
68118	3137000	958
68122	3137000	1282
68123	3103950	3216
68124	3137000	1700
68127	3137000	2006
68130	3137000	1989
68131	3137000	1090
68132	3137000	1243
68133	3138295	1264
68134	3137000	2607
68135	3137000	2604
68137	3137000	2633
68142	3137000	754
68144	3137000	2593
68147	3103950	1346
68152	3137000	954
68154	3137000	2333
68157	3103950	545
68164	3137000	2356
68178	3137000	13
68182	3137000	10
68183	3137000	2
68430	3128000	637
68502	3128000	2387
68503	3128000	1340
68504	3128000	1631
68505	3128000	1576
68506	3128000	2643
68507	3128000	2014
68508	3128000	976
68510	3128000	1958
68512	3128000	1140
68514	3128000	81
68516	3128000	4878
68517	3128000	234
68521	3128000	3013
68522	3128000	1263
68524	3128000	929
68526	3128000	925
68527	3128000	465
68528	3128000	783
68531	3128000	56
68588	3128000	59
68601	3110110	5765
68701	3134615	4856
68801	3119595	5156
68803	3119595	4782
68845	3125055	3721
68847	3125055	4353
68849	3125055	14
68901	3121415	5339
70062	2239475	1832
70065	2239475	2261
70112	2255000	612
70113	2255000	851
70114	2255000	2281
70115	2255000	3241
70116	2255000	1124
70117	2255000	4109
70118	2255000	3037
70119	2255000	3166
70122	2255000	3298
70124	2255000	1881
70125	2255000	2004
70126	2255000	2519
70127	2255000	1373
70128	2255000	1084
70129	2255000	733
70130	2255000	1607
70131	2255000	1591
70139	2255000	1
70148	2255000	1
70163	2255000	1
70360	2236255	3296
70363	2236255	2452
70458	2270805	3451
70460	2270805	2902
70461	2270805	2689
70560	2254035	4689
70563	2254035	2290
70601	2241155	4502
70605	2241155	3378
70607	2241155	1794
70609	2241155	6
70615	2241155	1754
70629	2241155	2
70714	2213960	1621
70739	2213960	1058
70770	2213960	358
70818	2213960	785
71047	2270000	1272
71101	2270000	1656
71103	2270000	1287
71104	2270000	1450
71105	2270000	1277
71106	2270000	4014
71107	2270000	3554
71108	2270000	1711
71109	2270000	2337
71110	2208920	211
71111	2208920	3237
71112	2208920	2461
71115	2270000	1193
71118	2270000	1605
71119	2270000	1108
71129	2270000	1148
71201	2251410	3972
71202	2251410	3440
71203	2251410	3917
71209	2251410	4
71301	2200975	3401
71302	2200975	1967
71303	2200975	2066
71409	2200975	1279
71601	0555310	4699
71602	0555310	3305
71603	0555310	5985
71854	0568810	6609
71901	0533400	5841
71913	0533400	7651
72015	0505290	4398
72019	0505290	4146
72023	0510300	4005
72032	0515190	4326
72034	0515190	4279
72035	0515190	4
72076	0534750	4092
72099	0534750	105
72103	0541000	2137
72114	0550450	2981
72116	0550450	1849
72117	0550450	2186
72118	0550450	3077
72120	0563800	3416
72201	0541000	747
72202	0541000	2235
72204	0541000	5213
72205	0541000	3131
72206	0541000	5035
72207	0541000	1387
72209	0541000	2625
72210	0541000	1861
72211	0541000	1876
72212	0541000	1094
72223	0541000	2477
72227	0541000	880
72401	0535710	5854
72404	0535710	3149
72405	0535710	1712
72450	0553390	6550
72467	0535710	27
72701	0523290	5846
72703	0523290	3569
72704	0523290	4004
72712	0505320	4603
72713	0505320	2068
72714	0504840	2686
72715	0504840	3634
72719	0512820	1169
72756	0560410	5861
72758	0560410	4093
72762	0566080	4581
72764	0566080	5087
72801	0561670	3244
72802	0561670	4546
72901	0524550	4009
72903	0524550	2710
72904	0524550	2412
72908	0524550	1346
72916	0524550	1533
73003	4023200	2064
73007	4023200	677
73012	4055000	3170
73013	4055000	5181
73019	4052500	25
73025	4023200	1069
73026	4052500	3672
73034	4023200	4496
73049	4055000	1430
73064	4055000	2650
73069	4052500	3249
73070	4052500	9
73071	4052500	3777
73072	4052500	3950
73084	4055000	1667
73097	4055000	42
73099	4055000	7588
73102	4055000	424
73103	4055000	708
73104	4055000	477
73105	4055000	947
73106	4055000	1625
73107	4055000	2548
73108	4055000	1526
73109	4055000	2064
73110	4048350	2590
73111	4055000	1750
73112	4055000	2748
73114	4055000	1774
73116	4055000	1277
73117	4055000	1069
73118	4055000	1675
73119	4055000	2087
73120	4055000	2767
73121	4055000	643
73127	4055000	1886
73128	4055000	476
73129	4055000	2585
73130	4048350	1969
73131	4055000	619
73132	4055000	2043
73134	4055000	253
73135	4055000	1617
73139	4055000	1337
73141	4055000	564
73142	4055000	1296
73145	4055000	82
73149	4055000	591
73150	4055000	952
73151	4055000	273
73159	4055000	2081
73160	4049200	5051
73162	4055000	2263
73165	4055000	1536
73169	4055000	507
73170	4055000	3126
73173	4055000	470
73179	4055000	896
73501	4041850	3565
73503	4041850	258
73505	4041850	4496
73507	4041850	3086
73701	4023950	4962
73703	4023950	3776
73705	4023950	10
74003	4004450	2115
74006	4004450	3479
74008	4006400	3794
74011	4009050	3610
74012	4009050	5840
74014	4009050	119
74015	4075000	15
74037	4037800	2437
74055	4056650	3479
74074	4070300	5275
74075	4070300	3110
74077	4070300	7
74078	4070300	7
74103	4075000	280
74104	4075000	1325
74105	4075000	2849
74106	4075000	2301
74107	4075000	2987
74108	4075000	707
74110	4075000	1819
74112	4075000	2480
74114	4075000	1995
74115	4075000	2924
74116	4075000	370
74117	4075000	116
74119	4075000	487
74120	4075000	1053
74126	4075000	1228
74127	4075000	1746
74128	4075000	1143
74129	4075000	1502
74132	4075000	734
74133	4075000	3897
74134	4075000	1654
74135	4075000	2077
74136	4075000	2364
74137	4075000	2887
74145	4075000	1676
74146	4075000	1207
74171	4075000	1
74401	4050050	4536
74403	4050050	5231
74801	4066800	3839
74804	4066800	3000
74857	4055000	2229
75006	4813024	2842
75007	4813024	2786
75009	4813684	3792
75010	4813024	1242
75013	4801924	2587
75019	4816612	2567
75020	4819900	3924
75021	4819900	1546
75022	4826232	2445
75023	4858016	2680
75024	4858016	2099
75025	4858016	2687
75028	4826232	3421
75033	4827684	2706
75034	4827684	2652
75035	4827684	4778
75036	4827684	2219
75038	4837000	860
75039	4837000	502
75040	4829000	4037
75041	4829000	1776
75042	4829000	1775
75043	4829000	3776
75044	4829000	2446
75048	4864064	1767
75050	4830464	3032
75051	4830464	2340
75052	4830464	4685
75054	4830464	695
75056	4872530	3079
75057	4842508	848
75060	4837000	2678
75061	4837000	2453
75062	4837000	2299
75063	4837000	1901
75067	4842508	1977
75068	4843012	3414
75069	4845744	3681
75070	4845744	2862
75071	4845744	5034
75072	4845744	2717
75074	4858016	3058
75075	4858016	2280
75078	4859696	3190
75080	4861796	2402
75081	4861796	2173
75082	4861796	1317
75087	4862828	3512
75088	4863572	2047
75089	4863572	2137
75090	4867496	3737
75092	4867496	2873
75093	4858016	2814
75098	4880356	4500
75104	4813492	3635
75109	4817060	960
75110	4817060	4668
75115	4820092	4208
75116	4821628	1291
75119	4824348	3883
75126	4826604	3913
75132	4825572	33
75134	4841212	1253
75137	4821628	1475
75146	4841212	1827
75149	4847892	3419
75150	4847892	2600
75165	4876816	4626
75167	4876816	1338
75180	4805372	1206
75181	4847892	1601
75189	4863668	4010
75201	4819000	869
75202	4819000	375
75203	4819000	1713
75204	4819000	1582
75206	4819000	1539
75207	4819000	466
75208	4819000	2581
75209	4819000	1257
75210	4819000	857
75211	4819000	3765
75212	4819000	2169
75214	4819000	2399
75215	4819000	2619
75216	4819000	3777
75217	4819000	4071
75218	4819000	1890
75219	4819000	1038
75220	4819000	1593
75223	4819000	1190
75224	4819000	1678
75225	4819000	1305
75226	4819000	650
75227	4819000	2640
75228	4819000	2629
75229	4819000	2426
75230	4819000	1921
75231	4819000	898
75232	4819000	1803
75233	4819000	766
75234	4825452	1844
75235	4819000	1036
75236	4819000	678
75237	4819000	486
75238	4819000	1549
75240	4819000	797
75241	4819000	2098
75243	4819000	1573
75244	4825452	915
75246	4819000	235
75247	4819000	492
75248	4819000	2129
75249	4819000	857
75251	4819000	49
75252	4819000	1259
75253	4819000	976
75254	4819000	629
75261	4830644	25
75270	4819000	1
75287	4819000	1188
75390	4819000	3
75401	4830920	3255
75402	4830920	2281
75407	4859576	3321
75409	4803300	2899
75454	4847496	1600
75460	4855080	3911
75462	4855080	2018
75501	4872368	5799
75503	4872368	3331
75601	4843888	2072
75602	4843888	2075
75604	4843888	3290
75605	4843888	2591
75701	4874144	4268
75702	4874144	3890
75703	4874144	3745
75704	4874144	1185
75707	4874144	1817
75708	4874144	1011
75709	4874144	753
75711	4874144	11
75901	4845072	4069
75903	4845072	4
75904	4845072	4897
75961	4850256	2681
75962	4850256	10
75964	4850256	2815
75965	4850256	2025
76001	4804000	2096
76002	4804000	1800
76005	4804000	194
76006	4804000	1213
76008	4827000	2294
76010	4804000	2768
76011	4804000	1631
76012	4804000	2151
76013	4804000	2430
76014	4804000	1637
76015	4804000	1159
76016	4804000	2635
76017	4804000	3206
76018	4804000	1613
76021	4807132	2495
76022	4807132	843
76028	4811428	5894
76031	4815364	2780
76033	4815364	3552
76034	4815988	2728
76036	4827000	2377
76039	4824768	1799
76040	4824768	1811
76051	4830644	3355
76052	4827000	2148
76053	4835576	2021
76054	4835576	1097
76063	4846452	5353
76065	4848096	4884
76085	4876864	1374
76086	4876864	2438
76087	4876864	4124
76092	4869032	2999
76102	4827000	1737
76103	4827000	1265
76104	4827000	3189
76105	4827000	2250
76106	4827000	2919
76107	4827000	3665
76108	4827000	3287
76109	4827000	1977
76110	4827000	2843
76111	4827000	2256
76112	4827000	3116
76114	4827000	2381
76115	4827000	1319
76116	4827000	3448
76117	4831928	2445
76118	4827000	1219
76119	4827000	3581
76120	4827000	1141
76123	4827000	1902
76126	4827000	2595
76127	4827000	90
76129	4827000	16
76131	4827000	2609
76132	4827000	1609
76133	4827000	3107
76134	4827000	1691
76135	4827000	2152
76137	4827000	3066
76140	4827000	2481
76155	4827000	260
76164	4827000	1432
76177	4827000	1102
76179	4827000	4363
76180	4852356	2557
76182	4852356	2466
76201	4819972	1446
76203	4819972	6
76205	4819972	1215
76207	4819972	1230
76208	4819972	1723
76209	4819972	1620
76210	4819972	2524
76244	4827000	3905
76248	4838632	3324
76301	4879000	3034
76302	4879000	1111
76305	4879000	526
76306	4879000	1722
76308	4879000	1629
76309	4879000	1620
76310	4879000	1477
76311	4879000	144
76501	4872176	3637
76502	4872176	4926
76504	4872176	2999
76513	4807492	5855
76522	4816624	3408
76541	4839148	2199
76542	4839148	3420
76543	4839148	2209
76548	4832312	2529
76549	4839148	2876
76701	4876000	561
76704	4876000	1411
76705	4876000	3461
76707	4876000	1850
76708	4876000	3083
76710	4876000	2334
76711	4876000	774
76712	4876000	2764
76798	4876000	26
76903	4864472	5053
76904	4864472	3400
76905	4864472	1660
76908	4864472	10
76909	4864472	14
77002	4835000	1444
77003	4835000	1934
77004	4835000	3335
77006	4835000	2078
77007	4835000	3345
77008	4835000	2510
77009	4835000	4242
77010	4835000	79
77011	4835000	1670
77012	4835000	1468
77013	4835000	706
77014	4835000	1198
77015	4835000	3231
77016	4835000	2378
77017	4835000	1885
77018	4835000	1901
77019	4835000	1528
77020	4835000	3268
77021	4835000	2147
77022	4835000	1854
77023	4835000	2012
77024	4835000	2770
77025	4835000	1541
77026	4835000	2837
77027	4835000	741
77028	4835000	1912
77029	4835000	1811
77030	4835000	651
77031	4835000	756
77032	4835000	1159
77033	4835000	1743
77034	4835000	1835
77035	4835000	1487
77036	4835000	1755
77037	4835000	1193
77038	4835000	1161
77040	4835000	2799
77041	4835000	2563
77042	4835000	1129
77043	4835000	1345
77044	4835000	3225
77045	4835000	1871
77046	4835000	28
77047	4835000	1881
77048	4835000	1399
77050	4835000	369
77051	4835000	1425
77053	4835000	1473
77054	4835000	611
77055	4835000	2369
77056	4835000	1070
77057	4835000	1169
77058	4835000	682
77059	4835000	1277
77060	4835000	1116
77061	4835000	1097
77062	4835000	1639
77063	4835000	1128
77064	4835000	2301
77065	4835000	1539
77066	4835000	1657
77067	4835000	1034
77068	4835000	922
77069	4835000	1341
77070	4835000	2576
77071	4835000	1254
77072	4835000	2085
77073	4835000	1977
77074	4835000	1475
77075	4835000	1822
77076	4835000	1405
77077	4835000	2478
77078	4835000	947
77079	4835000	1833
77080	4835000	2018
77081	4835000	820
77082	4835000	2167
77084	4835000	4836
77085	4835000	865
77086	4835000	1162
77087	4835000	2159
77088	4835000	3238
77089	4835000	2942
77090	4835000	1365
77091	4835000	1629
77092	4835000	1862
77093	4835000	2838
77094	4835000	851
77095	4835000	3772
77096	4835000	1964
77098	4835000	868
77099	4835000	1844
77204	4835000	41
77301	4816432	3046
77302	4816432	2204
77303	4816432	1944
77304	4816432	3185
77316	4816432	3603
77318	4816432	2312
77320	4835528	3387
77336	4835000	1631
77338	4835000	2740
77339	4835000	2651
77340	4835528	2895
77341	4835528	3
77342	4835528	4
77345	4835000	1823
77379	4835000	5734
77384	4816432	1539
77386	4835000	4113
77388	4835000	2918
77396	4835000	2984
77407	4835000	3712
77429	4835000	6023
77433	4835000	6618
77441	4827876	1773
77447	4835000	1730
77449	4835000	5742
77450	4835000	4024
77459	4848804	4973
77469	4863284	4666
77471	4863284	3742
77478	4870808	1869
77479	4870808	6077
77489	4848804	2218
77493	4838476	3195
77494	4838476	7316
77498	4870808	2747
77502	4856000	1952
77503	4856000	1322
77504	4856000	1006
77505	4856000	1402
77506	4856000	1948
77507	4856000	93
77511	4802272	5504
77520	4806128	3582
77521	4806128	3329
77536	4819624	1888
77539	4872392	4373
77546	4827648	3379
77550	4828068	4064
77551	4828068	2075
77554	4828068	2003
77555	4828068	3
77566	4840588	1834
77571	4841440	3270
77573	4841980	5573
77581	4856348	3748
77584	4856348	5579
77590	4872392	3810
77591	4872392	1068
77640	4858820	4257
77642	4858820	3330
77655	4858820	126
77701	4807000	3557
77702	4807000	464
77703	4807000	2024
77705	4807000	3698
77706	4807000	2074
77707	4807000	1558
77708	4807000	1026
77713	4807000	1481
77801	4810912	1050
77802	4810912	2067
77803	4810912	3773
77807	4810912	1592
77808	4810912	2384
77840	4815976	1859
77843	4815976	2
77845	4815976	5862
77901	4875428	5093
77904	4875428	2242
77905	4875428	3278
78023	4865000	2286
78028	4839040	5597
78040	4841464	4709
78041	4841464	3534
78043	4841464	3709
78045	4841464	3281
78046	4841464	2872
78073	4865000	836
78108	4814920	3047
78109	4816468	2883
78112	4865000	974
78130	4850820	7033
78154	4866128	2984
78155	4866644	7513
78201	4865000	3341
78202	4865000	1447
78203	4865000	813
78204	4865000	1207
78205	4865000	644
78207	4865000	4983
78208	4865000	577
78209	4865000	3383
78210	4865000	3169
78211	4865000	2073
78212	4865000	2974
78213	4865000	2132
78214	4865000	1650
78215	4865000	478
78216	4865000	2350
78217	4865000	1873
78218	4865000	1848
78219	4865000	1245
78220	4865000	1434
78221	4865000	2394
78222	4865000	1302
78223	4865000	3095
78224	4865000	1166
78225	4865000	978
78226	4865000	515
78227	4865000	2103
78228	4865000	3730
78229	4865000	795
78230	4865000	2500
78232	4865000	2492
78233	4865000	2956
78234	4865000	211
78235	4865000	73
78237	4865000	2418
78238	4865000	1477
78240	4865000	2210
78242	4865000	1192
78243	4865000	7
78244	4865000	1740
78245	4865000	3681
78247	4865000	2958
78248	4865000	976
78249	4865000	2387
78250	4865000	2616
78251	4865000	2339
78252	4865000	690
78253	4865000	3174
78254	4865000	3519
78256	4865000	474
78257	4865000	659
78258	4865000	2460
78259	4865000	1329
78261	4865000	1328
78264	4865000	1201
78373	4817000	876
78401	4817000	1192
78402	4817000	292
78404	4817000	1471
78405	4817000	1461
78406	4817000	141
78407	4817000	551
78408	4817000	1019
78409	4817000	344
78410	4817000	2044
78411	4817000	1805
78412	4817000	1796
78413	4817000	2040
78414	4817000	2462
78415	4817000	2537
78416	4817000	877
78417	4817000	263
78418	4817000	2469
78419	4817000	10
78501	4845384	5424
78503	4845384	1661
78504	4845384	3521
78520	4810768	4612
78521	4810768	5158
78526	4810768	2566
78539	4822660	2938
78541	4822660	3115
78550	4832372	5077
78552	4832372	4162
78566	4810768	2076
78572	4848768	5922
78575	4810768	445
78577	4857200	4666
78578	4810768	1011
78589	4865516	2367
78596	4877272	3431
78599	4877272	1971
78613	4813552	4931
78617	4805000	1265
78626	4829336	4224
78628	4829336	4166
78633	4829336	3178
78634	4835624	3142
78640	4839952	4301
78641	4842016	7068
78652	4805000	648
78656	4865600	172
78660	4857176	6212
78664	4863500	3287
78665	4863500	3161
78666	4865600	5209
78681	4863500	3412
78701	4805000	987
78702	4805000	2350
78703	4805000	2005
78704	4805000	2861
78705	4805000	1096
78712	4805000	92
78717	4805000	1818
78719	4805000	278
78721	4805000	841
78722	4805000	625
78723	4805000	1930
78724	4805000	1443
78726	4805000	730
78727	4805000	1707
78728	4805000	1028
78729	4805000	1545
78730	4805000	752
78731	4805000	2083
78733	4805000	945
78735	4805000	1073
78736	4805000	913
78739	4805000	1383
78741	4805000	1323
78742	4805000	105
78744	4805000	2625
78745	4805000	3564
78746	4805000	2921
78747	4805000	1206
78748	4805000	3202
78749	4805000	2217
78750	4805000	1876
78751	4805000	1194
78752	4805000	830
78753	4805000	1980
78754	4805000	1313
78756	4805000	690
78757	4805000	1643
78758	4805000	1880
78759	4805000	2651
78840	4819792	5847
78852	4821892	4465
79103	4803000	380
79106	4803000	355
79109	4803000	2725
79110	4803000	1632
79111	4803000	4
79118	4803000	2472
79119	4803000	1613
79121	4803000	394
79124	4803000	28
79401	4845000	1265
79402	4845000	2
79403	4845000	2998
79404	4845000	1956
79406	4845000	22
79407	4845000	2056
79410	4845000	979
79411	4845000	751
79412	4845000	1161
79413	4845000	1894
79414	4845000	1029
79415	4845000	1614
79416	4845000	2661
79423	4845000	3997
79424	4845000	4706
79601	4801000	2663
79602	4801000	3549
79603	4801000	2424
79605	4801000	3095
79606	4801000	2258
79607	4801000	173
79699	4801000	11
79701	4848072	5116
79703	4848072	1453
79705	4848072	3316
79706	4848072	3211
79707	4848072	2328
79761	4853388	3828
79762	4853388	2857
79765	4853388	1660
79766	4853388	1222
79901	4824000	1478
79902	4824000	2213
79903	4824000	1772
79904	4824000	2049
79905	4824000	1847
79907	4824000	2919
79911	4824000	426
79912	4824000	4023
79915	4824000	2040
79920	4824000	3
79922	4824000	872
79924	4824000	3350
79925	4824000	2556
79927	4868636	2898
79928	4834832	4487
79930	4824000	2361
79932	4824000	2046
79934	4824000	1290
79935	4824000	960
79936	4824000	4845
80002	0803455	1735
80003	0803455	2878
80004	0803455	3447
80005	0803455	2944
80007	0803455	1649
80010	0804000	2259
80011	0804000	3253
80012	0804000	2562
80013	0804000	4552
80014	0804000	2031
80015	0812815	4706
80016	0804000	4436
80017	0804000	1820
80018	0804000	1164
80019	0804000	366
80020	0809280	4325
80021	0883835	2649
80022	0816495	4663
80023	0809280	2218
80026	0841835	3009
80030	0883835	1071
80031	0883835	2646
80033	0884440	2466
80045	0804000	121
80104	0812415	3229
80109	0812415	1835
80110	0824785	2131
80112	0812815	2498
80120	0845255	2320
80121	0812815	1862
80122	0812815	2353
80134	0857630	5603
80137	0804000	482
80138	0857630	2376
80202	0820000	554
80203	0820000	692
80204	0820000	2216
80205	0820000	2487
80206	0820000	1443
80207	0820000	1768
80209	0820000	1447
80210	0820000	2809
80211	0820000	2701
80212	0820000	1797
80214	0843000	2030
80215	0843000	2020
80216	0820000	2002
80218	0820000	838
80219	0820000	3651
80220	0820000	2973
80222	0820000	1521
80223	0820000	1831
80224	0820000	1226
80226	0843000	2577
80227	0843000	2213
80228	0843000	2469
80229	0877290	3171
80230	0820000	562
80231	0820000	1355
80232	0843000	1830
80233	0877290	2872
80234	0883835	1617
80235	0820000	441
80236	0820000	974
80237	0820000	973
80238	0820000	1597
80239	0820000	2090
80241	0877290	2071
80246	0820000	707
80247	0820000	776
80249	0820000	2507
80260	0877290	1448
80264	0820000	1
80266	0820000	4
80290	0820000	1
80293	0820000	1
80294	0820000	5
80301	0807850	2418
80303	0807850	1980
80304	0807850	2250
80305	0807850	1239
80310	0807850	15
80501	0845970	3526
80503	0845970	3711
80512	0827425	1928
80516	0824950	3314
80521	0827425	2713
80524	0827425	5365
80525	0827425	5001
80526	0827425	3938
80528	0827425	2099
80537	0846465	6166
80538	0846465	6046
80550	0885485	3784
80601	0808675	3457
80602	0877290	3687
80631	0832155	4591
80634	0832155	5234
80640	0816495	1133
80817	0827865	2508
80831	0816000	3857
80903	0816000	1730
80904	0816000	2633
80905	0816000	1686
80906	0816000	3623
80907	0816000	3127
80909	0816000	3456
80910	0816000	1738
80914	0816000	19
80916	0816000	2035
80917	0816000	1812
80918	0816000	3166
80919	0816000	2257
80920	0816000	2795
80921	0816000	1985
80922	0816000	1830
80923	0816000	1995
80924	0816000	793
80925	0816000	854
80926	0816000	289
80927	0816000	363
80928	0827865	420
80929	0816000	136
80938	0816000	47
80939	0816000	38
80951	0816000	260
81001	0862000	3329
81003	0862000	2842
81004	0862000	3827
81005	0862000	2778
81006	0862000	2058
81008	0862000	1254
81501	0831660	2734
81504	0831660	3295
81505	0831660	1663
81506	0831660	1422
82001	5613900	5220
82007	5613900	2619
82070	5645050	4774
82072	5645050	2145
82604	5613150	4441
82609	5613150	2147
82716	5631855	3620
82718	5631855	4063
83201	1664090	4026
83209	1664090	9
83301	1682810	6798
83401	1639700	5854
83402	1639700	4554
83404	1639700	3006
83440	1667420	3606
83460	1667420	1
83501	1646540	4106
83605	1612250	4364
83607	1612250	4868
83616	1623410	4126
83634	1644290	3412
83642	1652120	6361
83646	1652120	6432
83651	1656260	3346
83686	1656260	6252
83687	1656260	4530
83702	1608830	3378
83703	1608830	1859
83704	1608830	3973
83705	1608830	3202
83706	1608830	3266
83709	1608830	6049
83712	1608830	1044
83713	1608830	2793
83720	1608830	2
83725	1608830	4
83814	1616750	4964
83815	1616750	3382
83843	1654550	2984
83844	1654550	4
83854	1664810	5821
84003	4901310	5144
84005	4920810	2465
84006	4982950	103
84009	4970850	2388
84010	4907690	4241
84015	4913850	5218
84020	4920120	4188
84025	4924740	2332
84037	4940360	3638
84040	4943660	2559
84041	4943660	4068
84043	4944320	6097
84044	4947290	2159
84045	4967825	2264
84047	4949710	2513
84056	4913850	213
84057	4957300	3020
84058	4957300	2358
84062	4960930	3742
84067	4965110	3358
84070	4967440	2781
84074	4976680	4565
84075	4974810	2487
84081	4982950	3550
84084	4982950	2487
84088	4982950	3193
84092	4967440	3452
84093	4967440	2498
84094	4967440	2648
84095	4970850	3647
84096	4934970	4239
84097	4957300	2243
84101	4967000	494
84102	4967000	795
84103	4967000	1618
84104	4967000	2051
84105	4967000	1357
84106	4967000	2610
84107	4953230	2874
84109	4950150	2197
84111	4967000	586
84112	4967000	124
84113	4967000	73
84115	4971070	1976
84116	4967000	2141
84117	4936070	2210
84118	4983470	3019
84119	4983470	3479
84120	4983470	3731
84123	4975360	3080
84124	4950150	2066
84128	4983470	2346
84129	4975360	3148
84138	4967000	13
84150	4967000	4
84180	4967000	1
84321	4945860	3890
84322	4945860	3
84401	4982930	3846
84403	4955980	3105
84408	4955980	15
84601	4962470	2338
84602	4962470	10
84604	4962470	3244
84606	4962470	1583
84660	4971290	4502
84663	4972280	2765
84720	4911320	2962
84721	4911320	3169
84737	4937170	2689
84770	4965330	3867
84780	4981960	3175
84790	4965330	4997
85003	0455000	822
85004	0455000	802
85006	0455000	1630
85007	0455000	1559
85008	0455000	2445
85009	0455000	3263
85012	0455000	675
85013	0455000	1546
85014	0455000	1627
85015	0455000	1955
85016	0455000	2778
85017	0455000	1743
85018	0455000	3278
85019	0455000	1369
85020	0455000	3259
85021	0455000	2522
85022	0455000	4156
85023	0455000	2531
85024	0455000	1945
85027	0455000	3445
85028	0455000	2599
85029	0455000	3125
85031	0455000	1488
85032	0455000	5595
85033	0455000	2958
85034	0455000	1315
85035	0455000	2184
85037	0455000	2859
85040	0455000	2836
85041	0455000	4516
85042	0455000	3475
85043	0455000	3027
85044	0455000	3461
85045	0455000	773
85048	0455000	3082
85050	0455000	2656
85051	0455000	2696
85053	0455000	2360
85054	0455000	386
85083	0455000	1669
85085	0455000	2026
85086	0455000	4683
85119	0402830	3990
85120	0402830	3507
85122	0410530	6911
85132	0423760	4039
85138	0444410	3797
85139	0428380	4011
85142	0458150	6071
85193	0410530	1502
85194	0410530	1981
85201	0446000	2423
85202	0446000	2412
85203	0446000	2479
85204	0446000	3577
85205	0446000	3610
85206	0446000	2699
85207	0446000	5328
85208	0446000	3531
85209	0446000	2774
85210	0446000	2168
85212	0446000	3720
85213	0446000	2710
85215	0446000	1858
85224	0412000	3566
85225	0412000	5002
85226	0412000	3593
85233	0427400	3725
85234	0427400	4453
85236	0427400	203
85248	0412000	3963
85249	0412000	4720
85250	0465000	1850
85251	0465000	2763
85254	0455000	5455
85255	0465000	5805
85256	0446000	1003
85257	0465000	2148
85258	0465000	3200
85259	0465000	3128
85260	0465000	4258
85262	0465000	4871
85266	0465000	2624
85281	0473000	2160
85282	0473000	3688
85283	0473000	3453
85284	0473000	2166
85286	0412000	3258
85295	0427400	3181
85296	0427400	3784
85297	0427400	2465
85298	0427400	3085
85301	0427820	3223
85302	0427820	3096
85303	0427820	2505
85304	0427820	2466
85305	0427820	907
85306	0427820	2293
85307	0427820	972
85308	0427820	6006
85309	0427820	308
85310	0455000	2188
85323	0404720	2725
85326	0407940	8179
85329	0404720	153
85335	0422220	1952
85336	0463470	479
85338	0428380	5294
85339	0455000	4394
85340	0407940	3476
85342	0471510	517
85343	0407940	65
85345	0454050	4121
85349	0463470	710
85350	0463470	1555
85353	0455000	2858
85354	0407940	3229
85361	0471510	2619
85364	0485540	6528
85365	0485540	5006
85374	0471510	4444
85378	0471510	743
85379	0471510	3054
85381	0454050	2243
85382	0454050	4363
85383	0454050	6008
85387	0471510	2835
85388	0471510	2008
85392	0404720	2271
85395	0428380	2956
85396	0407940	3912
85613	0466820	175
85629	0462140	2758
85635	0466820	3493
85653	0444270	2812
85658	0444270	2057
85701	0477000	937
85705	0477000	4125
85706	0477000	3257
85707	0477000	39
85708	0477000	222
85709	0477000	9
85710	0477000	4008
85711	0477000	3163
85712	0477000	2456
85713	0477000	4161
85714	0477000	1373
85715	0477000	1960
85716	0477000	2590
85719	0477000	3528
85721	0477000	16
85723	0477000	1
85724	0477000	2
85726	0477000	6
85730	0477000	2937
85734	0477000	5
85737	0451600	2111
85747	0477000	2109
85748	0477000	2058
85755	0451600	2244
85756	0477000	2579
86004	0423620	5349
86005	0423620	2080
86011	0423620	41
86301	0457380	3474
86303	0457380	4056
86313	0457380	2
86314	0457450	3292
86315	0457450	1949
86401	0437620	6120
86403	0439370	2205
86404	0439370	2749
86406	0439370	3202
86409	0437620	3232
86429	0408220	1244
86442	0408220	4827
87101	3502000	1
87102	3502000	2834
87104	3502000	1487
87106	3502000	2561
87107	3502000	3298
87108	3502000	2889
87109	3502000	2761
87110	3502000	3975
87111	3502000	4313
87112	3502000	3686
87113	3502000	1503
87114	3502000	4730
87120	3502000	5096
87123	3502000	3366
87144	3563460	3120
87401	3525800	5155
87402	3525800	1630
87501	3570500	2529
87505	3570500	3954
87507	3570500	4062
88001	3539380	3970
88005	3539380	3805
88007	3539380	3461
88011	3539380	3477
88012	3539380	3388
88101	3516420	6922
88201	3564930	4085
88203	3564930	3739
88220	3512150	5899
88240	3532520	4768
88244	3532520	1
88310	3501780	4667
89002	3231900	2621
89011	3231900	2238
89012	3231900	2320
89014	3231900	2161
89015	3231900	3681
89030	3251800	2685
89031	3251800	5227
89032	3251800	3370
89044	3231900	2186
89052	3231900	4066
89054	3231900	31
89074	3231900	3792
89081	3251800	2079
89084	3251800	2003
89085	3251800	169
89086	3251800	227
89101	3240000	2369
89102	3240000	1812
89104	3240000	2417
89106	3240000	2023
89107	3240000	2269
89108	3240000	4327
89115	3251800	2875
89117	3240000	4414
89128	3240000	2610
89129	3240000	4755
89130	3240000	3179
89131	3240000	4455
89134	3240000	2928
89138	3240000	1428
89143	3240000	947
89144	3240000	1586
89145	3240000	1839
89149	3240000	4270
89166	3240000	1647
89406	3224900	2
89408	3224900	2017
89431	3268400	2742
89434	3268400	1620
89436	3268400	3290
89439	3260600	256
89501	3260600	454
89502	3260600	2856
89503	3260600	2000
89506	3260600	3484
89508	3260600	1483
89509	3260600	3300
89511	3260600	3355
89512	3260600	1429
89519	3260600	986
89521	3260600	2747
89523	3260600	2265
89557	3260600	4
89701	3209700	2522
89703	3209700	1833
89706	3209700	1982
90002	0644000	1544
90003	0644000	1751
90004	0644000	1181
90005	0644000	467
90006	0644000	935
90007	0644000	1239
90008	0644000	1020
90010	0644000	90
90011	0644000	1987
90012	0644000	1057
90013	0644000	357
90014	0644000	170
90015	0644000	919
90016	0644000	1522
90017	0644000	378
90018	0644000	1390
90019	0644000	1682
90020	0644000	524
90021	0644000	901
90023	0644000	1614
90024	0644000	907
90025	0644000	1173
90026	0644000	2314
90027	0644000	1405
90028	0644000	805
90029	0644000	725
90031	0644000	1345
90032	0644000	1934
90033	0644000	1394
90034	0644000	1355
90035	0644000	1033
90036	0644000	1045
90037	0644000	1179
90038	0644000	754
90039	0644000	1469
90041	0644000	1376
90042	0644000	2389
90043	0644000	1983
90044	0644000	2298
90045	0644000	1925
90046	0644000	2022
90047	0644000	2190
90048	0644000	918
90049	0644000	1975
90052	0644000	1
90057	0644000	477
90059	0644000	1418
90062	0644000	833
90064	0644000	1537
90065	0644000	2146
90066	0644000	2106
90067	0644000	86
90068	0644000	1721
90069	0644000	1034
90071	0644000	51
90077	0644000	891
90079	0644000	1
90089	0644000	92
90094	0644000	261
90095	0644000	17
90201	0604996	2276
90210	0644000	2109
90211	0606308	365
90212	0606308	478
90220	0615044	2063
90221	0615044	2260
90222	0615044	1171
90230	0617568	1527
90232	0617568	929
90240	0619766	1319
90241	0619766	1944
90242	0619766	1741
90247	0628168	1788
90248	0644000	1042
90249	0628168	1344
90250	0632548	2747
90255	0636056	1550
90260	0640886	1074
90262	0644574	2151
90266	0645400	3474
90272	0644000	1727
90275	0659514	2689
90277	0660018	1419
90278	0660018	1699
90280	0673080	2616
90291	0644000	2292
90292	0644000	842
90293	0644000	555
90301	0636546	1191
90302	0636546	863
90303	0636546	739
90305	0636546	859
90401	0670000	326
90402	0670000	738
90403	0670000	699
90404	0670000	897
90405	0670000	1422
90501	0680000	1894
90503	0680000	1690
90504	0680000	1725
90505	0680000	1815
90601	0685292	2001
90602	0685292	1111
90603	0685292	1351
90605	0685292	1735
90620	0608786	2303
90621	0608786	1346
90630	0617750	2873
90631	0639290	4121
90638	0640032	2980
90640	0648816	2781
90650	0652526	4083
90660	0656924	2827
90680	0673962	1412
90703	0612552	3565
90706	0604982	2491
90710	0644000	1040
90712	0639892	1426
90713	0639892	1325
90715	0639892	743
90723	0655618	1836
90731	0644000	2655
90732	0644000	1174
90742	0636000	112
90744	0644000	2427
90745	0611530	2363
90746	0611530	1582
90747	0611530	7
90802	0643000	1886
90803	0643000	2094
90804	0643000	1203
90805	0643000	3204
90806	0643000	1637
90807	0643000	1601
90808	0643000	2140
90810	0611530	1453
90813	0643000	2310
90814	0643000	813
90815	0643000	2259
90822	0643000	5
90831	0643000	6
90840	0643000	1
91006	0602462	2040
91007	0602462	1186
91016	0648648	2310
91030	0673220	1565
91040	0644000	1319
91042	0644000	1550
91046	0630000	3
91101	0656000	472
91103	0656000	1432
91104	0656000	1584
91105	0656000	1215
91106	0656000	1068
91107	0656000	2371
91125	0656000	1
91201	0630000	854
91202	0630000	822
91203	0630000	323
91204	0630000	475
91205	0630000	840
91206	0630000	1301
91207	0630000	622
91208	0630000	1186
91210	0630000	37
91214	0630000	1836
91303	0644000	753
91304	0644000	2177
91306	0644000	1795
91307	0644000	1518
91311	0644000	2778
91316	0644000	1163
91320	0678582	2961
91321	0669088	1647
91324	0644000	1545
91325	0644000	1616
91326	0644000	2444
91330	0644000	13
91331	0644000	2914
91335	0644000	2460
91342	0644000	4012
91343	0644000	1950
91344	0644000	3011
91345	0644000	974
91350	0669088	2296
91351	0669088	1545
91352	0644000	1945
91354	0669088	1668
91355	0669088	1850
91356	0644000	1472
91360	0678582	2702
91361	0678582	1757
91362	0678582	2491
91364	0644000	2036
91367	0644000	2035
91371	0644000	1
91387	0669088	1965
91401	0644000	1373
91402	0644000	1243
91403	0644000	1011
91405	0644000	1134
91406	0644000	1869
91411	0644000	634
91423	0644000	1221
91436	0644000	1066
91501	0608954	677
91502	0608954	558
91504	0608954	1357
91505	0608954	1597
91506	0608954	936
91601	0644000	1130
91602	0644000	777
91604	0644000	1415
91605	0644000	1710
91606	0644000	1287
91607	0644000	975
91608	0644000	6
91701	0659451	3074
91702	0603386	2943
91708	0613210	515
91709	0613214	4809
91710	0613210	5089
91711	0613756	3119
91722	0616742	1650
91723	0616742	1081
91724	0616742	1697
91730	0659451	3840
91731	0622230	1138
91732	0622230	1624
91737	0659451	2158
91739	0659451	2844
91740	0630014	1628
91741	0630014	2277
91744	0640340	3163
91750	0640830	2747
91752	0637692	2119
91754	0648914	1597
91755	0648914	922
91759	0613756	130
91761	0653896	3932
91762	0653896	2805
91763	0648788	1839
91764	0653896	1981
91765	0619192	2401
91766	0658072	3155
91767	0658072	2386
91768	0658072	1482
91770	0662896	2310
91773	0666070	2554
91776	0667042	1479
91780	0678148	1578
91784	0681344	2594
91786	0681344	2854
91789	0683332	2953
91790	0684200	2391
91791	0684200	2001
91792	0684200	1258
91801	0600884	1727
91803	0600884	1397
91910	0613392	3257
91911	0613392	2926
91913	0613392	2288
91914	0613392	909
91915	0613392	1426
91932	0636294	1272
91942	0640004	1892
91945	0641124	1637
91950	0650398	3169
92007	0622678	742
92008	0611194	2143
92009	0611194	2958
92010	0611194	1223
92011	0611194	1781
92014	0666000	1556
92020	0621712	2845
92024	0622678	3957
92025	0622804	3256
92026	0622804	3733
92027	0622804	2934
92029	0622804	2306
92037	0666000	3475
92054	0653322	3025
92056	0653322	3133
92057	0653322	2994
92064	0658520	3838
92069	0668196	2457
92071	0670224	3212
92078	0668196	2424
92081	0682996	1639
92083	0682996	1721
92084	0682996	3140
92091	0622678	502
92092	0666000	2
92093	0666000	9
92096	0668196	1
92101	0666000	2008
92102	0666000	2100
92103	0666000	2349
92104	0666000	2159
92105	0666000	2276
92106	0666000	1996
92107	0666000	1770
92108	0666000	585
92109	0666000	3192
92110	0666000	2022
92111	0666000	2382
92113	0666000	2173
92114	0666000	3033
92115	0666000	2448
92116	0666000	1696
92117	0666000	2779
92119	0666000	1250
92120	0666000	1714
92121	0666000	749
92122	0666000	1360
92123	0666000	1651
92124	0666000	1534
92126	0666000	3034
92127	0666000	2630
92128	0666000	2640
92129	0666000	2516
92130	0666000	3027
92131	0666000	2282
92134	0666000	3
92136	0666000	18
92139	0666000	1433
92140	0666000	4
92145	0666000	60
92147	0666000	2
92154	0666000	3275
92161	0666000	3
92173	0666000	793
92182	0666000	1
92201	0636448	3363
92203	0636448	2604
92211	0655184	2666
92220	0603820	3168
92223	0604758	3849
92227	0608058	1948
92231	0609710	1929
92234	0612048	2973
92236	0614260	2017
92240	0618996	2287
92243	0621782	2767
92253	0640354	4152
92258	0655254	97
92260	0655184	3363
92262	0655254	3756
92264	0655254	2969
92277	0680994	7849
92278	0680994	220
92301	0600296	6400
92307	0602364	6724
92308	0602364	7225
92324	0614890	3768
92335	0624680	3685
92336	0624680	5699
92337	0624680	2334
92345	0633434	6522
92346	0633588	3818
92350	0642370	20
92354	0642370	1594
92368	0682590	368
92373	0659962	3040
92374	0659962	3191
92376	0660466	4254
92377	0660466	1592
92392	0682590	6049
92394	0682590	3270
92395	0682590	3276
92399	0687042	4217
92401	0665000	233
92404	0665000	3365
92405	0665000	1835
92407	0665000	5703
92408	0665000	1285
92410	0665000	2258
92411	0665000	1455
92415	0665000	25
92501	0662000	1844
92503	0662000	4836
92504	0662000	3413
92505	0662000	2243
92506	0662000	3812
92507	0662000	3215
92508	0662000	2180
92509	0637692	3975
92530	0639486	4026
92532	0639486	1337
92543	0633182	2321
92545	0633182	2855
92551	0649270	1336
92553	0649270	2934
92555	0649270	2522
92557	0649270	2858
92562	0650076	4612
92563	0650076	4007
92571	0656700	2307
92582	0667112	1169
92583	0667112	1884
92584	0646842	4234
92585	0646842	1802
92586	0646842	1465
92587	0646842	1292
92590	0678120	1156
92591	0678120	2217
92592	0678120	5808
92595	0685446	2583
92602	0636770	1409
92603	0636770	978
92604	0636770	1560
92606	0636770	950
92610	0639496	435
92612	0636770	1117
92614	0636770	1088
92617	0636770	443
92618	0636770	2614
92620	0636770	2675
92624	0617946	561
92625	0651182	1332
92626	0616532	2415
92627	0616532	2422
92629	0617946	2053
92630	0639496	3566
92646	0636000	4223
92647	0636000	3335
92648	0636000	3042
92649	0636000	2393
92653	0639220	1831
92656	0600947	1906
92657	0651182	749
92660	0651182	2576
92661	0651182	533
92662	0651182	262
92663	0651182	2072
92672	0665084	2110
92673	0665084	1584
92675	0668028	2515
92677	0639248	3465
92683	0684550	4475
92688	0659587	1832
92691	0648256	2591
92692	0648256	2429
92697	0636770	5
92701	0669000	1811
92703	0669000	1795
92704	0669000	2909
92706	0669000	1389
92707	0669000	1820
92708	0625380	4165
92780	0680854	2630
92782	0680854	1693
92801	0602000	2197
92802	0602000	1408
92804	0602000	3072
92805	0602000	2899
92806	0602000	2040
92807	0602000	2610
92808	0602000	994
92821	0608100	2823
92823	0608100	374
92831	0628000	1794
92832	0628000	1286
92833	0628000	2695
92835	0628000	1781
92840	0629000	2324
92841	0629000	1611
92843	0629000	1771
92844	0629000	921
92845	0629000	951
92860	0651560	1504
92865	0653980	1417
92866	0653980	904
92867	0653980	2492
92868	0653980	972
92869	0653980	2748
92870	0657526	3495
92879	0616350	2436
92880	0621230	3074
92881	0616350	2327
92882	0616350	3522
92886	0686832	3928
92887	0686832	1301
93001	0665042	2394
93003	0665042	3875
93004	0665042	2293
93010	0610046	3220
93012	0610046	2550
93021	0649138	2267
93030	0654652	2977
93033	0654652	3414
93035	0654652	1789
93036	0654652	1938
93042	0654652	5
93060	0670042	2116
93063	0672016	3752
93065	0672016	4351
93101	0669070	1618
93103	0669070	1283
93105	0669070	2013
93109	0669070	801
93117	0630378	2413
93215	0618394	2444
93230	0631960	6403
93245	0641152	3015
93257	0658240	6299
93274	0680644	6437
93277	0682954	4178
93280	0683542	1782
93291	0682954	5006
93292	0682954	4110
93301	0603526	1978
93304	0603526	3028
93305	0603526	2497
93306	0603526	4522
93307	0603526	5409
93309	0603526	4054
93311	0603526	4147
93312	0603526	4722
93313	0603526	4090
93401	0668154	3112
93405	0668154	1814
93422	0603064	2954
93436	0642524	4020
93446	0622300	6645
93454	0669196	2880
93458	0669196	2412
93534	0640130	2428
93535	0640130	7183
93536	0640130	9337
93550	0655156	4205
93551	0655156	4524
93552	0655156	2444
93555	0660704	5546
93591	0655156	1216
93611	0614218	3732
93612	0614218	2047
93618	0619318	2720
93619	0614218	4311
93635	0644028	4108
93637	0645022	4332
93650	0627000	262
93654	0660242	2726
93701	0627000	738
93702	0627000	2258
93703	0627000	1967
93704	0627000	2318
93705	0627000	1953
93706	0627000	4278
93710	0627000	1549
93711	0627000	3437
93720	0627000	3245
93721	0627000	909
93722	0627000	4972
93723	0627000	1043
93725	0627000	2353
93726	0627000	2096
93727	0627000	4938
93728	0627000	1257
93730	0627000	1167
93737	0627000	663
93740	0627000	7
93741	0627000	5
93901	0664224	1885
93905	0664224	1825
93906	0664224	2322
93940	0648872	2884
93943	0648872	5
93944	0648872	9
93955	0670742	2115
93960	0672520	1179
94002	0605108	1510
94014	0617918	1707
94015	0617918	1715
94024	0643280	2154
94025	0646870	2632
94040	0649670	1438
94041	0649670	774
94043	0649670	1747
94044	0654806	1996
94061	0660102	1940
94063	0660102	1715
94065	0660102	767
94066	0665028	1902
94070	0665070	2096
94080	0673262	3003
94085	0677000	915
94086	0677000	1783
94087	0677000	2856
94089	0677000	655
94102	0667000	747
94103	0667000	1089
94104	0667000	97
94105	0667000	306
94107	0667000	1109
94108	0667000	504
94109	0667000	1086
94110	0667000	2225
94111	0667000	338
94112	0667000	2470
94114	0667000	1173
94115	0667000	995
94116	0667000	1429
94117	0667000	954
94118	0667000	1079
94121	0667000	990
94122	0667000	1547
94123	0667000	798
94124	0667000	1770
94127	0667000	1118
94128	0673262	19
94129	0667000	313
94130	0667000	121
94131	0667000	1109
94132	0667000	1013
94133	0667000	1061
94134	0667000	1382
94158	0667000	99
94188	0667000	1
94301	0655282	1450
94303	0655282	2021
94304	0655282	264
94306	0655282	1719
94401	0668252	1316
94402	0668252	1562
94403	0668252	2217
94404	0625338	1605
94501	0600562	2825
94502	0600562	927
94509	0602252	4383
94510	0605290	2099
94513	0608142	4922
94518	0616000	2073
94519	0616000	1378
94520	0616000	1776
94521	0616000	2938
94523	0657764	2725
94526	0617988	2871
94530	0621796	1859
94531	0602252	2346
94533	0623182	4596
94534	0623182	3433
94535	0623182	286
94536	0626000	4335
94538	0626000	3268
94539	0626000	4407
94541	0633000	3061
94542	0633000	767
94544	0633000	3288
94545	0633000	1754
94547	0633308	1414
94549	0639122	2762
94550	0641992	4416
94551	0641992	3107
94553	0646114	4526
94555	0626000	2329
94558	0650258	5630
94559	0650258	2518
94560	0650916	2439
94561	0653070	2852
94565	0657456	5129
94566	0657792	3004
94568	0620018	2991
94577	0668084	2498
94578	0668084	1556
94579	0668084	1123
94582	0668378	2208
94583	0668378	2615
94585	0675630	1865
94587	0681204	3539
94588	0657792	2305
94589	0681666	1941
94590	0681666	3046
94591	0681666	3422
94592	0681666	177
94595	0683346	1060
94596	0683346	1427
94597	0683346	1413
94598	0683346	2473
94601	0653000	1945
94602	0653000	1469
94603	0653000	1488
94605	0653000	2344
94606	0653000	1689
94607	0653000	1761
94608	0653000	1588
94609	0653000	975
94610	0653000	1223
94611	0653000	2433
94612	0653000	633
94613	0653000	3
94618	0653000	1037
94619	0653000	1417
94621	0653000	1319
94702	0606000	891
94703	0606000	815
94704	0606000	551
94705	0653000	872
94707	0606000	928
94708	0606000	901
94709	0606000	375
94710	0606000	714
94720	0606000	29
94801	0660620	1919
94803	0660620	1750
94804	0660620	2837
94805	0660620	1056
94806	0660620	2777
94901	0668364	2741
94903	0668364	1975
94928	0662546	2052
94945	0652582	1512
94947	0652582	1716
94949	0652582	1057
94954	0656784	2758
95002	0668000	134
95008	0610345	2577
95013	0668000	17
95014	0617610	3639
95019	0683668	236
95020	0629504	4808
95023	0634120	4720
95030	0644112	1593
95032	0644112	2209
95035	0647766	3319
95037	0668000	4588
95050	0669084	2049
95051	0669084	2672
95053	0669084	1
95054	0669084	1071
95062	0669112	2695
95064	0669112	81
95070	0670280	3332
95110	0668000	1050
95111	0668000	2044
95112	0668000	1848
95113	0668000	174
95116	0668000	1514
95117	0668000	975
95118	0668000	1662
95119	0668000	536
95120	0668000	2884
95121	0668000	1817
95122	0668000	1463
95123	0668000	2843
95124	0668000	2767
95125	0668000	2943
95126	0668000	1479
95127	0668000	2826
95128	0668000	1607
95129	0668000	1890
95130	0668000	708
95131	0668000	1832
95132	0668000	2052
95133	0668000	1306
95134	0668000	691
95135	0668000	1593
95136	0668000	1906
95138	0668000	1088
95139	0668000	417
95148	0668000	2244
95202	0675000	688
95203	0675000	1691
95204	0675000	2610
95205	0675000	3018
95206	0675000	4310
95207	0675000	2401
95209	0675000	2428
95210	0675000	1716
95211	0675000	16
95212	0675000	1713
95219	0675000	1376
95240	0642202	3197
95242	0642202	2262
95301	0603162	3765
95304	0680238	1433
95307	0612524	2965
95313	0648354	278
95330	0640704	1841
95336	0645484	3464
95337	0645484	2931
95340	0646898	3947
95341	0646898	2637
95348	0646898	2163
95350	0648354	4035
95351	0648354	2957
95354	0648354	2608
95355	0648354	4331
95356	0648354	2558
95357	0648354	1199
95358	0648354	2363
95363	0656112	2237
95367	0661068	1779
95376	0680238	3673
95377	0680238	2235
95380	0680812	3606
95382	0680812	2723
95391	0649582	1482
95401	0670098	2730
95403	0670098	3238
95404	0670098	4032
95405	0670098	1797
95407	0670098	2419
95409	0670098	2610
95492	0685922	2228
95501	0623042	3436
95605	0684816	703
95610	0613588	2707
95616	0618100	2485
95618	0618100	1650
95621	0613588	2894
95624	0622020	4335
95630	0624638	5088
95632	0628112	2553
95648	0641474	4316
95661	0662938	2552
95668	0662938	232
95670	0659444	3363
95671	0624638	1
95677	0662364	2060
95678	0662938	3081
95687	0681554	3697
95688	0681554	3897
95691	0684816	2699
95695	0686328	3374
95742	0659444	839
95747	0662938	5141
95757	0622020	2571
95758	0622020	3302
95765	0662364	2104
95776	0686328	1587
95811	0664000	829
95814	0664000	999
95815	0664000	1771
95816	0664000	1637
95817	0664000	1301
95818	0664000	1974
95819	0664000	1473
95820	0664000	2532
95822	0664000	2998
95823	0664000	3609
95824	0664000	1450
95826	0664000	2166
95827	0659444	1267
95831	0664000	2948
95832	0664000	488
95833	0664000	1823
95834	0664000	1765
95835	0664000	2002
95838	0664000	2648
95926	0613014	2547
95929	0613014	2
95991	0686972	3026
95993	0686972	3118
96001	0659920	4419
96002	0659920	3128
96003	0659920	5651
97005	4105350	1956
97006	4105350	2960
97007	4105350	4258
97008	4105350	2249
97015	4132050	2135
97030	4131250	2707
97034	4140550	2702
97035	4140550	2536
97045	4155200	6456
97062	4174950	2401
97068	4180150	3386
97070	4182800	2011
97071	4183750	2467
97080	4131250	4249
97086	4132050	2788
97116	4126200	2642
97123	4134100	4128
97124	4134100	4135
97128	4145000	4645
97132	4152100	3476
97201	4159000	1427
97202	4159000	4333
97203	4159000	3900
97204	4159000	370
97205	4159000	692
97206	4159000	5442
97208	4159000	2
97209	4159000	1274
97210	4159000	1535
97211	4159000	4091
97212	4159000	2331
97213	4159000	3294
97214	4159000	3461
97215	4159000	1785
97216	4159000	1390
97217	4159000	4173
97218	4159000	1227
97219	4159000	4781
97220	4159000	2652
97221	4159000	1469
97223	4173650	4349
97224	4173650	3170
97225	4105350	2158
97227	4159000	989
97230	4159000	3376
97231	4159000	857
97232	4159000	1743
97233	4159000	2073
97236	4159000	2600
97239	4159000	1516
97266	4159000	2820
97301	4164900	4932
97302	4164900	4571
97303	4138500	3404
97304	4164900	86
97305	4164900	3297
97306	4164900	3374
97310	4164900	16
97317	4164900	2861
97321	4101000	4226
97322	4101000	3154
97330	4115800	4013
97331	4115800	74
97333	4115800	2333
97401	4123850	3749
97402	4123850	5166
97403	4123850	1204
97405	4123850	5451
97408	4123850	1467
97477	4169600	3404
97478	4169600	3598
97501	4147000	4195
97504	4147000	4637
97526	4130550	4559
97527	4130550	4615
97701	4105800	4684
97702	4105800	4890
97703	4105800	4123
97756	4161200	5649
98001	5303180	3900
98002	5303180	2097
98003	5323515	3166
98004	5305210	2550
98005	5305210	1679
98006	5305210	3579
98007	5305210	1506
98008	5305210	2163
98011	5307380	2380
98020	5320750	1851
98021	5307380	2833
98023	5323515	4002
98026	5320750	3493
98029	5333805	1829
98030	5335415	2593
98031	5335415	3387
98032	5335415	3268
98033	5335940	3811
98034	5335940	4451
98036	5340840	3110
98037	5340840	1994
98040	5345005	2414
98043	5347490	1725
98052	5357535	5302
98055	5357745	1646
98056	5357745	2783
98057	5357745	1194
98074	5361115	2741
98075	5361115	2186
98092	5303180	4017
98101	5363000	531
98102	5363000	936
98103	5363000	3391
98104	5363000	676
98105	5363000	2190
98106	5363000	1684
98107	5363000	1608
98108	5363000	2717
98109	5363000	1519
98112	5363000	1750
98115	5363000	3678
98116	5363000	1808
98117	5363000	2370
98118	5363000	3496
98119	5363000	1559
98121	5363000	376
98122	5363000	2063
98125	5363000	2438
98126	5363000	1567
98133	5363960	3223
98134	5363000	708
98136	5363000	1241
98144	5363000	2903
98146	5308850	2118
98148	5308850	812
98154	5363000	1
98155	5363960	3059
98158	5362288	29
98164	5363000	4
98166	5308850	2008
98174	5363000	1
98177	5363960	1990
98195	5363000	30
98198	5317635	3118
98199	5363000	1981
98201	5322640	2970
98203	5322640	2695
98204	5322640	1426
98207	5322640	2
98225	5305280	4125
98226	5305280	4188
98229	5305280	3107
98258	5337900	4537
98270	5343955	3942
98271	5343955	3149
98273	5347560	3238
98310	5307695	1956
98312	5307695	3524
98314	5307695	8
98337	5307695	740
98371	5356695	2848
98402	5370000	681
98403	5370000	711
98404	5370000	2938
98405	5370000	2255
98406	5370000	2290
98407	5370000	2314
98408	5370000	1686
98409	5370000	2440
98416	5370000	4
98418	5370000	900
98421	5370000	557
98422	5370000	1749
98465	5370000	538
98466	5373465	2249
98467	5373465	1253
98498	5338038	2506
98499	5338038	2714
98501	5372905	5168
98502	5351300	3302
98503	5336745	3205
98506	5351300	2190
98512	5372905	3571
98516	5336745	2311
98607	5309480	4010
98632	5340245	4113
98660	5374060	1699
98661	5374060	3591
98663	5374060	1960
98664	5374060	2255
98682	5374060	5496
98683	5374060	2453
98684	5374060	2508
98801	5377105	4245
98837	5347245	5318
98902	5380010	3872
98908	5380010	4240
99016	5367167	1789
99037	5367167	1405
99163	5356625	2124
99201	5367000	1747
99202	5367000	3614
99203	5367000	2494
99204	5367000	846
99205	5367000	6650
99206	5367167	3883
99207	5367000	3896
99208	5367000	5204
99212	5367167	3159
99216	5367167	2313
99217	5367000	2721
99223	5367000	3378
99224	5367000	3803
99258	5367000	3
99301	5353545	7925
99336	5335275	4183
99338	5335275	2403
99352	5358235	3371
99354	5358235	1975
99362	5375775	5007
99501	0203000	1962
99502	0203000	1843
99503	0203000	1369
99504	0203000	2414
99505	0203000	103
99506	0203000	401
99507	0203000	2795
99508	0203000	2245
99513	0203000	3
99515	0203000	1621
99516	0203000	2732
99517	0203000	1279
99518	0203000	1073
99530	0203000	1
99540	0203000	103
99567	0203000	1344
99577	0203000	2477
99587	0203000	391
99703	0224230	216
99801	0236400	2467
99824	0236400	173
