name	locality	addresses
Montevallo Rd	0100820	45
Kent Dairy Rd	0100820	34
Smokey Rd	0100820	32
Simmsville Rd	0100820	27
1st Ave W	0100820	25
Butler Rd	0100820	20
Mission Hills Rd	0100820	18
Fulton Springs Rd	0100820	17
1st St N	0100820	16
Massey Rd	0100820	14
Lee Hwy	0102956	196
Mooresville Rd	0102956	68
Brownsferry Rd	0102956	59
Snake Rd	0102956	52
Nick Davis Rd	0102956	43
Lucas Ferry Rd	0102956	42
Pepper Rd	0102956	34
Elkton Rd	0102956	33
Huntsville Brownsferry Rd	0102956	33
Shaw Rd	0102956	33
Lee Road 10	0103076	66
E University Dr	0103076	54
S College St	0103076	47
Lee Road 188	0103076	44
Society Hill Rd	0103076	39
Heath Rd	0103076	38
Moores Mill Rd	0103076	36
N College St	0103076	32
Pear Tree Rd	0103076	31
Wire Rd	0103076	31
6th Ave S	0107000	122
5th Ave S	0107000	111
1st Ave N	0107000	109
Center Point Pkwy	0107000	84
Cherry Ave	0107000	84
1st Ave S	0107000	78
3rd Ave S	0107000	75
4th Ave S	0107000	75
7th Ave S	0107000	75
2nd Ave N	0107000	74
Ridgewood Dr	0119648	87
Main St	0119648	47
Daphne Ave	0119648	26
Bay View Dr	0119648	23
Captain O'Neal Dr	0119648	22
Pollard Rd	0119648	17
Robbins Blvd	0119648	17
Old Spanish Trl	0119648	16
Bay Branch Dr	0119648	15
Rolling Hill Dr	0119648	14
6th Ave SE	0120104	86
Bee Line Hwy	0120104	64
Old Moulton Rd	0120104	47
8th St SE	0120104	41
Danville Rd SW	0120104	41
Central Pkwy SW	0120104	39
Bethel Rd	0120104	38
11th St SE	0120104	37
16th Ave SE	0120104	37
Sandlin Rd SW	0120104	35
Ross Clark Cir	0121184	95
S Park Ave	0121184	94
W Main St	0121184	75
Fortner St	0121184	74
3rd Ave	0121184	64
S Oates St	0121184	63
Montgomery Hwy	0121184	57
Hodgesville Rd	0121184	51
E Main St	0121184	47
E Cottonwood Rd	0121184	45
Boll Weevil Cir	0124184	31
E Park Ave	0124184	29
Shellfield Rd	0124184	27
Ozark Hwy	0124184	25
W College St	0124184	24
Geneva Hwy	0124184	22
Bellwood Rd	0124184	21
Rucker Blvd	0124184	21
E Lee St	0124184	20
N Main St	0124184	17
S Greeno Rd	0125240	63
Fairhope Ave	0125240	42
Main St	0125240	39
S Section St	0125240	33
Scenic Highway 98	0125240	33
Morphy Ave	0125240	28
Nichols Ave	0125240	24
Twin Beach Rd	0125240	23
S Ingleside St	0125240	21
Twin Beech Rd	0125240	21
Huntsville Rd	0126896	61
Chisholm Rd	0126896	44
Hermitage Dr	0126896	41
Veterans Dr	0126896	39
N Wood Ave	0126896	36
Florence Blvd	0126896	34
Woodard Ave	0126896	32
Cole Ave	0126896	28
Mars Hill Rd	0126896	26
Sherrod Ave	0126896	26
McKenzie St	0126992	33
Miflin Rd	0126992	33
N Alston St	0126992	32
Underwood Rd	0126992	32
Magnolia Springs Hwy	0126992	30
Keller Rd	0126992	29
N Cedar St	0126992	26
N Pine St	0126992	25
Wolf Bay Dr	0126992	19
S Hickory St	0126992	18
W Meighan Blvd	0128696	47
Tabor Rd	0128696	42
Lay Springs Rd	0128696	40
Fairview Rd	0128696	39
S 11th St	0128696	39
Tuscaloosa Ave	0128696	39
Whorton Bend Rd	0128696	34
Forrest Ave	0128696	31
Walnut St	0128696	31
Tidmore Bend Rd	0128696	30
Oxmoor Rd	0135800	59
Lakeshore Dr	0135800	35
Independence Dr	0135800	24
Valley Ave	0135800	24
Saulter Rd	0135800	22
W Oxmoor Rd	0135800	20
Broadway St	0135800	19
Columbiana Rd	0135800	18
18th St S	0135800	15
Green Springs Hwy	0135800	15
Shades Crest Rd	0135896	77
Cahaba Valley Rd	0135896	75
Valleydale Rd	0135896	65
Tyler Rd	0135896	38
Caldwell Mill Rd	0135896	33
Dunnavant Valley Rd	0135896	28
Alford Ave	0135896	27
Meadow Brook Rd	0135896	27
Riverchase Pkwy W	0135896	27
Legacy Dr	0135896	26
Wall Triana Hwy	0137000	151
University Dr NW	0137000	139
Jordan Ln NW	0137000	131
County Line Rd	0137000	124
Old Big Cove Rd	0137000	120
Memorial Pkwy SW	0137000	116
Pulaski Pike	0137000	109
Pulaski Pike NW	0137000	92
Hobbs Island Rd SE	0137000	91
Moores Mill Rd	0137000	86
Madison Blvd	0145784	79
Slaughter Rd	0145784	65
Hughes Rd	0145784	58
Wall Triana Hwy	0145784	50
Browns Ferry Rd	0145784	37
Sullivan St	0145784	28
Zierdt Rd	0145784	28
Madison Pike	0145784	25
Balch Rd	0145784	22
Eastview Dr	0145784	22
Airport Blvd	0150000	200
Dauphin Island Pkwy	0150000	174
Cottage Hill Rd	0150000	168
Old Shell Rd	0150000	157
Moffett Rd	0150000	111
Spring Hill Ave	0150000	104
Dauphin St	0150000	103
Bellingrath Rd	0150000	94
Halls Mill Rd	0150000	91
Government Blvd	0150000	89
Atlanta Hwy	0151000	100
Mobile Hwy	0151000	88
Wares Ferry Rd	0151000	77
Norman Bridge Rd	0151000	66
Vaughn Rd	0151000	63
Woodley Rd	0151000	63
Taylor Rd	0151000	58
S Court St	0151000	56
Narrow Lane Rd	0151000	54
Rosa L Parks Ave	0151000	53
McFarland Blvd	0155200	70
Watermelon Rd	0155200	39
Flatwoods Rd	0155200	38
Union Chapel Rd	0155200	34
Harper Rd	0155200	31
5th St	0155200	30
Main Ave	0155200	30
Tierce Patton Rd	0155200	28
Old Fayette Rd	0155200	26
Bone Camp Rd	0155200	23
Marvyn Pkwy	0157048	60
W Point Pkwy	0157048	37
Moores Mill Rd	0157048	36
Pepperell Pkwy	0157048	33
2nd Ave	0157048	32
Old Columbus Rd	0157048	32
1st Ave	0157048	31
Lee Road 166	0157048	31
Lee Road 390	0157048	31
3rd Ave	0157048	28
Pelham Pkwy	0158848	65
Cahaba Valley Rd	0158848	44
Oak Mountain Trl	0158848	37
Helena Rd	0158848	24
Indian Crest Dr	0158848	22
Miller Cir	0158848	14
Green Park Rd	0158848	12
Weatherly Way	0158848	12
Red Stick Rd	0158848	11
New Hope Rd	0158848	10
Sandfort Rd	0159472	85
Lee Road 240	0159472	55
Summerville Rd	0159472	50
Old Seale Hwy	0159472	48
Crawford Rd	0159472	38
Pierce Rd	0159472	37
S Railroad St	0159472	28
11th Ave	0159472	27
14th St	0159472	26
12th Ave	0159472	25
Autauga County 40	0162328	53
Al Highway 14 W	0162328	48
S Memorial Dr	0162328	44
Autauga County 21	0162328	41
Autauga County 19	0162328	34
Autauga County 57	0162328	27
E Main St	0162328	27
Upper Kingston Rd	0162328	22
Autauga County 69	0162328	19
Bridge Creek Rd	0162328	18
Gadsden Hwy	0176944	70
Advent Cir	0176944	48
Happy Hollow Rd	0176944	39
Roper Rd	0176944	38
Floyd Bradford Rd	0176944	37
Trussville Clay Rd	0176944	34
Smith Sims Rd	0176944	27
Queenstown Rd	0176944	26
Deerfoot Pkwy	0176944	24
Old Springville Rd	0176944	23
McFarland Blvd E	0177256	101
Hargrove Rd E	0177256	69
Old Greensboro Rd	0177256	68
15th St	0177256	67
Greensboro Ave	0177256	63
Rice Mine Rd NE	0177256	59
Skyland Blvd E	0177256	59
University Blvd E	0177256	59
Martin Luther King Jr Blvd	0177256	55
Culver Rd	0177256	46
Rocky Ridge Rd	0178552	69
Montgomery Hwy	0178552	63
Dolly Ridge Rd	0178552	49
Altadena Rd	0178552	36
Old Rocky Ridge Rd	0178552	36
Columbiana Rd	0178552	32
Cahaba River Rd	0178552	30
Shades Crest Rd	0178552	30
Green Valley Rd	0178552	26
Lorna Rd	0178552	26
Old Seward Hwy	0203000	99
Lake Otis Pkwy	0203000	91
Arctic Blvd	0203000	74
Old Glenn Hwy	0203000	63
Eagle River Rd	0203000	53
E Tudor Rd	0203000	50
Spenard Rd	0203000	50
Debarr Rd	0203000	48
Raspberry Rd	0203000	47
E Northern Lights Blvd	0203000	46
599th St	0224230	7
600th St	0224230	7
Neely Rd	0224230	6
White St	0224230	5
102nd St	0224230	3
9th St	0224230	3
Alsace Loop	0224230	3
Apple St	0224230	3
Balsam St	0224230	3
Beechnut St	0224230	3
Glacier Hwy	0236400	115
Mendenhall Loop Rd	0236400	64
N Douglas Hwy	0236400	33
5th St	0236400	19
2nd St	0236400	16
Glacier Ave	0236400	16
S Franklin St	0236400	16
Riverside Dr	0236400	15
3rd St	0236400	14
4th St	0236400	14
N Meridian Rd	0402830	79
S Meridian Rd	0402830	74
E Apache Trl	0402830	58
N Ironwood Dr	0402830	50
E Superstition Blvd	0402830	49
N Delaware Dr	0402830	48
E Broadway Ave	0402830	47
S Winchester Rd	0402830	46
S Tomahawk Rd	0402830	45
E 4th Ave	0402830	43
W Thomas Rd	0404720	49
N 107th Ave	0404720	37
W Encanto Blvd	0404720	33
W McDowell Rd	0404720	29
W Garden Lakes Pkwy	0404720	27
W Monte Vista Rd	0404720	24
W Indian School Rd	0404720	23
N 115th Ave	0404720	22
N 123rd Dr	0404720	22
W Palm Ln	0404720	22
W Baseline Rd	0407940	119
W Broadway Rd	0407940	109
W Lower Buckeye Rd	0407940	108
W Southern Ave	0407940	91
W Indian School Rd	0407940	81
W Van Buren St	0407940	78
W Camelback Rd	0407940	65
W Yuma Rd	0407940	63
S Tuthill Rd	0407940	58
W Buckeye Rd	0407940	51
Topock-Davis Dam Rd	0408220	69
Ramar Rd	0408220	35
Lorton Rd	0408220	28
Marina Blvd	0408220	26
Hancock Rd	0408220	25
Riverview Dr	0408220	25
Coronado Dr	0408220	22
Lakeside Dr	0408220	21
Riverfront Dr	0408220	20
Trane Rd	0408220	19
N Trekell Rd	0410530	78
N Casa Grande Ave	0410530	59
N Pueblo Dr	0410530	52
E Florence Blvd	0410530	51
N Pinal Ave	0410530	51
W Arica Rd	0410530	47
N Colorado St	0410530	46
E McMurray Blvd	0410530	45
W Hopi Dr	0410530	45
N Kadota Ave	0410530	38
W Hunt Hwy	0412000	90
E Riggs Rd	0412000	79
S Cooper Rd	0412000	62
W Chandler Blvd	0412000	59
W Ray Rd	0412000	59
S McQueen Rd	0412000	58
S Dobson Rd	0412000	57
S Arizona Ave	0412000	55
W Galveston St	0412000	55
S Lindsay Rd	0412000	52
N El Mirage Rd	0422220	29
N Dysart Rd	0422220	28
N Pablo St	0422220	23
W Olive Ave	0422220	23
N 130th Ln	0422220	21
W Bloomfield Rd	0422220	21
W Thunderbird Rd	0422220	21
N El Frio St	0422220	20
N Litchfield Rd	0422220	19
W Columbine Dr	0422220	19
Townsend-Winona Rd	0423620	54
E Linda Vista Dr	0423620	47
Stardust Trl	0423620	32
N 4th St	0423620	31
E Lockett Rd	0423620	30
Lake Mary Rd	0423620	30
Slayton Ranch Rd	0423620	29
Hutton Ranch Rd	0423620	25
Leupp Rd	0423620	25
S Clubhouse Cir	0423620	25
Pinal Pioneer Pkwy	0423760	52
N Diffen Rd	0423760	27
N Felix Rd	0423760	26
E Orville St	0423760	25
N Hohokam Rd	0423760	24
N Wildwood Rd	0423760	24
E Javelina Dr	0423760	23
E Butte Ave	0423760	22
E Cactus Forest Rd	0423760	22
S Main St	0423760	22
S Val Vista Dr	0427400	66
S Lindsay Rd	0427400	61
E Elliot Rd	0427400	54
E Ray Rd	0427400	49
S Gilbert Rd	0427400	48
S Greenfield Rd	0427400	46
N Burk St	0427400	42
E Baseline Rd	0427400	41
S Higley Rd	0427400	41
E Guadalupe Rd	0427400	40
N 47th Ave	0427820	160
N 67th Ave	0427820	154
N 59th Ave	0427820	148
N 51st Ave	0427820	147
N 45th Ave	0427820	145
N 55th Ave	0427820	143
N 63rd Ave	0427820	142
N 57th Ave	0427820	127
N 61st Ave	0427820	127
N 53rd Ave	0427820	117
N Ralston Rd	0428380	75
W Farrell Rd	0428380	60
N Warren Rd	0428380	51
W Dune Shadow Rd	0428380	51
N Hidden Valley Rd	0428380	47
W Barnes Rd	0428380	41
W Van Buren St	0428380	40
W Sotol Rd	0428380	38
W Yuma Rd	0428380	36
W Century Rd	0428380	35
Stockton Hill Rd	0437620	102
E Andy Devine Ave	0437620	76
Eastern St	0437620	48
Western Ave	0437620	46
Airway Ave	0437620	44
Gordon Dr	0437620	44
Kino Ave	0437620	44
N Bank St	0437620	42
Beverly Ave	0437620	40
Main St	0437620	38
McCulloch Blvd N	0439370	66
London Bridge Rd	0439370	61
Palo Verde Blvd S	0439370	55
McCulloch Blvd S	0439370	46
Kiowa Blvd N	0439370	44
N Palo Verde Blvd	0439370	44
Daytona Ave	0439370	40
N Lake Havasu Ave	0439370	40
Jamaica Blvd S	0439370	39
Kiowa Blvd S	0439370	33
N Anway Rd	0444270	48
S Cattle Tank Rd	0444270	42
N Trico Rd	0444270	38
W Moore Rd	0444270	38
W Avra Valley Rd	0444270	36
S Estancia Dr	0444270	35
S Twin Hawk Ln	0444270	35
S Owl Head Ranch Rd	0444270	31
N Derringer Rd	0444270	29
S Davis Ranch Rd	0444270	28
N Porter Rd	0444410	43
W Honeycutt Rd	0444410	33
W Farrell Rd	0444410	29
John Wayne Pkwy	0444410	21
N Russell Rd	0444410	17
W Peters and Nall Rd	0444410	17
N Wilford Ave	0444410	14
W Smith Enke Rd	0444410	14
Anne Ln	0444410	13
N White and Parker Rd	0444410	13
E Broadway Rd	0446000	174
E Brown Rd	0446000	166
E University Dr	0446000	154
E Southern Ave	0446000	124
E Main St	0446000	120
E McKellips Rd	0446000	115
E Baseline Rd	0446000	110
E Adobe Rd	0446000	94
N Mesa Dr	0446000	88
E Pueblo Ave	0446000	85
W Moore Rd	0451600	30
W Tangerine Rd	0451600	29
N Copper Spring Trl	0451600	24
N Woodburne Ave	0451600	23
N Oracle Rd	0451600	20
N Copper Creek Dr	0451600	17
N Monterra Vista Dr	0451600	17
N Rancho Vistoso Blvd	0451600	17
W Vistoso Highlands Dr	0451600	17
E Rancho Vistoso Blvd	0451600	16
N 89th Ave	0454050	111
N 71st Ave	0454050	106
N 87th Ave	0454050	103
N 91st Ave	0454050	98
N 85th Ave	0454050	87
N 83rd Ave	0454050	83
N 81st Ave	0454050	66
N 87th Dr	0454050	65
N 93rd Ave	0454050	62
N 73rd Ave	0454050	60
N Central Ave	0455000	296
N 7th St	0455000	287
N 12th St	0455000	274
N 31st Ave	0455000	268
N 35th Ave	0455000	264
N 7th Ave	0455000	264
N 15th Ave	0455000	259
N 19th Ave	0455000	259
N 33rd Ave	0455000	241
N 16th St	0455000	233
Willow Creek Rd	0457380	52
Copper Basin Rd	0457380	38
White Spar Rd	0457380	24
Delano Ave	0457380	23
E Old Black Canyon Hwy	0457380	21
E Gurley St	0457380	20
Willow Lake Rd	0457380	20
Demerse Ave	0457380	19
E Sheldon St	0457380	19
S Senator Hwy	0457380	19
N Robert Rd	0457450	35
E Spouse Dr	0457450	33
E Lakeshore Dr	0457450	31
N Coyote Springs Rd	0457450	31
N Antelope Meadows Dr	0457450	29
E Yavapai Rd	0457450	25
E Florentine Rd	0457450	24
E Mummy View Dr	0457450	23
N Lawrence Ln	0457450	22
N Poquito Valley Rd	0457450	22
E Hunt Hwy	0458150	56
E Riggs Rd	0458150	50
E San Tan Blvd	0458150	48
S Sossaman Rd	0458150	48
E Happy Rd	0458150	43
N Gary Rd	0458150	40
E Ocotillo Rd	0458150	39
E Mews Rd	0458150	38
S Ellsworth Rd	0458150	37
S Rittenhouse Rd	0458150	35
S La Canada Dr	0462140	35
S Wilmot Rd	0462140	29
S Cam de Las Quintas	0462140	25
S Mann Ave	0462140	24
W Pima Mine Rd	0462140	23
S Country Club Rd	0462140	19
S La Villita Rd	0462140	19
W McGee Ranch Rd	0462140	18
E Sahuarita Rd	0462140	17
W Helmet Peak Rd	0462140	17
S Ave B	0463470	32
W County 16th St	0463470	31
W County 15th St	0463470	29
S Ave G	0463470	28
S Ave A	0463470	24
S Ave A 1/2	0463470	22
S Ave D	0463470	22
W County 18th St	0463470	22
C St	0463470	19
W County 17 1/2 St	0463470	19
N Hayden Rd	0465000	178
N 78th St	0465000	155
N 82nd St	0465000	121
N 74th St	0465000	111
N 86th St	0465000	107
N Granite Reef Rd	0465000	106
N 87th St	0465000	105
N Miller Rd	0465000	102
N Pima Rd	0465000	95
E Shea Blvd	0465000	93
E Fry Blvd	0466820	24
N 7th St	0466820	24
S El Camino Real	0466820	23
E Busby Dr	0466820	19
E Wilcox Dr	0466820	19
E Tacoma St	0466820	16
S Coronado Dr	0466820	16
Foothills Dr	0466820	15
N Lenzner Ave	0466820	14
Cam del Norte	0466820	13
W Bell Rd	0471510	72
W Jomax Rd	0471510	71
W Patton Rd	0471510	70
W Greenway Rd	0471510	64
W Waddell Rd	0471510	53
W Lone Mountain Rd	0471510	51
N 211th Ave	0471510	50
W Paradise Ln	0471510	48
W Dixileta Dr	0471510	47
N 223rd Ave	0471510	44
S Hardy Dr	0473000	105
S McClintock Dr	0473000	88
S Priest Dr	0473000	82
S College Ave	0473000	81
S Rural Rd	0473000	75
S Los Feliz Dr	0473000	73
S Mill Ave	0473000	72
S Beck Ave	0473000	67
S Terrace Rd	0473000	65
S Kyrene Rd	0473000	61
E Speedway Blvd	0477000	154
S Wilmot Rd	0477000	128
E Broadway Blvd	0477000	127
E 5th St	0477000	120
E 22nd St	0477000	107
S 6th Ave	0477000	87
E Valencia Rd	0477000	86
S Park Ave	0477000	85
E Irvington Rd	0477000	84
E 29th St	0477000	83
W 8th St	0485540	98
S Ave B	0485540	92
S Ave A	0485540	90
S 4th Ave	0485540	80
E 32nd St	0485540	63
W 24th St	0485540	63
S 1st Ave	0485540	61
S Arizona Ave	0485540	61
W 3rd St	0485540	56
W 5th St	0485540	56
Bella Vista Way	0504840	30
Forest Hills Blvd	0504840	25
Stoneykirk Dr	0504840	19
Granshire Dr	0504840	17
Buckingham Dr	0504840	15
Kinross Dr	0504840	15
Pimlico Dr	0504840	13
Cranfield Dr	0504840	11
Westbury Dr	0504840	11
Argyll Dr	0504840	10
Hot Springs Hwy	0505290	64
Alcoa Rd	0505290	57
Frontage Rd	0505290	56
Congo Rd	0505290	49
Military Rd	0505290	35
Edison Ave	0505290	34
Old Stagecoach Rd	0505290	33
Salem Rd	0505290	31
Springhill Rd	0505290	29
Steel Bridge Rd	0505290	29
SW Regional Airport Blvd	0505320	48
Healing Springs Rd	0505320	33
SW 2nd St	0505320	31
S Morning Star Rd	0505320	30
SW 14th St	0505320	27
Moberly Ln	0505320	26
NW 3rd St	0505320	26
Peach Orchard Rd	0505320	26
NW A St	0505320	24
SE J St	0505320	24
Kerr Station Rd	0510300	43
S 1st St	0510300	38
W Main St	0510300	27
Campground Rd	0510300	25
S 2nd St	0510300	24
Mount Carmel Rd	0510300	23
E Main St	0510300	22
Mountain Springs Rd	0510300	21
Lakeland Dr	0510300	20
S Pine St	0510300	20
W Centerton Blvd	0512820	24
Bliss St	0512820	16
Main St	0512820	15
E Centerton Blvd	0512820	13
Sienna Dr	0512820	13
Gamble Rd	0512820	12
Keller Rd	0512820	9
Lariat Dr	0512820	9
Le Chesnay Dr	0512820	9
Clydesdale Dr	0512820	8
Dave Ward Dr	0515190	65
Prince St	0515190	61
College Ave	0515190	57
Old Morrilton Hwy	0515190	44
Donaghey Ave	0515190	40
E Oak St	0515190	38
E German Ln	0515190	36
W Tyler St	0515190	36
S Donaghey Ave	0515190	33
Harkrider St	0515190	31
W Wedington Dr	0523290	71
E Mission Blvd	0523290	69
E Huntsville Rd	0523290	63
N Crossover Rd	0523290	59
E Black Oak Rd	0523290	52
N Garland Ave	0523290	49
Harmon Rd	0523290	45
N Salem Rd	0523290	44
N Gregg Ave	0523290	43
N Old Wire Rd	0523290	42
Rogers Ave	0524550	78
Grand Ave	0524550	68
N 6th St	0524550	53
Zero St	0524550	45
Jenny Lind Ave	0524550	44
Towson Ave	0524550	44
N Albert Pike Ave	0524550	43
S 28th St	0524550	40
Kinkead Ave	0524550	39
Massard Rd	0524550	39
Central Ave	0533400	112
Park Ave	0533400	105
E Grand Ave	0533400	93
Albert Pike Rd	0533400	76
Spring St	0533400	76
Marion Anderson Rd	0533400	70
Malvern Ave	0533400	60
Mountain Pine Rd	0533400	57
Shady Grove Rd	0533400	51
Airport Rd	0533400	48
Military Rd	0534750	38
Graham Rd	0534750	28
S 1st St	0534750	28
N 1st St	0534750	25
T P White Dr	0534750	23
John Harden Dr	0534750	22
W Main St	0534750	20
Stonewall Dr	0534750	18
Braden St	0534750	17
Foxwood Dr	0534750	17
Harrisburg Rd	0535710	65
E Johnson Ave	0535710	57
E Nettleton Ave	0535710	53
Aggie Rd	0535710	52
E Highland Dr	0535710	52
S Caraway Rd	0535710	51
Stadium Blvd	0535710	48
Old Greensboro Rd	0535710	44
Southwest Dr	0535710	42
Minnie Jones Ln	0535710	39
Cantrell Rd	0541000	142
W Markham St	0541000	124
Chicot Rd	0541000	113
Arch St	0541000	95
W 12th St	0541000	84
Colonel Glenn Rd	0541000	81
Kanis Rd	0541000	80
Kavanaugh Blvd	0541000	78
W 20th St	0541000	76
W 16th St	0541000	75
Conway Hwy	0550450	59
N Hills Blvd	0550450	58
Pike Ave	0550450	58
E Broadway St	0550450	56
Jacksonville Hwy	0550450	49
John F Kennedy Blvd	0550450	45
McCain Blvd	0550450	43
N Locust St	0550450	43
Division St	0550450	42
Macarthur Dr	0550450	42
W Kingshighway	0553390	49
Finch Rd	0553390	48
Linwood Dr	0553390	42
Craghead County Line Rd	0553390	30
Fairview Rd	0553390	30
E Kingshighway	0553390	28
Old Walcott Rd	0553390	24
S 2nd Ave	0553390	24
E Lake St	0553390	23
Greene 765 Rd	0553390	23
Dollarway Rd	0555310	95
W 13th Ave	0555310	81
S Hazel St	0555310	71
S Olive St	0555310	64
W 6th Ave	0555310	61
Princeton Pike	0555310	54
W 14th Ave	0555310	48
W 15th Ave	0555310	48
W 4th Ave	0555310	48
S Cherry St	0555310	47
W Olive St	0560410	52
N 2nd St	0560410	50
W Oak St	0560410	43
W Walnut St	0560410	39
S 1st St	0560410	37
S 13th St	0560410	30
W New Hope Rd	0560410	30
N 13th St	0560410	28
S Dixieland Rd	0560410	27
W Olrich St	0560410	27
Crow Mountain Rd	0561670	47
W Main St	0561670	42
N Arkansas Ave	0561670	40
S Arkansas Ave	0561670	40
E Main St	0561670	39
Pleasant View Rd	0561670	34
Mill Creek Rd	0561670	32
Center Valley Rd	0561670	31
Marina Rd	0561670	31
E 16th St	0561670	30
E Kiehl Ave	0563800	31
Country Club Rd	0563800	24
Batesville Pike	0563800	23
Jacksonville Cato Rd	0563800	22
E Lee Ave	0563800	20
E Woodruff Ave	0563800	20
Frenchman Mountain Rd	0563800	20
E Maryland Ave	0563800	19
Kellogg Acres Rd	0563800	18
Wildwood Ave	0563800	16
E Robinson Ave	0566080	62
Butterfield Coach Rd	0566080	46
S Thompson St	0566080	46
Wagon Wheel Rd	0566080	40
W Sunset Ave	0566080	38
N Thompson St	0566080	37
S Powell St	0566080	37
S Turner St	0566080	36
Elm Springs Rd	0566080	32
W Huntsville Ave	0566080	31
N State Line Ave	0568810	112
E 9th St	0568810	61
East St	0568810	53
E Broad St	0568810	49
County Ave	0568810	45
Sanderson Ln	0568810	45
Garland Ave	0568810	42
Dooley Ferry Rd	0568810	41
Genoa Rd	0568810	40
Sugar Hill Rd	0568810	37
El Mirage Rd	0600296	92
Bellflower St	0600296	53
Bartlett Ave	0600296	52
Adelanto Rd	0600296	47
Pearmain St	0600296	47
Aster Rd	0600296	40
Colusa Rd	0600296	40
Crippen Ave	0600296	40
Koala Rd	0600296	38
Raccoon Ave	0600296	35
Lincoln Ave	0600562	78
Buena Vista Ave	0600562	77
Santa Clara Ave	0600562	76
Central Ave	0600562	72
Encinal Ave	0600562	49
Otis Dr	0600562	43
Pacific Ave	0600562	42
Broadway	0600562	41
Grand St	0600562	35
Fernside Blvd	0600562	31
W Ramona Rd	0600884	49
W Hellman Ave	0600884	46
S Fremont Ave	0600884	32
W Commonwealth Ave	0600884	32
W Valley Blvd	0600884	31
W Norwood Pl	0600884	30
W Shorb St	0600884	30
W Glendon Way	0600884	29
Front St	0600884	26
W Main St	0600884	26
Aliso Creek Rd	0600947	21
Pacific Park Dr	0600947	13
Via Iglesia	0600947	13
Wood Canyon Dr	0600947	13
Colony Way	0600947	12
Sandcastle	0600947	10
Enterprise Dr	0600947	8
Sanborn	0600947	8
Sandpiper Ln	0600947	8
Cape Victoria	0600947	7
W Lincoln Ave	0602000	90
E La Palma Ave	0602000	76
W Ball Rd	0602000	71
W Broadway	0602000	58
Orange Ave	0602000	51
E Orangethorpe Ave	0602000	50
E South St	0602000	44
E Sycamore St	0602000	44
W La Palma Ave	0602000	44
Katella Ave	0602000	40
G St	0602252	43
E 18th St	0602252	34
Lone Tree Way	0602252	26
Somersville Rd	0602252	26
A St	0602252	24
Putnam St	0602252	24
D St	0602252	23
L St	0602252	23
Sycamore Dr	0602252	22
Hillcrest Ave	0602252	21
Central Rd	0602364	111
Navajo Rd	0602364	81
Ocotillo Way	0602364	76
Joshua Rd	0602364	66
Del Oro Rd	0602364	64
Ottawa Rd	0602364	64
Apple Valley Rd	0602364	63
Kiowa Rd	0602364	62
Deep Creek Rd	0602364	60
Bear Valley Rd	0602364	58
E Live Oak Ave	0602462	37
S Baldwin Ave	0602462	34
S Santa Anita Ave	0602462	31
E Longden Ave	0602462	29
W Foothill Blvd	0602462	28
N Santa Anita Ave	0602462	25
S 2nd Ave	0602462	25
E Camino Real Ave	0602462	24
S 3rd Ave	0602462	23
S 1st Ave	0602462	22
El Camino Real	0603064	107
Morro Rd	0603064	39
Santa Lucia Rd	0603064	28
Traffic Way	0603064	28
Atascadero Ave	0603064	25
San Marcos Rd	0603064	23
Curbaril Ave	0603064	21
Del Rio Rd	0603064	20
Portola Rd	0603064	18
Ardilla Rd	0603064	17
Shaffer Rd	0603162	33
Atwater Jordan Rd	0603162	22
Bell Dr	0603162	22
Golden State Hwy	0603162	22
N Buhach Rd	0603162	22
5th St	0603162	21
Station Ave	0603162	21
3rd St	0603162	20
Fruitland Ave	0603162	20
N Quinley Ave	0603162	19
W Foothill Blvd	0603386	31
N Rockvale Ave	0603386	27
N Vernon Ave	0603386	25
E Foothill Blvd	0603386	23
N San Gabriel Ave	0603386	23
San Gabriel Canyon Rd	0603386	21
W Gladstone St	0603386	21
N Citrus Ave	0603386	19
N Pasadena Ave	0603386	19
S Azusa Ave	0603386	19
S Union Ave	0603526	80
White Ln	0603526	72
Panama Ln	0603526	71
Ming Ave	0603526	68
Maricopa Hwy	0603526	66
Stine Rd	0603526	63
Weedpatch Hwy	0603526	63
Wible Rd	0603526	63
Truxtun Ave	0603526	62
S H St	0603526	58
W Wilson St	0603820	36
W Ramsey St	0603820	34
W Williams St	0603820	32
W Nicolet St	0603820	30
Bluff St	0603820	29
W George St	0603820	26
Sunset Ave	0603820	21
Twin Pines Rd	0603820	21
N San Gorgonio Ave	0603820	20
Riviera Ave	0603820	20
Brookside Ave	0604758	41
Beaumont Ave	0604758	25
E 8th St	0604758	25
E 11th St	0604758	20
E 6th St	0604758	20
Cherry Valley Blvd	0604758	17
Elm Ave	0604758	17
E 10th St	0604758	16
E 9th St	0604758	16
N California Ave	0604758	16
Lakewood Blvd	0604982	42
Bellflower Blvd	0604982	41
Clark Ave	0604982	40
Park St	0604982	38
Artesia Blvd	0604982	34
Alondra Blvd	0604982	33
Ramona St	0604982	33
Cedar St	0604982	32
Woodruff Ave	0604982	32
Virginia Ave	0604982	26
Clara St	0604996	70
E Gage Ave	0604996	70
E Florence Ave	0604996	66
Live Oak St	0604996	58
Elizabeth St	0604996	55
Santa Ana St	0604996	39
Atlantic Ave	0604996	34
Eastern Ave	0604996	32
Garfield Ave	0604996	29
Wilcox Ave	0604996	24
Ralston Ave	0605108	35
Alameda de Las Pulgas	0605108	22
Old County Rd	0605108	22
Notre Dame Ave	0605108	20
Hiller St	0605108	18
Hallmark Dr	0605108	16
Oneill Ave	0605108	16
Cipriani Blvd	0605108	13
South Rd	0605108	13
Harbor Blvd	0605108	12
E 2nd St	0605290	45
Rose Dr	0605290	30
Park Rd	0605290	29
E 5th St	0605290	27
Military W	0605290	25
W K St	0605290	19
E 3rd St	0605290	17
Lopes Rd	0605290	16
1st St	0605290	15
Lori Dr	0605290	14
Cedar St	0606000	73
San Pablo Ave	0606000	67
Sacramento St	0606000	65
University Ave	0606000	57
Dwight Way	0606000	52
Shattuck Ave	0606000	50
Channing Way	0606000	49
Martin Luther King Jr Way	0606000	49
Rose St	0606000	48
Virginia St	0606000	48
Charleville Blvd	0606308	53
Gregory Way	0606308	45
Wilshire Blvd	0606308	41
W Olympic Blvd	0606308	32
Whitworth Dr	0606308	27
Clifton Way	0606308	20
Dayton Way	0606308	13
S Rodeo Dr	0606308	10
S Bedford Dr	0606308	9
S Camden Dr	0606308	9
Wiest Rd	0608058	26
K St	0608058	17
I St	0608058	16
Jones St	0608058	16
D St	0608058	14
N Best Ave	0608058	14
N Eastern Ave	0608058	14
N Imperial Ave	0608058	14
Shank St	0608058	14
B St	0608058	13
Imperial Hwy	0608100	32
E Birch St	0608100	25
E Lambert Rd	0608100	23
Berry St	0608100	22
Carbon Canyon Rd	0608100	22
N Puente St	0608100	22
W Central Ave	0608100	21
E Elm St	0608100	19
Tamarack Ave	0608100	18
W Lambert Rd	0608100	18
Brentwood Blvd	0608142	53
Balfour Rd	0608142	37
Byron Hwy	0608142	35
Deer Valley Rd	0608142	35
Chestnut St	0608142	31
Marsh Creek Rd	0608142	31
Sunset Rd	0608142	31
Delta Rd	0608142	22
Lone Tree Way	0608142	21
Concord Ave	0608142	20
Beach Blvd	0608786	53
Holder St	0608786	53
Valley View St	0608786	48
Western Ave	0608786	44
Stanton Ave	0608786	41
Orangethorpe Ave	0608786	37
La Palma Ave	0608786	28
Artesia Blvd	0608786	27
Knott Ave	0608786	22
Lincoln Ave	0608786	20
W Chandler Blvd	0608954	70
N Glenoaks Blvd	0608954	61
W Burbank Blvd	0608954	61
W Olive Ave	0608954	50
W Clark Ave	0608954	49
W Alameda Ave	0608954	47
W Magnolia Blvd	0608954	47
W Verdugo Ave	0608954	47
N Hollywood Way	0608954	46
N Kenneth Rd	0608954	42
Rockwood Ave	0609710	24
S Imperial Ave	0609710	23
E 2nd St	0609710	16
Grant St	0609710	16
Carr Rd	0609710	14
G Anaya Ave	0609710	13
Heber Ave	0609710	13
Paulin Ave	0609710	13
Rancho Frontera Ave	0609710	13
Blair Ave	0609710	12
Santa Rosa Rd	0610046	63
Presilla Rd	0610046	27
Las Posas Rd	0610046	26
Pleasant Valley Rd	0610046	26
N Lewis Rd	0610046	25
Crestview Ave	0610046	22
Ventura Blvd	0610046	22
Mission Dr	0610046	21
Mobil Ave	0610046	20
Valley Vista Dr	0610046	18
S Bascom Ave	0610345	41
W Campbell Ave	0610345	27
W Latimer Ave	0610345	27
W Hacienda Ave	0610345	24
W Rincon Ave	0610345	24
Union Ave	0610345	21
Winchester Blvd	0610345	21
E Hamilton Ave	0610345	20
S San Tomas Aquino Rd	0610345	19
Bucknall Rd	0610345	18
Carlsbad Blvd	0611194	56
Palomar Airport Rd	0611194	54
El Camino Real	0611194	47
Tamarack Ave	0611194	46
Carlsbad Village Dr	0611194	40
Chestnut Ave	0611194	34
Levante St	0611194	34
Ave Encinas	0611194	25
Unicornio St	0611194	25
La Costa Ave	0611194	24
S Avalon Blvd	0611530	65
S Figueroa St	0611530	49
E Carson St	0611530	41
E 220th St	0611530	40
Avalon Blvd	0611530	37
E 213th St	0611530	36
E Dominguez St	0611530	34
Santa Fe Ave	0611530	34
E Turmont St	0611530	33
E Sepulveda Blvd	0611530	29
Ramon Rd	0612048	36
Cathedral Canyon Dr	0612048	31
Date Palm Dr	0612048	28
E Palm Canyon Dr	0612048	24
McCallum Way	0612048	22
Pso Real	0612048	21
Ave Maravilla	0612048	20
Ave la Paz	0612048	17
30th Ave	0612048	16
Bel Air Dr	0612048	16
E Whitmore Ave	0612524	41
Central Ave	0612524	38
Faith Home Rd	0612524	28
Moffett Rd	0612524	27
Mitchell Rd	0612524	23
Don Pedro Rd	0612524	22
Rose Ave	0612524	22
Morgan Rd	0612524	18
Blaker Rd	0612524	17
E Svc Rd	0612524	17
Artesia Blvd	0612552	35
E 166th St	0612552	33
Gridley Rd	0612552	33
Studebaker Rd	0612552	30
183rd St	0612552	27
Bloomfield Ave	0612552	25
Rose St	0612552	25
Carmenita Rd	0612552	24
South St	0612552	23
Andy St	0612552	20
Manzanita Ave	0613014	37
W Sacramento Ave	0613014	33
Esplanade	0613014	31
E 1st Ave	0613014	29
East Ave	0613014	27
Vallombrosa Ave	0613014	24
Nord Ave	0613014	23
E Lindo Ave	0613014	18
Filbert Ave	0613014	18
Hooker Oak Ave	0613014	17
Riverside Dr	0613210	58
Chino Ave	0613210	57
Walnut Ave	0613210	48
Yorba Ave	0613210	41
Norton Ave	0613210	39
Pipeline Ave	0613210	38
Monte Vista Ave	0613210	37
Schaefer Ave	0613210	36
Ramona Ave	0613210	35
Central Ave	0613210	33
Peyton Dr	0613214	38
Olympic View Dr	0613214	27
Valle Vista Dr	0613214	25
Rancho Hills Dr	0613214	22
Chino Hills Pkwy	0613214	21
Carbon Canyon Rd	0613214	20
Pipeline Ave	0613214	19
Eucalyptus Ave	0613214	17
Bayberry Dr	0613214	16
Scenic Ridge Dr	0613214	15
Hilltop Dr	0613392	54
4th Ave	0613392	53
Broadway	0613392	50
1st Ave	0613392	45
E J St	0613392	45
2nd Ave	0613392	44
Otay Lakes Rd	0613392	44
Telegraph Canyon Rd	0613392	44
3rd Ave	0613392	42
5th Ave	0613392	39
Mariposa Ave	0613588	58
Auburn Blvd	0613588	56
Sunrise Blvd	0613588	42
Greenback Ln	0613588	36
Old Auburn Rd	0613588	31
Twin Oaks Ave	0613588	30
Van Maren Ln	0613588	26
Oak Ave	0613588	20
Antelope Rd	0613588	19
San Juan Ave	0613588	18
N Mills Ave	0613756	42
N Mountain Ave	0613756	41
N Indian Hill Blvd	0613756	37
Padua Ave	0613756	26
Mount Baldy Rd	0613756	22
W Baseline Rd	0613756	22
W Bonita Ave	0613756	20
N College Ave	0613756	18
N Towne Ave	0613756	17
W Arrow Hwy	0613756	17
Tollhouse Rd	0614218	73
Auberry Rd	0614218	57
Sunnyside Ave	0614218	47
E Herndon Ave	0614218	46
E Shepherd Ave	0614218	45
E Bullard Ave	0614218	44
N Peach Ave	0614218	39
Minnewawa Ave	0614218	36
Santa Ana Ave	0614218	36
Stanford Ave	0614218	35
Ave 52	0614260	45
Ave 50	0614260	26
Harrison St	0614260	26
Tyler St	0614260	26
Grapefruit Blvd	0614260	20
Van Buren St	0614260	19
Frederick St	0614260	18
54th Ave	0614260	17
Ave 53	0614260	15
Cesar Chavez St	0614260	14
S Reche Canyon Rd	0614890	32
N Pennsylvania Ave	0614890	28
W Olive St	0614890	26
N Rancho Ave	0614890	23
S Mount Vernon Ave	0614890	22
W C St	0614890	22
E Washington St	0614890	21
N Colton Ave	0614890	21
S La Cadena Dr	0614890	21
N La Cadena Dr	0614890	20
S Willowbrook Ave	0615044	54
E Compton Blvd	0615044	47
S Alameda St	0615044	46
E Rosecrans Ave	0615044	45
E Myrrh St	0615044	40
N Wilmington Ave	0615044	36
E Alondra Blvd	0615044	35
S Wilmington Ave	0615044	33
E Greenleaf Blvd	0615044	32
S Atlantic Ave	0615044	32
Concord Blvd	0616000	83
Clayton Rd	0616000	80
Treat Blvd	0616000	48
Willow Pass Rd	0616000	44
Cowell Rd	0616000	38
Laurel Dr	0616000	28
Monument Blvd	0616000	27
Grant St	0616000	25
Lynwood Dr	0616000	25
Olive Dr	0616000	25
S Main St	0616350	40
Rimpau Ave	0616350	38
Magnolia Ave	0616350	37
S Lincoln Ave	0616350	32
Fullerton Ave	0616350	27
Garretson Ave	0616350	27
W Ontario Ave	0616350	27
Border Ave	0616350	24
S Belle Ave	0616350	24
Avenida del Vis	0616350	23
Santa Ana Ave	0616532	77
Harbor Blvd	0616532	50
Orange Ave	0616532	48
Newport Blvd	0616532	44
Baker St	0616532	41
Placentia Ave	0616532	40
Fairview Rd	0616532	38
Victoria St	0616532	38
Tustin Ave	0616532	33
W Wilson St	0616532	33
E Cypress St	0616742	73
E Covina Blvd	0616742	45
N Barranca Ave	0616742	41
N Grand Ave	0616742	39
E Cienega Ave	0616742	38
E Badillo St	0616742	36
W San Bernardino Rd	0616742	31
E Covina Hills Rd	0616742	29
E Arrow Hwy	0616742	27
E Puente St	0616742	27
Washington Blvd	0617568	76
Sepulveda Blvd	0617568	44
Braddock Dr	0617568	40
Culver Blvd	0617568	39
Jefferson Blvd	0617568	37
Venice Blvd	0617568	35
Sawtelle Blvd	0617568	34
Overland Ave	0617568	33
Inglewood Blvd	0617568	22
Farragut Dr	0617568	20
Stevens Creek Blvd	0617610	50
Stevens Canyon Rd	0617610	36
Bollinger Rd	0617610	30
McClellan Rd	0617610	24
S Stelling Rd	0617610	19
Montebello Rd	0617610	18
Rainbow Dr	0617610	17
S Blaney Ave	0617610	16
Bubb Rd	0617610	15
E Homestead Rd	0617610	14
Valley View St	0617750	44
Walker St	0617750	42
Ball Rd	0617750	40
Holder St	0617750	34
Moody St	0617750	33
Lincoln Ave	0617750	31
Marion Ave	0617750	28
Myra Ave	0617750	28
Cerritos Ave	0617750	24
Crescent Ave	0617750	22
Southgate Ave	0617918	51
Mission St	0617918	48
Junipero Serra Blvd	0617918	41
Skyline Dr	0617918	30
Hillside Blvd	0617918	28
Higate Dr	0617918	22
S Mayfair Ave	0617918	20
Washington St	0617918	19
Bellevue Ave	0617918	18
Gellert Blvd	0617918	18
Cam Capistrano	0617946	45
Pacific Coast Hwy	0617946	36
La Cresta Dr	0617946	30
Selva Rd	0617946	21
Niguel Shores Dr	0617946	18
Golden Lantern St	0617946	16
Atlantic Ave	0617946	15
Blue Lantern St	0617946	14
Del Obispo St	0617946	14
Violet Lantern St	0617946	12
Diablo Rd	0617988	28
El Capitan Dr	0617988	25
El Pintado Rd	0617988	23
Greenbrook Dr	0617988	22
Brookside Dr	0617988	18
Cam Tassajara	0617988	16
Camino Ramon Pl	0617988	15
Contada Cir	0617988	15
San Ramon Valley Blvd	0617988	14
Paraiso Dr	0617988	13
Russell Blvd	0618100	37
Sycamore Ln	0618100	26
2nd St	0618100	24
5th St	0618100	24
Mace Blvd	0618100	22
Pole Line Rd	0618100	21
F St	0618100	20
Cowell Blvd	0618100	19
3rd St	0618100	18
W 8th St	0618100	18
County Line Rd	0618394	40
Cecil Ave	0618394	39
Garces Hwy	0618394	27
9th Ave	0618394	23
Stradley Ave	0618394	23
Woollomes Ave	0618394	23
12th Ave	0618394	22
11th Ave	0618394	20
8th Ave	0618394	20
Belmont St	0618394	19
Palm Dr	0618996	50
Hacienda Ave	0618996	36
West Dr	0618996	31
Pierson Blvd	0618996	24
Desert View Ave	0618996	21
Mountain View Rd	0618996	19
Verbena Dr	0618996	18
Dillon Rd	0618996	17
Mission Lakes Blvd	0618996	17
Cactus Dr	0618996	16
S Diamond Bar Blvd	0619192	49
Golden Springs Dr	0619192	35
Brea Canyon Rd	0619192	20
Castle Rock Rd	0619192	20
Grand Ave	0619192	18
Pathfinder Rd	0619192	17
Sunset Crossing Rd	0619192	16
Longview Dr	0619192	15
Armitos Pl	0619192	14
Pantera Dr	0619192	13
Ave 416	0619318	41
Ave 400	0619318	38
Dodge Ave	0619318	38
Alta Ave	0619318	31
Ave 392	0619318	28
E Nebraska Ave	0619318	26
E North Way	0619318	26
E El Monte Way	0619318	23
Ave 388	0619318	20
W North Way	0619318	19
Downey Ave	0619766	72
Brookshire Ave	0619766	60
Lakewood Blvd	0619766	59
Rives Ave	0619766	58
Paramount Blvd	0619766	55
Stewart and Gray Rd	0619766	51
Firestone Blvd	0619766	50
Florence Ave	0619766	41
Old River School Rd	0619766	41
Smallwood Ave	0619766	40
Dublin Blvd	0620018	37
Amador Valley Blvd	0620018	31
Silvergate Dr	0620018	21
Tamarack Dr	0620018	21
Central Pkwy	0620018	16
Village Pkwy	0620018	15
Dougherty Rd	0620018	14
Old Westbury Way	0620018	14
Brighton Dr	0620018	13
Davona Dr	0620018	12
Hellman Ave	0621230	22
Schleisman Rd	0621230	21
River Rd	0621230	20
Harrison Ave	0621230	17
Archibald Ave	0621230	15
Cedar Creek Rd	0621230	15
Scholar Way	0621230	14
Sumner Ave	0621230	13
Citrus St	0621230	11
Oakdale St	0621230	10
E Chase Ave	0621712	28
N Cuyamaca St	0621712	21
W Main St	0621712	20
W Chase Ave	0621712	19
Weld Blvd	0621712	17
El Cajon Blvd	0621712	16
Fuerte Dr	0621712	16
Emerald Ave	0621712	15
Fletcher Pkwy	0621712	15
Magnolia Ave	0621712	15
S Clark Rd	0621782	28
E Ross Rd	0621782	26
W Main St	0621782	26
W Evan Hewes Hwy	0621782	24
W Orange Ave	0621782	23
Austin Rd	0621782	22
Forrester Rd	0621782	21
S 3rd St	0621782	21
S Imperial Ave	0621782	21
Wensley Ave	0621782	21
San Pablo Ave	0621796	75
Cutting Blvd	0621796	25
Arlington Blvd	0621796	24
Potrero Ave	0621796	24
Central Ave	0621796	20
Terrace Dr	0621796	20
Schmidt Ln	0621796	18
Fairmount Ave	0621796	17
Liberty St	0621796	17
Stockton Ave	0621796	17
Elk Grove Blvd	0622020	46
Bruceville Rd	0622020	45
Grant Line Rd	0622020	41
Sheldon Rd	0622020	39
Elk Grove Florin Rd	0622020	30
Bond Rd	0622020	28
Laguna Park Dr	0622020	28
Franklin Blvd	0622020	26
W Stockton Blvd	0622020	26
Babson Dr	0622020	23
Cogswell Rd	0622230	58
Durfee Ave	0622230	48
Maxson Rd	0622230	47
Valley Blvd	0622230	45
Lower Azusa Rd	0622230	41
La Madera Ave	0622230	38
Ramona Blvd	0622230	35
N Peck Rd	0622230	30
Santa Anita Ave	0622230	28
Tyler Ave	0622230	27
Creston Rd	0622300	83
Chimney Rock Rd	0622300	76
Spring St	0622300	55
Nacimiento Lake Dr	0622300	54
Adelaida Rd	0622300	48
Union Rd	0622300	43
Peachy Canyon Rd	0622300	40
Vine St	0622300	38
Linne Rd	0622300	34
Vineyard Dr	0622300	33
Manchester Ave	0622678	35
N Coast Highway 101	0622678	31
Encinitas Blvd	0622678	28
Rancho Santa Fe Rd	0622678	28
Birmingham Dr	0622678	25
Crest Dr	0622678	25
Willowspring Dr N	0622678	25
Leucadia Blvd	0622678	24
Santa Fe Dr	0622678	23
La Costa Ave	0622678	22
N Broadway	0622804	64
Del Dios Hwy	0622804	61
San Pasqual Valley Rd	0622804	61
E Washington Ave	0622804	52
E Valley Pkwy	0622804	49
Bear Valley Pkwy	0622804	48
E Mission Ave	0622804	43
N Ash St	0622804	43
S Escondido Blvd	0622804	37
S Juniper St	0622804	36
Redwood Hwy	0623042	73
F St	0623042	42
E St	0623042	40
C St	0623042	38
H St	0623042	36
Myrtle Ave	0623042	36
I St	0623042	35
G St	0623042	34
D St	0623042	32
J St	0623042	31
Pennsylvania Ave	0623182	46
Rockville Rd	0623182	45
Green Valley Rd	0623182	40
N Texas St	0623182	39
Suisun Valley Rd	0623182	38
Travis Blvd	0623182	34
Union Ave	0623182	31
E Tabor Ave	0623182	29
Cordelia Rd	0623182	28
Dover Ave	0623182	24
Willow Creek Dr	0624638	26
American River Canyon Dr	0624638	23
E Bidwell St	0624638	19
Halidon Way	0624638	19
Briggs Ranch Dr	0624638	18
E Natoma St	0624638	18
Blue Ravine Rd	0624638	17
Iron Point Rd	0624638	17
Riley St	0624638	17
Sibley St	0624638	17
Cherry Ave	0624680	75
Sierra Ave	0624680	69
Citrus Ave	0624680	68
Cypress Ave	0624680	63
San Bernardino Ave	0624680	63
Hemlock Ave	0624680	54
Live Oak Ave	0624680	53
Mango Ave	0624680	53
Oleander Ave	0624680	53
Arrow Blvd	0624680	51
Beach Park Blvd	0625338	31
Catamaran St	0625338	18
Foster City Blvd	0625338	18
Port Royal Ave	0625338	17
Edgewater Blvd	0625338	16
E Hillsdale Blvd	0625338	15
Comet Dr	0625338	13
Marlin Ave	0625338	13
Pitcairn Dr	0625338	12
Gull Ave	0625338	11
Brookhurst St	0625380	49
Slater Ave	0625380	46
Ellis Ave	0625380	42
Warner Ave	0625380	40
Edinger Ave	0625380	37
Heil Ave	0625380	31
Talbert Ave	0625380	31
Bushard St	0625380	30
Ward St	0625380	29
Euclid St	0625380	28
Fremont Blvd	0626000	147
Mission Blvd	0626000	99
Paseo Padre Pkwy	0626000	78
Mowry Ave	0626000	58
Stevenson Blvd	0626000	43
Peralta Blvd	0626000	40
Niles Blvd	0626000	37
S Grimmer Blvd	0626000	35
Nicolet Ave	0626000	34
Washington Blvd	0626000	33
N Cedar Ave	0627000	114
N Millbrook Ave	0627000	113
N Fresno St	0627000	112
N Chestnut Ave	0627000	109
E Belmont Ave	0627000	108
N 1st St	0627000	108
E Olive Ave	0627000	107
N Maple Ave	0627000	105
N Fruit Ave	0627000	99
N Maroa Ave	0627000	96
W Valencia Dr	0628000	42
Rolling Hills Dr	0628000	39
W Chapman Ave	0628000	39
N State College Blvd	0628000	36
E Chapman Ave	0628000	33
N Harbor Blvd	0628000	33
W Commonwealth Ave	0628000	33
E Commonwealth Ave	0628000	32
N Gilbert St	0628000	31
Nutwood Ave	0628000	29
Twin Cities Rd	0628112	34
Liberty Rd	0628112	29
Cherokee Ln	0628112	23
Elk Hills Dr	0628112	21
Stockton Blvd	0628112	21
New Hope Rd	0628112	19
Simmerhorn Rd	0628112	18
Boessow Rd	0628112	17
Christensen Rd	0628112	17
S Lincoln Way	0628112	17
S Vermont Ave	0628168	73
S Normandie Ave	0628168	44
S Western Ave	0628168	43
S Budlong Ave	0628168	42
Berendo Ave	0628168	36
Marine Ave	0628168	36
W 154th St	0628168	36
W 135th St	0628168	35
Gramercy Pl	0628168	34
S Hoover St	0628168	33
Lampson Ave	0629000	118
W Chapman Ave	0629000	99
W Garden Grove Blvd	0629000	76
Stanford Ave	0629000	66
Trask Ave	0629000	61
Brookhurst St	0629000	56
Westminister Blvd	0629000	56
Magnolia St	0629000	53
Garden Grove Blvd	0629000	46
Orangewood Ave	0629000	42
Monterey Rd	0629504	57
Pacheco Pass Hwy	0629504	55
Santa Teresa Blvd	0629504	53
Church St	0629504	40
Wren Ave	0629504	39
Leavesley Rd	0629504	38
New Ave	0629504	33
Day Rd	0629504	32
Hecker Pass Hwy	0629504	31
Miller Ave	0629504	30
San Fernando Rd	0630000	78
W Glenoaks Blvd	0630000	63
N Verdugo Rd	0630000	61
La Crescenta Ave	0630000	54
E Glenoaks Blvd	0630000	52
W Kenneth Rd	0630000	47
E Chevy Chase Dr	0630000	43
Ramsdell Ave	0630000	42
S Brand Blvd	0630000	38
Boston Ave	0630000	35
E Foothill Blvd	0630014	35
S Grand Ave	0630014	34
S Glendora Ave	0630014	30
Glendora Mountain Rd	0630014	28
W Sierra Madre Ave	0630014	24
E Leadora Ave	0630014	23
E Sierra Madre Ave	0630014	23
E Ada Ave	0630014	21
S Lone Hill Ave	0630014	21
E Carroll Ave	0630014	19
Hollister Ave	0630378	61
Cll Real	0630378	56
Cathedral Oaks Rd	0630378	30
Refugio Rd	0630378	22
Stow Canyon Rd	0630378	21
N Fairview Ave	0630378	20
S Los Carneros Rd	0630378	18
Carlo Dr	0630378	15
Berkeley Rd	0630378	13
N La Patera Ln	0630378	13
Hanford Armona Rd	0631960	66
Houston Ave	0631960	54
10th Ave	0631960	53
N 11th Ave	0631960	51
N 10th Ave	0631960	49
Excelsior Ave	0631960	47
Idaho Ave	0631960	47
N 10 1/2 Ave	0631960	47
Grangeville Blvd	0631960	45
12th Ave	0631960	43
Hawthorne Blvd	0632548	59
W El Segundo Blvd	0632548	50
Inglewood Ave	0632548	48
Prairie Ave	0632548	46
W Rosecrans Ave	0632548	45
W 120th St	0632548	43
Isis Ave	0632548	34
Doty Ave	0632548	33
W 116th St	0632548	33
W 135th St	0632548	30
Mission Blvd	0633000	88
Hesperian Blvd	0633000	71
D St	0633000	63
Meekland Ave	0633000	51
Huntwood Ave	0633000	45
2nd St	0633000	44
B St	0633000	42
A St	0633000	41
W Tennyson Rd	0633000	40
W Winton Ave	0633000	37
W Florida Ave	0633182	30
S State St	0633182	26
W Devonshire Ave	0633182	25
N Lyon Ave	0633182	24
Fruitvale Ave	0633182	23
S San Jacinto St	0633182	23
S Santa Fe St	0633182	23
S Lyon Ave	0633182	22
S Palm Ave	0633182	22
Menlo Ave	0633182	21
Refugio Valley Rd	0633308	26
San Pablo Ave	0633308	19
Lupine Rd	0633308	18
Pheasant Dr	0633308	16
Redwood Rd	0633308	15
Valley Run	0633308	15
Turquoise Dr	0633308	14
Railroad Ave	0633308	11
S Wildwood	0633308	11
Devonwood	0633308	10
Ranchero Rd	0633434	64
Live Oak St	0633434	58
3rd Ave	0633434	56
Peach Ave	0633434	56
I Ave	0633434	55
Main St	0633434	55
7th Ave	0633434	53
Cottonwood Ave	0633434	51
Maple Ave	0633434	44
C Ave	0633434	41
Baseline St	0633588	49
Highland Ave	0633588	37
Orange St	0633588	30
Pacific St	0633588	26
Cloverhill Dr	0633588	25
Church St	0633588	21
Cole Ave	0633588	20
E Piedmont Dr	0633588	20
Victoria Ave	0633588	20
Central Ave	0633588	19
Fairview Rd	0634120	76
Cienega Rd	0634120	70
Southside Rd	0634120	61
San Felipe Rd	0634120	56
San Benito St	0634120	54
Airline Hwy	0634120	44
Hillcrest Rd	0634120	44
Pacheco Pass Hwy	0634120	43
Sunnyslope Rd	0634120	37
Clearview Dr	0634120	31
Beach Blvd	0636000	87
Springdale St	0636000	75
Warner Ave	0636000	75
Newland St	0636000	66
Edinger Ave	0636000	57
Goldenwest St	0636000	57
Heil Ave	0636000	57
Edwards St	0636000	52
McFadden Ave	0636000	52
Brookhurst St	0636000	49
Randolph St	0636056	49
E Gage Ave	0636056	39
E Florence Ave	0636056	36
Zoe Ave	0636056	35
Santa Fe Ave	0636056	34
Saturn Ave	0636056	30
Clarendon Ave	0636056	28
Pacific Blvd	0636056	28
Seville Ave	0636056	25
State St	0636056	25
Imperial Beach Blvd	0636294	35
Palm Ave	0636294	34
Elm Ave	0636294	30
Grove Ave	0636294	30
Elder Ave	0636294	29
Fern Ave	0636294	28
Donax Ave	0636294	25
Seacoast Dr	0636294	25
9th St	0636294	23
Ebony Ave	0636294	19
Ave 46	0636448	49
Indio Blvd	0636448	42
Monroe St	0636448	42
Jackson St	0636448	40
Ave 44	0636448	32
Ave 42	0636448	28
Miles Ave	0636448	27
Madison St	0636448	23
Ave 40	0636448	21
Jefferson St	0636448	21
Prairie Ave	0636546	47
W Manchester Blvd	0636546	46
W Arbor Vitae St	0636546	41
S Van Ness Ave	0636546	35
W 104th St	0636546	34
S La Cienega Blvd	0636546	31
S Crenshaw Blvd	0636546	27
Inglewood Ave	0636546	26
S 8th Ave	0636546	26
W 64th St	0636546	26
Alton Pkwy	0636770	52
Culver Dr	0636770	50
Michelson Dr	0636770	44
Irvine Blvd	0636770	41
Harvard Ave	0636770	38
Walnut Ave	0636770	37
Irvine Center Dr	0636770	35
Barranca Pkwy	0636770	34
Main St	0636770	32
Jeffrey Rd	0636770	28
Mission Blvd	0637692	80
Limonite Ave	0637692	48
Jurupa Rd	0637692	43
Bellegrave Ave	0637692	31
Cam Real	0637692	28
Rubidoux Blvd	0637692	26
Golden West Ave	0637692	25
58th St	0637692	24
Pedley Rd	0637692	24
Riverview Dr	0637692	24
Happy Valley Rd	0639122	36
Reliez Valley Rd	0639122	35
Mount Diablo Blvd	0639122	33
St Marys Rd	0639122	26
Pleasant Hill Rd	0639122	21
Moraga Rd	0639122	18
Upper Happy Valley Rd	0639122	18
Glenside Dr	0639122	15
Los Arabis Dr	0639122	13
Springhill Rd	0639122	13
Pso de Valencia	0639220	25
Moulton Pkwy	0639220	19
Santa Vittoria Dr	0639220	17
Nellie Gail Rd	0639220	16
Via Lomas	0639220	15
Hidden Trail Rd	0639220	12
Mackenzie St	0639220	12
Cabot Rd	0639220	11
Santa Maria Ave	0639220	11
Alicia Pkwy	0639220	10
Crown Valley Pkwy	0639248	23
La Paz Rd	0639248	18
Niguel Rd	0639248	18
Street of the Golden Lantern	0639248	18
Nueva Vista Dr	0639248	16
Casalero Dr	0639248	15
Pacific Island Dr	0639248	12
Highlands Ave	0639248	11
Ivy Glenn Dr	0639248	11
Kite Hill Dr	0639248	11
Valley Home Ave	0639290	30
S Euclid St	0639290	29
W Lambert Rd	0639290	28
West Rd	0639290	27
W La Habra Blvd	0639290	26
E La Habra Blvd	0639290	24
N Palm St	0639290	24
N Walnut St	0639290	23
S Beach Blvd	0639290	23
S Walnut St	0639290	23
Grand Ave	0639486	87
El Toro Rd	0639486	42
Lakeshore Dr	0639486	34
Riverside Dr	0639486	32
Machado St	0639486	21
Lindell Rd	0639486	19
Brightman Ave	0639486	18
W Sumner Ave	0639486	18
W Heald Ave	0639486	15
E Lakeshore Dr	0639486	14
Lake Forest Dr	0639496	31
Toledo Way	0639496	28
El Toro Rd	0639496	23
Muirlands Blvd	0639496	22
Ridge Route Dr	0639496	21
Serrano Rd	0639496	19
Cherry Ave	0639496	17
Trabuco Rd	0639496	16
Via del Rio	0639496	14
Cavanaugh Rd	0639496	11
Del Amo Blvd	0639892	68
Centralia St	0639892	60
South St	0639892	54
Candlewood St	0639892	47
Hardwick St	0639892	40
Michelson St	0639892	39
Arbor Rd	0639892	36
Ashworth St	0639892	35
Harvey Way	0639892	35
Hedda St	0639892	28
La Mesa Blvd	0640004	28
University Ave	0640004	26
Lake Murray Blvd	0640004	23
Baltimore Dr	0640004	19
Jackson Dr	0640004	19
Dallas St	0640004	16
El Cajon Blvd	0640004	15
Harbinson Ave	0640004	15
El Paso St	0640004	13
Severin Dr	0640004	13
La Mirada Blvd	0640032	37
Foster Rd	0640032	27
Rosecrans Ave	0640032	27
Valley View Ave	0640032	27
Alicante Rd	0640032	26
Alondra Blvd	0640032	25
E Imperial Hwy	0640032	25
Grayville Dr	0640032	25
Ocaso Ave	0640032	24
Santa Gertrudes Ave	0640032	24
E Ave J	0640130	135
W Ave J	0640130	117
E Ave I	0640130	115
E Ave K	0640130	112
E Ave G	0640130	110
E Ave H	0640130	92
W Ave A	0640130	92
E Ave M	0640130	88
E Ave F	0640130	79
W Ave I	0640130	76
Amar Rd	0640340	47
E Valley Blvd	0640340	33
Main St	0640340	29
Fairgrove Ave	0640340	25
E Temple Ave	0640340	24
N Hacienda Blvd	0640340	23
E Nelson Ave	0640340	22
Maplegrove St	0640340	20
N Stimson Ave	0640340	20
Evanwood Ave	0640340	19
Ave Bermudas	0640354	28
Ave Montezuma	0640354	23
Eisenhower Dr	0640354	23
Monroe St	0640354	20
Madison St	0640354	19
Riviera	0640354	19
Washington St	0640354	19
Adams St	0640354	18
Ave Obregon	0640354	18
Cll Durango	0640354	18
Manthey Rd	0640704	25
O St	0640704	23
Louise Ave	0640704	17
Cambridge Dr	0640704	16
Fifth St	0640704	15
Harlan Rd	0640704	14
McKinley Ave	0640704	12
Seventh St	0640704	12
Thomsen Rd	0640704	12
Garden Farms Ave	0640704	11
Wheeler Ave	0640830	49
White Ave	0640830	31
Esperanza Dr	0640830	26
Baseline Rd	0640830	25
Foothill Blvd	0640830	25
D St	0640830	24
B St	0640830	21
San Dimas Canyon Rd	0640830	19
3rd St	0640830	18
Bonita Ave	0640830	18
Hawthorne Blvd	0640886	54
Inglewood Ave	0640886	34
Firmona Ave	0640886	32
Freeman Ave	0640886	32
Marine Ave	0640886	32
Prairie Ave	0640886	30
Grevillea Ave	0640886	28
Condon Ave	0640886	24
Osage Ave	0640886	19
Redondo Beach Blvd	0640886	16
Broadway	0641124	28
Mount Vernon St	0641124	27
Lemon Grove Ave	0641124	23
Washington St	0641124	22
Central Ave	0641124	21
Massachusetts Ave	0641124	21
San Miguel Ave	0641124	20
Main St	0641124	15
Canton Dr	0641124	14
Golden Ave	0641124	14
18th Ave	0641152	58
21st Ave	0641152	33
17th Ave	0641152	29
Cinnamon Dr	0641152	29
Grangeville Blvd	0641152	28
Hanford Armona Rd	0641152	27
W Bush St	0641152	25
20th Ave	0641152	23
22nd Ave	0641152	23
S 19th Ave	0641152	22
McCourtney Rd	0641474	31
1st St	0641474	29
5th St	0641474	29
Courtyards Loop	0641474	29
3rd St	0641474	26
Garden Bar Rd	0641474	21
Moore Rd	0641474	21
Wise Rd	0641474	21
Lincoln Newcastle Hwy	0641474	19
6th St	0641474	18
Mines Rd	0641992	47
1st St	0641992	45
East Ave	0641992	44
Tesla Rd	0641992	40
Portola Ave	0641992	35
Morgan Territory Rd	0641992	32
Olivina Ave	0641992	31
Bluebell Dr	0641992	27
Murdell Ln	0641992	27
Scenic Ave	0641992	26
E Kettleman Ln	0642202	76
E Lodi Ave	0642202	71
S Mills Ave	0642202	45
E Harney Ln	0642202	44
Elm St	0642202	43
Vine St	0642202	41
S Cherokee Ln	0642202	37
Church St	0642202	36
N Ham Ln	0642202	33
S Hutchins St	0642202	32
Lawton Ave	0642370	32
Barton Rd	0642370	29
Mountain View Ave	0642370	18
Anderson St	0642370	16
Prospect Ave	0642370	15
Curtis St	0642370	14
Poplar St	0642370	14
Huron St	0642370	12
Long St	0642370	12
Whittier Ave	0642370	12
Cabrillo Hwy	0642524	83
E College Ave	0642524	42
E Airport Ave	0642524	34
W College Ave	0642524	32
N O St	0642524	30
A St	0642524	29
E Chestnut Ave	0642524	29
E Maple Ave	0642524	29
E Pine Ave	0642524	28
W Ocean Ave	0642524	28
E Ocean Blvd	0643000	109
Atlantic Ave	0643000	103
Orange Ave	0643000	100
E Pacific Coast Hwy	0643000	93
E Spring St	0643000	93
Linden Ave	0643000	80
Cherry Ave	0643000	79
E 7th St	0643000	79
E Wardlow Rd	0643000	75
E Anaheim St	0643000	74
Fremont Ave	0643280	35
Covington Rd	0643280	26
Magdalena Ave	0643280	23
Grant Rd	0643280	22
S Springer Rd	0643280	22
Fallen Leaf Ln	0643280	15
Miramonte Ave	0643280	13
Saint Joseph Ave	0643280	13
Creston Dr	0643280	12
Oak Ave	0643280	12
W Sunset Blvd	0644000	291
S Vermont Ave	0644000	248
Venice Blvd	0644000	229
W Pico Blvd	0644000	212
S Normandie Ave	0644000	205
S Western Ave	0644000	199
S Main St	0644000	190
S Figueroa St	0644000	187
W Olympic Blvd	0644000	186
Vanowen St	0644000	182
Henry Miller Rd	0644028	61
Mercey Springs Rd	0644028	56
Billy Wright Rd	0644028	50
Center Ave	0644028	37
Santa Fe Grade	0644028	34
Ingomar Grade	0644028	31
E Pacheco Blvd	0644028	29
W I St	0644028	29
Pioneer Rd	0644028	28
Volta Rd	0644028	28
Shannon Rd	0644112	50
Blossom Hill Rd	0644112	37
Los Gatos Blvd	0644112	33
Winchester Blvd	0644112	33
Kennedy Rd	0644112	31
University Ave	0644112	28
Los Gatos Almaden Rd	0644112	26
Daves Ave	0644112	21
N Santa Cruz Ave	0644112	20
Overlook Rd	0644112	17
Martin Luther King Jr Blvd	0644574	46
Imperial Hwy	0644574	42
Atlantic Ave	0644574	41
Abbott Rd	0644574	35
Long Beach Blvd	0644574	35
Fernwood Ave	0644574	31
Harris Ave	0644574	31
Bullis Rd	0644574	29
State St	0644574	27
Carlin Ave	0644574	25
Ave 14	0645022	37
Ave 13	0645022	36
Ave 6	0645022	34
Golden State Blvd	0645022	34
Ripperdan Ave	0645022	33
S Granada Dr	0645022	33
Ave 12	0645022	31
Ave 7	0645022	29
Ave 8	0645022	28
Ave 11	0645022	27
Ocean Dr	0645400	80
N Highland Ave	0645400	70
Crest Dr	0645400	69
N Manhattan Ave	0645400	59
The Strand	0645400	48
N Valley Dr	0645400	36
N Vista Dr	0645400	33
N Bay View Dr	0645400	31
N Alma Ave	0645400	29
Rosecrans Ave	0645400	28
Yosemite Ave	0645484	53
Airport Way	0645484	49
Austin Rd	0645484	49
Union Rd	0645484	43
French Camp Rd	0645484	33
North St	0645484	32
Center St	0645484	29
Louise Ave	0645484	26
Wawona St	0645484	26
Northgate Dr	0645484	22
Pacheco Blvd	0646114	58
Alhambra Ave	0646114	57
Alhambra Valley Rd	0646114	39
Pine St	0646114	36
Center Ave	0646114	33
Shell Ave	0646114	27
Castro St	0646114	23
Estudillo St	0646114	23
Berrellessa St	0646114	20
Marina Vista Ave	0646114	17
Murrieta Rd	0646842	47
Bradley Rd	0646842	44
Antelope Rd	0646842	42
Sun City Blvd	0646842	40
Scott Rd	0646842	39
Garbani Rd	0646842	36
Briggs Rd	0646842	35
Canyon Lake Dr N	0646842	30
McCall Blvd	0646842	30
Menifee Rd	0646842	30
Santa Cruz Ave	0646870	41
Willow Rd	0646870	28
Valparaiso Ave	0646870	25
Bay Rd	0646870	21
Woodland Ave	0646870	21
Alameda de Las Pulgas	0646870	20
Hamilton Ave	0646870	18
Middle Ave	0646870	18
Laurel St	0646870	17
University Dr	0646870	17
G St	0646898	75
E Gerard Ave	0646898	55
M St	0646898	52
E Childs Ave	0646898	51
R St	0646898	48
McSwain Rd	0646898	45
E Olive Ave	0646898	42
Los Banos Hwy	0646898	41
Snelling Hwy	0646898	41
Yosemite Pkwy	0646898	39
N Park Victoria Dr	0647766	24
N Hillview Dr	0647766	23
Edsel Dr	0647766	21
S Park Victoria Dr	0647766	21
Yosemite Dr	0647766	19
Arizona Ave	0647766	17
N Milpitas Blvd	0647766	16
Dempsey Rd	0647766	15
E Calaveras Blvd	0647766	15
S Main St	0647766	15
Marguerite Pkwy	0648256	77
Chrisanta Dr	0648256	22
Jeronimo Rd	0648256	21
Los Alisos Blvd	0648256	21
Vis del Lago	0648256	16
Villena	0648256	15
Alicia Pkwy	0648256	14
Arbolitos	0648256	12
Crown Valley Pkwy	0648256	12
Hidalgo	0648256	12
McHenry Ave	0648354	71
Yosemite Blvd	0648354	62
E Orangeburg Ave	0648354	59
Crows Landing Rd	0648354	58
Carver Rd	0648354	54
Tully Rd	0648354	51
Coffee Rd	0648354	46
Paradise Ave	0648354	46
W Rumble Rd	0648354	41
S Carpenter Rd	0648354	38
S Myrtle Ave	0648648	42
S California Ave	0648648	34
S Magnolia Ave	0648648	32
S Primrose Ave	0648648	32
S Mayflower Ave	0648648	27
Norumbega Dr	0648648	24
S Shamrock Ave	0648648	24
S Ivy Ave	0648648	21
W Hillcrest Blvd	0648648	21
S Alta Vista Ave	0648648	20
Mills Ave	0648788	37
Ramona Ave	0648788	36
Monte Vista Ave	0648788	32
Kingsley St	0648788	31
Benito St	0648788	26
Central Ave	0648788	24
Benson Ave	0648788	23
Orchard St	0648788	23
Vernon Ave	0648788	22
Howard St	0648788	21
W Beverly Blvd	0648816	57
W Madison Ave	0648816	37
S Greenwood Ave	0648816	32
Whittier Blvd	0648816	32
W Cleveland Ave	0648816	30
S Montebello Blvd	0648816	25
W Lincoln Ave	0648816	25
Bluff Rd	0648816	22
Harding Ave	0648816	22
N Montebello Blvd	0648816	22
David Ave	0648872	27
Del Monte Blvd	0648872	25
Prescott Ave	0648872	25
Irving Ave	0648872	22
Fremont St	0648872	20
Hoffman Ave	0648872	20
Josselyn Canyon Rd	0648872	19
Saddle Rd	0648872	19
Airport Rd	0648872	18
Pacific St	0648872	18
Brightwood St	0648914	26
S Garfield Ave	0648914	24
S Atlantic Blvd	0648914	21
Wilcox Ave	0648914	20
Ackley St	0648914	19
Bradshawe Ave	0648914	19
Crest Vista Dr	0648914	19
S Orange Ave	0648914	19
W Floral Dr	0648914	17
W El Repetto Dr	0648914	16
Tierra Rejada Rd	0649138	24
Broadway Rd	0649138	21
Grimes Canyon Rd	0649138	16
Walnut Canyon Rd	0649138	15
Stockton Rd	0649138	14
E Los Angeles Ave	0649138	13
Happy Camp Rd	0649138	13
Christian Barrett Dr	0649138	12
Moorpark Ave	0649138	12
Campus Park Dr	0649138	11
Lasselle St	0649270	83
Bay Ave	0649270	70
Eucalyptus Ave	0649270	68
Cottonwood Ave	0649270	66
Dracaea Ave	0649270	59
Ironwood Ave	0649270	59
Alessandro Blvd	0649270	50
Perris Blvd	0649270	43
Indian St	0649270	40
Pigeon Pass Rd	0649270	40
W Grant Line Rd	0649582	13
W Questa Trl	0649582	13
Prosperity St	0649582	11
Tradition St	0649582	10
W Aventino Ave	0649582	10
Las Brisas Dr	0649582	9
S Shields Ave	0649582	9
Mountain House Pkwy	0649582	8
W Esplanade Dr	0649582	8
W Moraga St	0649582	8
W El Camino Real	0649670	53
California St	0649670	39
N Shoreline Blvd	0649670	31
Miramonte Ave	0649670	28
Villa St	0649670	27
W Middlefield Rd	0649670	25
Latham St	0649670	21
Sierra Vista Ave	0649670	20
Cuesta Dr	0649670	19
Mercy St	0649670	19
Ave la Cresta	0650076	38
Jefferson Ave	0650076	36
Adams Ave	0650076	35
Los Alamos Rd	0650076	35
Washington Ave	0650076	34
Hayes Ave	0650076	26
Ivy St	0650076	22
Jackson Ave	0650076	20
Madison Ave	0650076	18
Murrieta Hot Springs Rd	0650076	18
Silverado Trl	0650258	64
Berryessa Knoxville Rd	0650258	56
Jefferson St	0650258	55
Solano Ave	0650258	42
Redwood Rd	0650258	41
Dry Creek Rd	0650258	40
Linda Vista Ave	0650258	40
Laurel St	0650258	38
Old Sonoma Rd	0650258	35
Monticello Rd	0650258	34
National City Blvd	0650398	39
Division St	0650398	37
E 18th St	0650398	37
E 20th St	0650398	36
E 4th St	0650398	36
E 8th St	0650398	35
E 16th St	0650398	32
D Ave	0650398	31
E 24th St	0650398	29
E 7th St	0650398	29
Cedar Blvd	0650916	58
Cherry St	0650916	43
Thornton Ave	0650916	42
Birch St	0650916	25
Newark Blvd	0650916	25
Central Ave	0650916	23
Mayhews Landing Rd	0650916	21
Moores Ave	0650916	18
Sycamore St	0650916	16
Haley St	0650916	15
W Balboa Blvd	0651182	89
W Ocean Front	0651182	74
Irvine Ave	0651182	59
Seashore Dr	0651182	55
Via Lido Soud	0651182	44
Via Lido Nord	0651182	43
Pacific Coast Hwy	0651182	42
E Balboa Blvd	0651182	39
Vis del Oro	0651182	37
Jamboree Rd	0651182	35
Hamner Ave	0651560	24
Corona Ave	0651560	21
Temescal Ave	0651560	20
2nd St	0651560	19
Hillside Ave	0651560	19
Crestview Dr	0651560	18
5th St	0651560	17
California Ave	0651560	15
Valley View Ave	0651560	15
4th St	0651560	14
Rosecrans Ave	0652526	74
Pioneer Blvd	0652526	64
Norwalk Blvd	0652526	56
Mapledale St	0652526	53
Alondra Blvd	0652526	51
Firestone Blvd	0652526	49
Studebaker Rd	0652526	49
Foster Rd	0652526	47
Imperial Hwy	0652526	41
Excelsior Dr	0652526	37
Novato Blvd	0652582	59
Center Rd	0652582	50
Redwood Blvd	0652582	43
Vineyard Rd	0652582	29
Olive Ave	0652582	28
Ignacio Blvd	0652582	21
Atherton Ave	0652582	20
Wilson Ave	0652582	20
San Marin Dr	0652582	19
Cambridge St	0652582	17
Macarthur Blvd	0653000	179
E 14th St	0653000	126
Broadway	0653000	108
Foothill Blvd	0653000	89
Mountain Blvd	0653000	80
Telegraph Ave	0653000	78
Martin Luther King Jr Way	0653000	72
Bancroft Ave	0653000	67
E 14th	0653000	67
Skyline Blvd	0653000	64
Main St	0653070	57
W Cypress Rd	0653070	27
E Cypress Rd	0653070	25
O'Hara Ave	0653070	23
Sellers Ave	0653070	22
Neroly Rd	0653070	19
Delta Rd	0653070	18
Empire Rd	0653070	16
Knightsen Ave	0653070	13
Laurel Rd	0653070	13
Oceanside Blvd	0653322	51
Mission Ave	0653322	39
Mesa Dr	0653322	38
Vista Way	0653322	38
College Blvd	0653322	36
S El Camino Real	0653322	34
S Coast Hwy	0653322	28
Cassidy St	0653322	26
Missouri Ave	0653322	25
Thunder Dr	0653322	25
S Euclid Ave	0653896	45
E 4th St	0653896	38
N Euclid Ave	0653896	38
S Campus Ave	0653896	37
S Sultana Ave	0653896	37
E Walnut St	0653896	36
E Francis St	0653896	33
S Bon View Ave	0653896	33
E Philadelphia St	0653896	31
E D St	0653896	30
E Chapman Ave	0653980	66
N Glassell St	0653980	50
E Walnut Ave	0653980	45
W Chapman Ave	0653980	39
E La Veta Ave	0653980	34
N Cambridge St	0653980	34
N Shaffer St	0653980	34
N Sacramento St	0653980	33
N Tustin St	0653980	33
E Palmyra Ave	0653980	32
S C St	0654652	58
Saviers Rd	0654652	47
W Wooley Rd	0654652	46
Mandalay Beach Rd	0654652	43
N H St	0654652	38
Ocean Dr	0654652	38
W Hemlock St	0654652	37
Teakwood St	0654652	35
Pacific Coast Hwy	0654652	34
Spruce St	0654652	34
Palmetto Ave	0654806	31
Crespi Dr	0654806	18
Oddstad Blvd	0654806	18
Manor Dr	0654806	17
Park Pacifica Ave	0654806	16
Rosita Rd	0654806	16
Francisco Blvd	0654806	14
Reina del Mar Ave	0654806	14
Coast Hwy	0654806	13
Oceana Blvd	0654806	13
E Ave Q	0655156	121
E Palmdale Blvd	0655156	111
E Ave R	0655156	104
Elizabeth Lake Rd	0655156	69
E Ave P	0655156	55
E Ave S	0655156	53
E Ave R12	0655156	48
W Ave N	0655156	47
Sierra Hwy	0655156	45
E Ave O	0655156	42
Cook St	0655184	33
Portola Ave	0655184	31
Country Club Dr	0655184	25
Shadow Mountain Dr	0655184	21
Washington St	0655184	21
El Paseo	0655184	20
California Dr	0655184	19
Fred Waring Dr	0655184	19
Fairway Dr	0655184	15
Desert Falls Dr E	0655184	14
S Palm Canyon Dr	0655254	46
N Ave Caballeros	0655254	40
N Indian Canyon Dr	0655254	40
E Palm Canyon Dr	0655254	39
E Via Escuela	0655254	38
E Ramon Rd	0655254	37
N Sunrise Way	0655254	33
E Mesquite Ave	0655254	30
Cll Palo Fierro	0655254	28
N Hermosa Dr	0655254	28
El Camino Real	0655282	66
Middlefield Rd	0655282	57
Cowper St	0655282	48
University Ave	0655282	45
Bryant St	0655282	44
Waverley St	0655282	43
Alma St	0655282	40
Embarcadero Rd	0655282	38
Emerson St	0655282	37
Greer Rd	0655282	36
Somerset Blvd	0655618	56
Alondra Blvd	0655618	37
Downey Ave	0655618	34
Garfield Ave	0655618	34
Orange Ave	0655618	34
Jefferson St	0655618	32
Madison St	0655618	32
Century Blvd	0655618	27
Jackson St	0655618	27
Paramount Blvd	0655618	25
E Colorado Blvd	0656000	70
E Del Mar Blvd	0656000	55
E Washington Blvd	0656000	51
E Walnut St	0656000	50
E Villa St	0656000	49
E Orange Grove Blvd	0656000	43
San Pasqual St	0656000	43
E California Blvd	0656000	42
N Allen Ave	0656000	39
E Mountain St	0656000	37
Del Puerto Canyon Rd	0656112	23
Sycamore Ave	0656112	22
Elm Ave	0656112	18
E Las Palmas Ave	0656112	17
Sperry Ave	0656112	15
Oak Flat Rd	0656112	14
S Del Puerto Ave	0656112	14
Howard Rd	0656112	13
Walnut Ave	0656112	13
Baldwin Rd	0656112	12
Wilson Ave	0656700	29
N Perris Blvd	0656700	24
Ramona Expy	0656700	15
El Nido Ave	0656700	14
Orange Ave	0656700	13
Evans Rd	0656700	12
Murrieta Rd	0656700	12
Redlands Ave	0656700	12
E Nuevo Rd	0656700	11
E Rider St	0656700	10
Lakeville Hwy	0656784	41
Old Adobe Rd	0656784	36
N McDowell Blvd	0656784	35
Maria Dr	0656784	26
Garfield Dr	0656784	24
S McDowell Blvd	0656784	22
Ely Blvd S	0656784	21
Crinella Dr	0656784	20
Ely Rd N	0656784	19
Corona Rd	0656784	17
Passons Blvd	0656924	52
Paramount Blvd	0656924	47
Pico Vista Rd	0656924	37
Rosemead Blvd	0656924	37
Whittier Blvd	0656924	32
Durfee Ave	0656924	30
Beverly Rd	0656924	26
Lindsey Ave	0656924	24
Maxine St	0656924	23
Telegraph Rd	0656924	22
Willow Pass Rd	0657456	48
Railroad Ave	0657456	43
W Leland Rd	0657456	36
Harbor St	0657456	27
Crestview Dr	0657456	25
E Leland Rd	0657456	22
Loveridge Rd	0657456	22
California Ave	0657456	20
Central Ave	0657456	17
Woodhill Dr	0657456	17
E Orangethorpe Ave	0657526	29
N Kraemer Blvd	0657526	28
Valencia Ave	0657526	25
Alta Vista St	0657526	22
E Palm Dr	0657526	21
Golden Ave	0657526	20
N Bradford Ave	0657526	20
Yorba Linda Blvd	0657526	18
E Bastanchury Rd	0657526	17
W Orangethorpe Ave	0657526	17
Pleasant Hill Rd	0657764	38
Contra Costa Blvd	0657764	27
Boyd Rd	0657764	18
Ruth Dr	0657764	18
Golf Club Rd	0657764	17
Maureen Ln	0657764	17
Oak Park Blvd	0657764	17
Gregory Ln	0657764	14
Mercury Way	0657764	14
Paso Nogal Rd	0657764	12
W Las Positas Blvd	0657792	54
Foothill Rd	0657792	51
Muirwood Dr	0657792	38
Santa Rita Rd	0657792	38
Vineyard Ave	0657792	33
Fairlands Dr	0657792	29
Valley Trails Dr	0657792	28
Hopyard Rd	0657792	27
Bernal Ave	0657792	26
Mohr Ave	0657792	24
N Towne Ave	0658072	37
N Garey Ave	0658072	35
S Park Ave	0658072	28
S Towne Ave	0658072	24
E Holt Ave	0658072	23
E Kingsley Ave	0658072	23
N San Antonio Ave	0658072	23
San Bernardino Ave	0658072	23
W Mission Blvd	0658072	23
N Palomares St	0658072	22
W Morton Ave	0658240	72
W Olive Ave	0658240	50
N Main St	0658240	49
W Putnam Ave	0658240	49
Ave 128	0658240	48
W Westfield Ave	0658240	47
E Putnam Ave	0658240	42
W Henderson Ave	0658240	39
S Main St	0658240	35
W Mulberry Ave	0658240	34
Pomerado Rd	0658520	53
Poway Rd	0658520	43
Espola Rd	0658520	41
Midland Rd	0658520	30
Twin Peaks Rd	0658520	24
Community Rd	0658520	20
Garden Rd	0658520	18
Tierra Bonita Rd	0658520	15
Carriage Rd	0658520	13
Acton Ave	0658520	12
Folsom Blvd	0659444	42
Coloma Rd	0659444	35
White Rock Rd	0659444	30
Zinfandel Dr	0659444	30
Bradshaw Rd	0659444	25
Klamath River Dr	0659444	23
Malaga Way	0659444	23
Ambassador Dr	0659444	20
Mira del Rio Dr	0659444	20
Sunrise Blvd	0659444	20
Baseline Rd	0659451	95
Banyan St	0659451	79
Foothill Blvd	0659451	68
Hermosa Ave	0659451	67
Archibald Ave	0659451	62
Church St	0659451	54
Arrow Blvd	0659451	52
Lemon Ave	0659451	51
Hellman Ave	0659451	48
Etiwanda Ave	0659451	47
Palos Verdes Dr E	0659514	49
Crest Rd	0659514	37
Hawthorne Blvd	0659514	31
Miraleste Dr	0659514	18
Basswood Ave	0659514	15
Golden Meadow Dr	0659514	15
Palos Verdes Dr S	0659514	13
W Toscanini Dr	0659514	13
Ganado Dr	0659514	12
Highridge Rd	0659514	11
Ave de Las Banderas	0659587	14
Antonio Pkwy	0659587	11
Plano Trabuco Dr	0659587	11
Via Amistosa	0659587	10
Via Serena	0659587	10
Ave Empresa	0659587	9
Seacountry Ln	0659587	9
Alma Aldea	0659587	8
Alondra	0659587	8
Los Alisos Blvd	0659587	8
Churn Creek Rd	0659920	108
Placer St	0659920	72
Old Oregon Trl	0659920	65
Placer Rd	0659920	61
Lake Blvd	0659920	60
Eureka Way	0659920	54
Old Alturas Rd	0659920	54
Bechelli Ln	0659920	51
Victor Ave	0659920	49
Hartnell Ave	0659920	42
Citrus Ave	0659962	32
San Timoteo Canyon Rd	0659962	32
E Brockton Ave	0659962	30
E Colton Ave	0659962	30
W Olive Ave	0659962	28
Brookside Ave	0659962	26
Church St	0659962	26
W Fern Ave	0659962	26
Redlands Blvd	0659962	24
S Wabash Ave	0659962	24
Blossom Ln	0660018	32
Green Ln	0660018	30
Rindge Ln	0660018	30
Inglewood Ave	0660018	29
S Pacific Coast Hwy	0660018	25
Harkness Ln	0660018	23
Artesia Blvd	0660018	22
S Prospect Ave	0660018	22
Flagler Ln	0660018	21
Carnegie Ln	0660018	20
Woodside Rd	0660102	58
Roosevelt Ave	0660102	41
Middlefield Rd	0660102	38
El Camino Real	0660102	36
Spring St	0660102	32
Bay Rd	0660102	30
Alameda de Las Pulgas	0660102	29
Oak Ave	0660102	28
Valota Rd	0660102	24
Main St	0660102	23
S Reed Ave	0660242	32
S Buttonwillow Ave	0660242	31
S Frankwood Ave	0660242	31
E Dinuba Ave	0660242	29
E Manning Ave	0660242	26
E Lincoln Ave	0660242	24
S East Ave	0660242	24
E Floral Ave	0660242	22
S Alta Ave	0660242	22
E South Ave	0660242	21
N Riverside Ave	0660466	53
N Sycamore Ave	0660466	46
N Linden Ave	0660466	39
N Acacia Ave	0660466	35
N Lilac Ave	0660466	33
N Willow Ave	0660466	33
S Riverside Ave	0660466	28
N Driftwood Ave	0660466	26
N Eucalyptus Ave	0660466	26
W 2nd St	0660466	26
San Pablo Ave	0660620	77
San Pablo Dam Rd	0660620	73
W Macdonald Ave	0660620	59
Barrett Ave	0660620	54
Cutting Blvd	0660620	52
Nevin Ave	0660620	51
23rd St	0660620	50
Florida Ave	0660620	40
Roosevelt Ave	0660620	38
Carlson Blvd	0660620	37
W Ward Ave	0660704	64
Randsburg Wash Rd	0660704	55
Randsburg Rd	0660704	51
Drummond Ave	0660704	50
S China Lake Blvd	0660704	45
Ridgecrest Blvd	0660704	39
Trona Rd	0660704	38
W Inyokern Rd	0660704	36
Downs St	0660704	28
E Bowman Rd	0660704	26
Patterson Rd	0661068	26
Oakdale Rd	0661068	22
Terminal Ave	0661068	22
Roselle Ave	0661068	21
8th St	0661068	17
Jackson Ave	0661068	16
Morrill Rd	0661068	16
Stanislaus St	0661068	15
Sierra St	0661068	14
Santa Fe Ave	0661068	13
Magnolia Ave	0662000	118
Victoria Ave	0662000	90
Arlington Ave	0662000	89
Indiana Ave	0662000	77
Lincoln Ave	0662000	61
Brockton Ave	0662000	60
Central Ave	0662000	60
Chicago Ave	0662000	48
Jurupa Ave	0662000	47
Wood Rd	0662000	47
Sunset Blvd	0662364	33
Rocklin Rd	0662364	30
Pacific St	0662364	28
Argonaut Ave	0662364	18
Coldwater Dr	0662364	18
Whitney Blvd	0662364	16
3rd St	0662364	15
Granite Dr	0662364	14
Midas Ave	0662364	14
Sierra College Blvd	0662364	14
Country Club Dr	0662546	29
Snyder Ln	0662546	19
Southwest Blvd	0662546	18
Commerce Blvd	0662546	17
Golf Course Dr	0662546	17
Redwood Dr	0662546	17
Santa Dorotea Cir	0662546	16
E Cotati Ave	0662546	15
Holly Ave	0662546	15
Lancaster Dr	0662546	15
Muscatel Ave	0662896	43
Garvey Ave	0662896	40
Walnut Grove Ave	0662896	37
San Gabriel Blvd	0662896	30
Rosemead Blvd	0662896	28
Delta Ave	0662896	27
Hellman Ave	0662896	26
Mission Dr	0662896	26
Ivar Ave	0662896	25
Marshall St	0662896	25
Pleasant Grove Blvd	0662938	41
Douglas Blvd	0662938	34
Vernon St	0662938	29
Cirby Way	0662938	27
Pleasant Grove Rd	0662938	26
Vista Creek Dr	0662938	25
Base Line Rd	0662938	22
Timberrose Way	0662938	22
Woodcreek Oaks Blvd	0662938	22
Fiddyment Rd	0662938	21
24th St	0664000	139
Franklin Blvd	0664000	122
Fruitridge Rd	0664000	114
Riverside Blvd	0664000	107
Stockton Blvd	0664000	106
Folsom Blvd	0664000	104
Broadway St	0664000	101
21st St	0664000	99
T St	0664000	85
J St	0664000	84
N Main St	0664224	36
E Alisal St	0664224	34
Market Way	0664224	33
E Laurel Dr	0664224	32
Cherokee Dr	0664224	28
Abbott St	0664224	24
W Alisal St	0664224	24
N Sanborn Rd	0664224	23
Pajaro St	0664224	22
W Acacia St	0664224	22
N Mountain View Ave	0665000	77
N E St	0665000	65
N Sierra Way	0665000	61
N Waterman Ave	0665000	61
N G St	0665000	59
N Arrowhead Ave	0665000	58
N F St	0665000	57
N H St	0665000	55
Cajon Blvd	0665000	51
N D St	0665000	49
Sneath Ln	0665028	32
San Bruno Ave W	0665028	28
S El Camino Real	0665028	25
Crestmoor Dr	0665028	22
Kains Ave	0665028	20
Santa Lucia Ave	0665028	20
Fleetwood Dr	0665028	17
Oakmont Dr	0665028	17
Jenevein Ave	0665028	16
San Mateo Ave	0665028	15
N Ventura Ave	0665042	104
Loma Vista Rd	0665042	69
E Main St	0665042	63
Foothill Rd	0665042	62
Telegraph Rd	0665042	59
W Telephone Rd	0665042	46
E Thompson Blvd	0665042	40
Poli St	0665042	36
Casitas Pass Rd	0665042	35
Pierpont Blvd	0665042	31
Brittan Ave	0665070	35
Crestview Dr	0665070	31
Old County Rd	0665070	28
San Carlos Ave	0665070	26
Eaton Ave	0665070	24
Cedar St	0665070	22
Club Dr	0665070	22
Elm St	0665070	22
Howard Ave	0665070	21
Laurel St	0665070	19
S El Camino Real	0665084	43
S Ola Vis	0665084	37
N El Camino Real	0665084	26
Ave Presidio	0665084	21
Ave Pico	0665084	18
Ave del Presidente	0665084	14
Cll Amistad	0665084	13
Cll Miguel	0665084	13
Cam de Los Mares	0665084	12
Cll Vallarta	0665084	12
University Ave	0666000	146
Mission Blvd	0666000	131
El Cajon Blvd	0666000	121
Monroe Ave	0666000	110
Madison Ave	0666000	108
Genesee Ave	0666000	96
Imperial Ave	0666000	92
Meade Ave	0666000	90
Polk Ave	0666000	89
Adams Ave	0666000	87
W Arrow Hwy	0666070	26
N Cataract Ave	0666070	22
Avenida Loma Vis	0666070	20
E Foothill Blvd	0666070	20
N San Dimas Ave	0666070	20
S San Dimas Ave	0666070	18
W Covina Blvd	0666070	18
N Monte Vista Ave	0666070	17
N San Dimas Canyon Rd	0666070	17
Cypress St	0666070	16
Geary Blvd	0667000	144
Mission St	0667000	136
3rd St	0667000	127
Fulton St	0667000	118
Market St	0667000	101
Ocean Ave	0667000	91
California St	0667000	88
Van Ness Ave	0667000	84
Alemany Blvd	0667000	80
San Jose Ave	0667000	68
S Del Mar Ave	0667042	34
S San Gabriel Blvd	0667042	28
E Broadway	0667042	26
E Las Tunas Dr	0667042	17
E Live Oak St	0667042	17
E Wells St	0667042	17
S California St	0667042	17
E Valley Blvd	0667042	16
S Walnut Grove Ave	0667042	16
W Las Tunas Dr	0667042	16
W 7th St	0667112	28
Cottonwood Ave	0667112	21
W Esplanade Ave	0667112	19
State St	0667112	18
E Washington Ave	0667112	17
Idyllwild Dr	0667112	17
N Ramona Blvd	0667112	17
S San Jacinto Ave	0667112	15
De Anza Dr	0667112	14
E 7th St	0667112	14
Meridian Ave	0668000	118
Monterey Rd	0668000	103
Camden Ave	0668000	89
Almaden Rd	0668000	85
Santa Teresa Blvd	0668000	80
N 1st St	0668000	74
Blossom Hill Rd	0668000	70
Alum Rock Ave	0668000	69
McLaughlin Ave	0668000	67
Moorpark Ave	0668000	64
Cam Capistrano	0668028	44
Ortega Hwy	0668028	38
Alipaz St	0668028	22
Rancho Viejo Rd	0668028	22
Cam Las Ramblas	0668028	16
Cll Arroyo	0668028	16
Del Obispo St	0668028	16
Marbella Vis	0668028	14
Mariner Dr	0668028	14
Village Rd	0668028	12
E 14th St	0668084	111
Bancroft Ave	0668084	58
Washington Ave	0668084	54
Williams St	0668084	37
Doolittle Dr	0668084	33
Alvarado St	0668084	31
Davis St	0668084	30
Farnsworth St	0668084	27
San Leandro Blvd	0668084	27
Wicks Blvd	0668084	25
Broad St	0668154	69
Orcutt Rd	0668154	60
Los Osos Valley Rd	0668154	48
Johnson Ave	0668154	38
Chorro St	0668154	28
Prefumo Canyon Rd	0668154	27
S Higuera St	0668154	25
E Foothill Blvd	0668154	24
Higuera St	0668154	24
Davis Canyon Rd	0668154	22
N Twin Oaks Valley Rd	0668196	47
S Rancho Santa Fe Rd	0668196	43
Mulberry Dr	0668196	38
W San Marcos Blvd	0668196	27
E Barham Dr	0668196	24
Las Flores Dr	0668196	24
La Moree Rd	0668196	23
Richland Rd	0668196	23
W Mission Rd	0668196	19
Woodland Pkwy	0668196	19
Alameda de Las Pulgas	0668252	55
S El Camino Real	0668252	43
S Norfolk St	0668252	39
S Delaware St	0668252	31
Hacienda St	0668252	28
Parrott Dr	0668252	27
Monte Diablo Ave	0668252	26
Crystal Springs Rd	0668252	25
W Hillsdale Blvd	0668252	25
2nd Ave	0668252	21
Las Gallinas Ave	0668364	38
Point San Pedro Rd	0668364	38
5th Ave	0668364	36
4th St	0668364	29
N San Pedro Rd	0668364	26
Mission Ave	0668364	24
Grand Ave	0668364	23
Idylberry Rd	0668364	23
Lincoln Ave	0668364	23
3rd St	0668364	21
Alcosta Blvd	0668378	39
Broadmoor Dr	0668378	32
Davona Dr	0668378	28
Norris Canyon Rd	0668378	22
San Ramon Valley Blvd	0668378	21
Ascot Dr	0668378	18
Montevideo Dr	0668378	17
Crow Canyon Rd	0668378	16
Morgan Dr	0668378	15
Santander Dr	0668378	15
W 1st St	0669000	89
W Edinger Ave	0669000	74
W McFadden Ave	0669000	64
W 5th St	0669000	55
W 17th St	0669000	51
S Harbor Blvd	0669000	48
S Main St	0669000	47
W Warner Ave	0669000	47
S Raitt St	0669000	46
S Fairview St	0669000	44
State St	0669070	56
Cliff Dr	0669070	43
Foothill Rd	0669070	39
Bath St	0669070	38
De la Vina St	0669070	33
Chapala St	0669070	31
Anacapa St	0669070	30
Castillo St	0669070	30
Santa Barbara St	0669070	28
Garden St	0669070	27
Lafayette St	0669084	67
Benton St	0669084	62
El Camino Real	0669084	59
Monroe St	0669084	52
Pruneridge Ave	0669084	50
Warburton Ave	0669084	50
Homestead Rd	0669084	45
Los Padres Blvd	0669084	41
Scott Blvd	0669084	38
Cabrillo Ave	0669084	32
Soledad Canyon Rd	0669088	97
Sierra Hwy	0669088	61
Sand Canyon Rd	0669088	56
Bouquet Canyon Rd	0669088	38
Newhall Ave	0669088	38
Placerita Canyon Rd	0669088	37
Lyons Ave	0669088	30
Copper Hill Dr	0669088	29
Valencia Blvd	0669088	29
Oak Spring Canyon Rd	0669088	28
E Cliff Dr	0669112	59
Soquel Ave	0669112	49
Capitola Rd	0669112	43
17th Ave	0669112	33
30th Ave	0669112	33
Portola Dr	0669112	33
38th Ave	0669112	32
7th Ave	0669112	31
Brommer St	0669112	31
Chanticleer Ave	0669112	22
Old Tepusquet Rd	0669196	49
W Main St	0669196	47
N Broadway	0669196	45
Foxen Canyon Rd	0669196	42
S Broadway	0669196	39
Boone St	0669196	29
E Main St	0669196	28
S Blosser Rd	0669196	28
E Alvin Ave	0669196	27
El Camino St	0669196	26
Arizona Ave	0670000	59
Broadway	0670000	54
Montana Ave	0670000	54
California Ave	0670000	53
Washington Ave	0670000	53
4th St	0670000	52
Colorado Ave	0670000	52
Santa Monica Blvd	0670000	52
Pico Blvd	0670000	51
Idaho Ave	0670000	46
N Ojai Rd	0670042	37
Aliso Canyon Rd	0670042	33
E Harvard Blvd	0670042	30
Telegraph Rd	0670042	30
S Mountain Rd	0670042	27
Foothill Rd	0670042	25
Timber Canyon Rd	0670042	23
E Ventura St	0670042	22
E Santa Paula St	0670042	20
W Santa Paula St	0670042	20
Sonoma Hwy	0670098	83
Bennett Valley Rd	0670098	74
Santa Rosa Ave	0670098	71
Old Redwood Hwy	0670098	61
Guerneville Rd	0670098	56
Montgomery Dr	0670098	52
Fulton Rd	0670098	50
Petaluma Hill Rd	0670098	48
Stony Point Rd	0670098	47
Montecito Ave	0670098	43
Prospect Ave	0670224	48
Magnolia Ave	0670224	39
Mast Blvd	0670224	39
Mission Gorge Rd	0670224	32
Carlton Oaks Dr	0670224	27
Fanita Dr	0670224	20
Pebble Beach Dr	0670224	18
Cottonwood Ave	0670224	17
El Nopal	0670224	17
Carlton Hills Blvd	0670224	16
Saratoga Ave	0670280	47
Saratoga Sunnyvale Rd	0670280	39
Quito Rd	0670280	37
Pierce Rd	0670280	32
Cox Ave	0670280	27
Bohlman Rd	0670280	23
Allendale Ave	0670280	20
Glen Brae Dr	0670280	18
Big Basin Way	0670280	17
Fruitvale Ave	0670280	15
Fremont Blvd	0670742	29
Hilby Ave	0670742	29
San Pablo Ave	0670742	28
Noche Buena St	0670742	27
Broadway Ave	0670742	26
La Salle Ave	0670742	26
Mescal St	0670742	24
Kimball Ave	0670742	22
Del Monte Blvd	0670742	21
Sonoma Ave	0670742	20
E Los Angeles Ave	0672016	80
Cochran St	0672016	63
Royal Ave	0672016	48
Alamo St	0672016	46
Sycamore Dr	0672016	33
Ave Simi	0672016	32
Walnut Ave	0672016	32
Erringer Rd	0672016	28
Fitzgerald Rd	0672016	28
Township Ave	0672016	26
Metz Rd	0672520	31
Arroyo Seco Rd	0672520	24
Monterey St	0672520	23
Camphora Gloria Rd	0672520	18
Reservation Rd	0672520	16
Foothill Rd	0672520	15
Front St	0672520	14
Palm Ave	0672520	14
West St	0672520	12
Market St	0672520	11
Southern Ave	0673080	67
Firestone Blvd	0673080	58
Tweedy Blvd	0673080	52
Garfield Ave	0673080	39
Tenaya Ave	0673080	31
Missouri Ave	0673080	28
Santa Ana St	0673080	28
Michigan Ave	0673080	27
Long Beach Blvd	0673080	26
Liberty Blvd	0673080	25
Monterey Rd	0673220	36
Mission St	0673220	31
Meridian Ave	0673220	30
Fremont Ave	0673220	27
Fair Oaks Ave	0673220	21
Huntington Dr	0673220	20
Oxley St	0673220	20
Garfield Ave	0673220	19
El Centro St	0673220	17
Oak St	0673220	17
Miller Ave	0673262	23
Linden Ave	0673262	22
Greendale Dr	0673262	19
Hillside Blvd	0673262	19
Mission Rd	0673262	18
Bayshore Blvd	0673262	17
E Grand Ave	0673262	17
Randolph Ave	0673262	17
W Orange Ave	0673262	17
Arroyo Dr	0673262	16
Beach Blvd	0673962	49
Western Ave	0673962	35
Katella Ave	0673962	34
Cerritos Ave	0673962	28
College Dr	0673962	16
Dale Ave	0673962	16
Orangewood Ave	0673962	14
W Chapman Ave	0673962	13
Rutledge Ave	0673962	12
Santa Rosalia St	0673962	12
N El Dorado St	0675000	95
N Pershing Ave	0675000	76
California St	0675000	70
Commerce St	0675000	62
E Harding Way	0675000	49
Acacia St	0675000	48
Alpine Ave	0675000	47
N Sutter St	0675000	47
S Airport Way	0675000	47
E Eight Mile Rd	0675000	46
Grizzly Island Rd	0675630	46
Pintail Dr	0675630	23
Main St	0675630	15
Marina Center	0675630	14
Railroad Ave	0675630	14
Potrero Cir	0675630	13
Ramsey Rd	0675630	13
Mayfield Cir	0675630	11
School St	0675630	11
Shiloh Rd	0675630	11
S Bernardo Ave	0677000	43
E El Camino Real	0677000	38
S Mary Ave	0677000	29
E Ahwanee Ave	0677000	28
E Arques Ave	0677000	28
E Duane Ave	0677000	27
E Evelyn Ave	0677000	27
Cascade Dr	0677000	25
Morse Ave	0677000	25
N Mathilda Ave	0677000	25
De Portola Rd	0678120	91
Rancho California Rd	0678120	69
Carancho Rd	0678120	43
Pauba Rd	0678120	43
De Luz Rd	0678120	33
Anza Rd	0678120	30
Margarita Rd	0678120	29
Sandia Creek Dr	0678120	29
Via Vaquero Rd	0678120	24
Ynez Rd	0678120	21
Olive St	0678148	30
Lower Azusa Rd	0678148	27
Encinita Ave	0678148	25
Daines Dr	0678148	24
Golden West Ave	0678148	24
Garibaldi Ave	0678148	23
La Rosa Dr	0678148	20
Broadway	0678148	19
Temple City Blvd	0678148	19
Freer St	0678148	18
E Thousand Oaks Blvd	0678582	73
E Ave de Los Arboles	0678582	44
W Hillcrest Dr	0678582	37
E Hillcrest Dr	0678582	36
Erbes Rd	0678582	31
N Moorpark Rd	0678582	29
Lakeview Canyon Rd	0678582	28
Via Colinas	0678582	25
Triunfo Canyon Rd	0678582	24
E Ave de Las Flores	0678582	22
Crenshaw Blvd	0680000	102
Hawthorne Blvd	0680000	96
W Carson St	0680000	69
W 190th St	0680000	62
Sepulveda Blvd	0680000	55
Torrance Blvd	0680000	54
Anza Ave	0680000	51
Del Amo Blvd	0680000	47
Arlington Ave	0680000	45
Van Ness Ave	0680000	43
W Grant Line Rd	0680238	45
S Bird Rd	0680238	43
N Tracy Blvd	0680238	41
S Corral Hollow Rd	0680238	41
S Lammers Rd	0680238	36
Holly Dr	0680238	35
S Chrisman Rd	0680238	35
Byron Rd	0680238	34
East St	0680238	31
Central Ave	0680238	29
S Laspina St	0680644	51
E Cross Ave	0680644	49
N M St	0680644	47
E Prosperity Ave	0680644	40
E Tulare Ave	0680644	39
S K St	0680644	38
E Bardsley Ave	0680644	37
W Inyo Ave	0680644	37
W Tulare Ave	0680644	33
E Kern Ave	0680644	32
E Canal Dr	0680812	39
N Berkeley Ave	0680812	38
W Main St	0680812	38
Colorado Ave	0680812	33
E Hawkeye Ave	0680812	33
W Harding Rd	0680812	33
Lander Ave	0680812	32
N Olive Ave	0680812	32
E Tuolumne Rd	0680812	28
East Ave	0680812	28
Red Hill Ave	0680854	54
Newport Ave	0680854	47
Irvine Blvd	0680854	31
Walnut Ave	0680854	30
Browning Ave	0680854	26
El Camino Real	0680854	25
Prospect Ave	0680854	25
Bryan Ave	0680854	24
Mitchell Ave	0680854	23
Edinger Ave	0680854	21
29 Palms Hwy	0680994	127
Amboy Rd	0680994	97
Sullivan Rd	0680994	87
Two Mile Rd	0680994	80
Valle Vista Rd	0680994	80
Indian Trl	0680994	75
Mesa Dr	0680994	75
Adobe Rd	0680994	59
Morongo Rd	0680994	55
Twentynine Palms Hwy	0680994	53
Alvarado Niles Rd	0681204	37
Whipple Rd	0681204	33
Regents Blvd	0681204	26
Perry Rd	0681204	22
Almaden Blvd	0681204	19
H St	0681204	19
Union City Blvd	0681204	19
San Andreas Dr	0681204	18
Cabello St	0681204	17
Jean Dr	0681204	17
N Euclid Ave	0681344	50
N Mountain Ave	0681344	41
N San Antonio Ave	0681344	38
N Campus Ave	0681344	35
W 16th St	0681344	31
W 15th St	0681344	27
W 8th St	0681344	27
N 3rd Ave	0681344	26
N Benson Ave	0681344	26
N 2nd Ave	0681344	25
Pleasants Valley Rd	0681554	79
Alamo Dr	0681554	53
Marshall Rd	0681554	45
E Monte Vista Ave	0681554	44
Lewis Rd	0681554	38
Nut Tree Rd	0681554	35
Cantelow Rd	0681554	32
Gibson Canyon Rd	0681554	32
Leisure Town Rd	0681554	31
Vanden Rd	0681554	29
Sonoma Blvd	0681666	76
Georgia St	0681666	62
Tuolumne St	0681666	55
Tennessee St	0681666	49
Sacramento St	0681666	44
Broadway St	0681666	41
Springs Rd	0681666	41
Marin St	0681666	37
Napa St	0681666	37
Sutter St	0681666	34
Luna Rd	0682590	66
Bear Valley Rd	0682590	64
National Trails Hwy	0682590	60
El Evado Rd	0682590	58
Amargosa Rd	0682590	55
Cobalt Rd	0682590	54
Seneca Rd	0682590	54
Palmdale Rd	0682590	50
La Mesa Rd	0682590	46
Amethyst Rd	0682590	45
W Walnut Ave	0682954	58
Ave 280	0682954	53
N Dinuba Blvd	0682954	46
W Whitendale Ave	0682954	42
Ave 328	0682954	41
S County Center Dr	0682954	41
S Demaree St	0682954	40
S Woodland St	0682954	39
S Giddings St	0682954	37
S Santa Fe Ave	0682954	33
S Santa Fe Ave	0682996	64
N Santa Fe Ave	0682996	42
Alta Vista Dr	0682996	41
Sunset Dr	0682996	41
E Vista Way	0682996	40
S Melrose Dr	0682996	39
Gopher Canyon Rd	0682996	37
Foothill Dr	0682996	31
Warmlands Ave	0682996	28
Monte Vista Dr	0682996	24
Valley Blvd	0683332	29
Pierre Rd	0683332	23
Brea Canyon Rd	0683332	22
N Grand Ave	0683332	21
La Puente Rd	0683332	18
Walnut Dr	0683332	17
E Snow Creek Dr	0683332	16
Golden Springs Dr	0683332	14
Vejar Rd	0683332	14
Fairway Dr	0683332	13
Walnut Blvd	0683346	45
N Main St	0683346	35
Arbolado Dr	0683346	33
Ygnacio Valley Rd	0683346	31
Tice Valley Blvd	0683346	24
Oak Rd	0683346	23
Terra Granada Dr	0683346	22
Wiget Ln	0683346	22
Geary Rd	0683346	21
San Miguel Dr	0683346	21
Paso Robles Hwy	0683542	49
Palm Ave	0683542	29
Gun Club Rd	0683542	26
7th St	0683542	23
Pond Rd	0683542	23
N Griffith Ave	0683542	22
Broadway	0683542	21
D St	0683542	21
Jackson Ave	0683542	20
Poplar Ave	0683542	20
Freedom Blvd	0683668	11
Airport Blvd	0683668	8
Green Valley Rd	0683668	7
Bowker Rd	0683668	6
Buena Vista Dr	0683668	6
Carey Ave	0683668	6
Fuchsia Dr	0683668	4
Landis Ave	0683668	4
Roache Rd	0683668	4
Ross Ave	0683668	4
E Cameron Ave	0684200	52
S Azusa Ave	0684200	38
E Vine Ave	0684200	37
E Cortez St	0684200	33
S Citrus St	0684200	29
S Lark Ellen Ave	0684200	26
E Walnut Creek Pkwy	0684200	25
E Garvey Ave S	0684200	24
S Glendora Ave	0684200	24
W Workman Ave	0684200	24
Westminster Blvd	0684550	77
Hazard Ave	0684550	49
Beach Blvd	0684550	48
Bolsa Ave	0684550	40
Goldenwest St	0684550	40
Trask Ave	0684550	35
Magnolia St	0684550	34
McFadden Ave	0684550	31
Springdale St	0684550	28
Edwards St	0684550	26
Jefferson Blvd	0684816	41
S River Rd	0684816	30
W Capitol Ave	0684816	28
Linden Rd	0684816	17
Park Blvd	0684816	16
Marshall Rd	0684816	15
Sacramento Ave	0684816	15
Stone Blvd	0684816	15
6th St	0684816	14
Evergreen Ave	0684816	14
Whittier Blvd	0685292	101
Painter Ave	0685292	66
Mar Vista St	0685292	60
Workman Mill Rd	0685292	54
La Cuarta St	0685292	50
Greenleaf Ave	0685292	44
Carmenita Rd	0685292	42
Beverly Blvd	0685292	40
Philadelphia St	0685292	37
Laurel Ave	0685292	36
Grand Ave	0685446	40
Bundy Canyon Rd	0685446	34
Palomar St	0685446	33
Orange St	0685446	17
Mission Trl	0685446	15
Union St	0685446	15
Bryant St	0685446	14
Central St	0685446	14
Gruwell St	0685446	14
Harvest Way	0685446	14
Old Redwood Hwy	0685922	39
Starr Rd	0685922	33
Windsor Rd	0685922	28
Windsor River Rd	0685922	20
Hembree Ln	0685922	17
Decanter Cir	0685922	15
Mark West Station Rd	0685922	15
Mitchell Ln	0685922	15
Shiloh Rd	0685922	15
Woolsey Rd	0685922	15
Gibson Rd	0686328	36
West St	0686328	36
Ashley Ave	0686328	30
College St	0686328	30
Pedrick Rd	0686328	27
East St	0686328	26
Cottonwood St	0686328	24
McKinley Ave	0686328	23
Beamer St	0686328	21
E Gum Ave	0686328	21
Yorba Linda Blvd	0686832	53
Buena Vista Ave	0686832	31
Imperial Hwy	0686832	31
Lakeview Ave	0686832	27
Fairmont Blvd	0686832	25
Ohio St	0686832	22
Bastanchury Rd	0686832	21
Esperanza Rd	0686832	20
Richfield Rd	0686832	20
Kellogg Dr	0686832	19
Garden Hwy	0686972	70
Butte House Rd	0686972	40
Franklin Rd	0686972	40
Lincoln Rd	0686972	37
Clark Ave	0686972	36
Bogue Rd	0686972	35
Bridge St	0686972	34
Gray Ave	0686972	33
S Walton Ave	0686972	33
Railroad Ave	0686972	31
Oak Glen Rd	0687042	71
Bryant St	0687042	54
County Line Rd	0687042	44
Avenue E	0687042	41
Yucaipa Blvd	0687042	38
Fremont St	0687042	37
Wildwood Canyon Rd	0687042	36
2nd St	0687042	33
3rd St	0687042	29
California St	0687042	28
Sheridan Blvd	0803455	126
W 64th Ave	0803455	106
W 72nd Ave	0803455	98
W 68th Ave	0803455	95
W 58th Ave	0803455	83
W 66th Ave	0803455	82
W 60th Ave	0803455	76
Indiana St	0803455	71
W 62nd Ave	0803455	66
W 82nd Ave	0803455	62
E 6th Ave	0804000	90
E 11th Ave	0804000	85
S Chambers Rd	0804000	80
E 13th Ave	0804000	77
E Jewell Ave	0804000	68
E 17th Ave	0804000	66
E Mississippi Ave	0804000	66
E 19th Ave	0804000	61
E Hampden Ave	0804000	61
E Yale Ave	0804000	59
Baseline Rd	0807850	66
28th St	0807850	62
S Boulder Rd	0807850	59
30th St	0807850	54
55th St	0807850	53
Valmont Rd	0807850	52
Broadway St	0807850	51
Table Mesa Dr	0807850	48
63rd St	0807850	46
Arapahoe Ave	0807850	45
Longs Peak St	0808675	39
E 136th Ave	0808675	35
E 168th Ave	0808675	34
Egbert St	0808675	32
E Bridge St	0808675	31
Brighton Rd	0808675	30
E Bromley Ln	0808675	28
Sable Blvd	0808675	23
Southern St	0808675	23
E 132nd Ave	0808675	21
Sheridan Blvd	0809280	75
Zuni St	0809280	70
Lowell Blvd	0809280	69
W 120th Ave	0809280	51
W 144th Ave	0809280	44
Washington St	0809280	40
Dillon Rd	0809280	37
Main St	0809280	31
Huron St	0809280	28
W 136th Ave	0809280	28
S Lake Gulch Rd	0812415	29
Front St	0812415	26
W Wolfensberger Rd	0812415	25
Foothills Dr	0812415	23
Castle Butte Dr	0812415	20
E Wolfensburger Rd	0812415	19
Mount Royal Dr	0812415	16
N Meadows Dr	0812415	16
Garton Rd	0812415	15
South St	0812415	15
E Arapahoe Rd	0812815	110
E Dry Creek Rd	0812815	72
E Orchard Rd	0812815	57
E Easter Ave	0812815	49
E Geddes Ave	0812815	49
E Quincy Ave	0812815	44
S University Blvd	0812815	44
E Belleview Pl	0812815	43
S Holly St	0812815	42
S Broadway	0812815	41
N Academy Blvd	0816000	130
N Nevada Ave	0816000	111
E Pikes Peak Ave	0816000	84
N Union Blvd	0816000	84
E Fountain Blvd	0816000	77
E Uintah St	0816000	76
Constitution Ave	0816000	74
E San Miguel St	0816000	70
E Platte Ave	0816000	68
E Bijou St	0816000	66
Monaco St	0816495	65
E 104th Ave	0816495	59
E 112th Ave	0816495	57
Brighton Rd	0816495	49
Quebec St	0816495	47
E 96th Ave	0816495	46
E 88th Ave	0816495	40
Tower Rd	0816495	37
Dahlia St	0816495	36
E 72nd Ave	0816495	35
E Mississippi Ave	0820000	136
E Yale Ave	0820000	131
E 6th Ave	0820000	125
E 56th Ave	0820000	109
E 17th Ave	0820000	108
E 29th Ave	0820000	101
Federal Blvd	0820000	100
E 11th Ave	0820000	99
E 12th Ave	0820000	99
E 13th Ave	0820000	99
W Dartmouth Ave	0824785	36
W Hampden Ave	0824785	36
S Federal Blvd	0824785	35
S Zuni St	0824785	32
W Union Ave	0824785	32
W Oxford Ave	0824785	30
S Cherokee St	0824785	27
S Acoma St	0824785	26
S Delaware St	0824785	26
S Elati St	0824785	26
NE County Line Rd	0824950	59
Bonanza Dr	0824950	20
E I25 Frontage Rd	0824950	15
Evans St	0824950	15
N 111th St	0824950	15
Isabelle Rd	0824950	12
Cheesman St	0824950	11
N 119th St	0824950	11
Alpine Dr	0824950	10
Balcolm St	0824950	10
Poudre Canyon Hwy	0827425	170
E Prospect Rd	0827425	101
S College Ave	0827425	96
S Lemay Ave	0827425	82
Timberline Rd	0827425	79
Buckhorn Rd	0827425	74
N Taft Hill Rd	0827425	68
S Shields St	0827425	66
E Mulberry St	0827425	64
E Harmony Rd	0827425	60
Fountain Mesa Rd	0827865	25
Southmoor Dr	0827865	25
Milne Rd	0827865	24
Old Pueblo Rd	0827865	23
Hanover Rd	0827865	22
N Santa Fe Ave	0827865	20
S Peyton Hwy	0827865	19
Ray Nixon Rd	0827865	18
Indian Village Hts	0827865	17
Myers Rd	0827865	17
Bookcliff Ave	0831660	50
Patterson Rd	0831660	50
Orchard Ave	0831660	47
30 Rd	0831660	46
F 1/2 Rd	0831660	41
Gunnison Ave	0831660	41
29 Rd	0831660	39
North Ave	0831660	39
Walnut Ave	0831660	37
N 15th St	0831660	36
W 16th St	0832155	65
W 4th St	0832155	56
W 20th St	0832155	55
N 35th Ave	0832155	53
8th Ave	0832155	51
10th St	0832155	46
23rd Ave	0832155	46
28th Ave	0832155	43
W 8th St	0832155	43
21st Ave	0832155	40
Baseline Rd	0841835	33
N 95th St	0841835	26
N 107th St	0841835	23
W South Boulder Rd	0841835	23
Arapahoe Rd	0841835	21
Isabelle Rd	0841835	20
N 109th St	0841835	17
N 111th St	0841835	17
N 119th St	0841835	17
S Public Rd	0841835	17
W Jewell Ave	0843000	90
S Sheridan Blvd	0843000	84
W Mississippi Ave	0843000	84
W Yale Ave	0843000	83
W 20th Ave	0843000	80
Sheridan Blvd	0843000	76
W 26th Ave	0843000	76
W Florida Ave	0843000	69
S Wadsworth Blvd	0843000	66
West Virginia Ave	0843000	52
S Windermere St	0845255	44
S Elati St	0845255	37
S Prince St	0845255	36
S Santa Fe Dr	0845255	31
W Littleton Blvd	0845255	25
W Powers Ave	0845255	25
S Gallup St	0845255	24
S Datura St	0845255	20
S Hill St	0845255	20
W Berry Ave	0845255	20
Mountain View Ave	0845970	61
NE County Line Rd	0845970	58
9th Ave	0845970	54
Ute Hwy	0845970	49
Nelson Rd	0845970	47
Niwot Rd	0845970	47
3rd Ave	0845970	43
11th Ave	0845970	40
S Pratt Pkwy	0845970	40
N 63rd St	0845970	39
Buckhorn Rd	0846465	86
W Eisenhower Blvd	0846465	86
W 1st St	0846465	67
N Garfield Ave	0846465	64
14th St SW	0846465	61
Pole Hill Rd	0846465	52
Taft Ave	0846465	52
42nd St SE	0846465	48
N Lincoln Ave	0846465	48
Wilson Ave	0846465	44
E Parker Rd	0857630	44
E Lincoln Ave	0857630	42
E Hilltop Rd	0857630	35
E Democrat Rd	0857630	30
N Jordan Rd	0857630	30
N Pinery Pkwy	0857630	29
N Delbert Rd	0857630	27
Motsenbocker Rd	0857630	23
N Pine Dr	0857630	23
N Tomahawk Rd	0857630	23
Jones Ave	0862000	69
N Elizabeth St	0862000	67
W Northern Ave	0862000	66
Santa Fe Dr	0862000	65
W 29th St	0862000	63
S Prairie Ave	0862000	55
St Clair Ave	0862000	52
W 27th St	0862000	50
Thatcher Ave	0862000	47
W 24th St	0862000	46
Washington St	0877290	115
Colorado Blvd	0877290	96
York St	0877290	86
Holly St	0877290	83
E 120th Ave	0877290	61
E 88th Ave	0877290	60
E 136th Ave	0877290	55
Huron St	0877290	52
Riverdale Rd	0877290	50
E 168th Ave	0877290	49
Federal Blvd	0883835	67
Sheridan Blvd	0883835	62
W 104th Ave	0883835	61
Huron St	0883835	59
Lowell Blvd	0883835	57
W 92nd Ave	0883835	57
W 88th Ave	0883835	54
W 112th Ave	0883835	46
W 94th Ave	0883835	43
W 72nd Ave	0883835	37
W 38th Ave	0884440	72
W 44th Ave	0884440	71
W 32nd Ave	0884440	65
W 35th Ave	0884440	41
W 48th Ave	0884440	37
W 41st Ave	0884440	33
Harlan St	0884440	27
W 33rd Ave	0884440	24
Miller St	0884440	23
W 45th Ave	0884440	23
Eastman Park Dr	0885485	27
Walnut St	0885485	27
Main St	0885485	23
3rd St	0885485	19
N County Line Rd	0885485	18
1st St	0885485	17
County Line Rd	0885485	16
Grand Ave	0885485	16
S County Line Rd	0885485	14
Crooked Stick Dr	0885485	13
Park Ave	0908000	88
Main St	0908000	83
Madison Ave	0908000	74
Fairfield Ave	0908000	60
North Ave	0908000	59
E Main St	0908000	57
Old Town Rd	0908000	46
Boston Ave	0908000	43
Noble Ave	0908000	33
Wood Ave	0908000	31
Farmington Ave	0908420	55
Camp St	0908420	50
Stafford Ave	0908420	32
Burlington Ave	0908420	25
Pine St	0908420	24
Terryville Ave	0908420	24
Lake Ave	0908420	23
Broad St	0908420	22
East St	0908420	22
Jerome Ave	0908420	22
Main St	0918430	33
Great Plain Rd	0918430	27
White St	0918430	24
Stadley Rough Rd	0918430	22
Middle River Rd	0918430	21
Clapboard Ridge Rd	0918430	18
Osborne St	0918430	16
Shelter Rock Rd	0918430	16
South St	0918430	16
E Pembroke Rd	0918430	14
Windsor Ave	0937000	65
Broad St	0937000	53
Poquonock Ave	0937000	49
Main St	0937000	48
Albany Ave	0937000	37
Park St	0937000	37
Bloomfield Ave	0937000	36
New Britain Ave	0937000	35
Wethersfield Ave	0937000	33
Franklin Ave	0937000	32
E Main St	0946450	47
W Main St	0946450	42
Hanover St	0946450	30
Broad St	0946450	23
Baldwin Ave	0946450	22
Liberty St	0946450	18
Paddock Ave	0946450	18
Main St	0946450	17
Chamberlain Hwy	0946450	16
N Colony Rd	0946450	16
Randolph Rd	0947290	34
River Rd	0947290	29
S Main St	0947290	28
East St	0947290	26
Washington St	0947290	26
Saybrook Rd	0947290	25
High St	0947290	23
Silver St	0947290	19
W Lake Dr	0947290	19
Country Club Rd	0947290	18
Bridgeport Ave	0947515	46
New Haven Ave	0947515	45
Milford Point Rd	0947515	40
Naugatuck Ave	0947515	40
Boston Post Rd	0947515	31
W River St	0947515	31
E Broadway	0947515	27
West Ave	0947515	26
Meadowside Rd	0947515	23
Broadway	0947515	21
Middlebury Rd	0949880	37
Rubber Ave	0949880	23
Whittemore Rd	0949880	23
New Haven Rd	0949880	21
Millville Ave	0949880	20
Straits Tpke	0949880	19
Church St	0949880	18
Christian Rd	0949880	17
Field St	0949880	17
May St	0949880	17
Stanley St	0950370	58
Corbin Ave	0950370	43
East St	0950370	37
Slater Rd	0950370	32
Farmington Ave	0950370	28
W Main St	0950370	27
Allen St	0950370	21
Osgood Ave	0950370	20
Lincoln St	0950370	19
South St	0950370	16
Dixwell Ave	0952000	73
Chapel St	0952000	55
Whalley Ave	0952000	44
Ella T Grasso Blvd	0952000	36
State St	0952000	33
Edgewood Ave	0952000	30
Quinnipiac Ave	0952000	30
Sherman Ave	0952000	30
Foxon Rd	0952000	29
Grand Ave	0952000	27
Ocean Ave	0952280	49
Montauk Ave	0952280	37
Williams St	0952280	28
Bank St	0952280	24
Pequot Ave	0952280	24
Jefferson Ave	0952280	23
Broad St	0952280	21
Colman St	0952280	19
Lincoln Ave	0952280	15
Vauxhall St	0952280	15
Rowayton Ave	0955990	36
Newtown Ave	0955990	27
East Ave	0955990	26
Fillow St	0955990	26
Silvermine Ave	0955990	24
Dry Hill Rd	0955990	23
E Rocks Rd	0955990	21
Flax Hill Rd	0955990	21
Highland Ave	0955990	21
Strawberry Hill Ave	0955990	21
Boswell Ave	0956200	32
New London Tpke	0956200	31
W Thames St	0956200	27
Washington St	0956200	27
N Main St	0956200	21
Scotland Rd	0956200	21
Central Ave	0956200	19
Harland Rd	0956200	19
Norwich Ave	0956200	18
W Main St	0956200	18
Howe Ave	0968100	31
Walnut Tree Hill Rd	0968100	27
Long Hill Ave	0968100	25
Meadow St	0968100	25
River Rd	0968100	24
Booth Hill Rd	0968100	21
Bridgeport Ave	0968100	21
Coram Rd	0968100	19
E Village Rd	0968100	15
Mohegan Rd	0968100	15
High Ridge Rd	0973000	74
Long Ridge Rd	0973000	52
Hope St	0973000	50
King St	0973000	37
Newfield Ave	0973000	36
Washington Blvd	0973000	32
Riversville Rd	0973000	31
Round Hill Rd	0973000	31
Shippan Ave	0973000	31
Westover Rd	0973000	30
E Main St	0976500	43
Torringford St	0976500	38
Highland Ave	0976500	34
Torringford West St	0976500	33
Winsted Rd	0976500	33
S Main St	0976500	24
Litchfield St	0976500	23
Norfolk Rd	0976500	21
Main St	0976500	20
Migeon Ave	0976500	19
N Main St	0980000	52
E Main St	0980000	49
Highland Ave	0980000	47
Meriden Rd	0980000	44
Cooke St	0980000	35
W Main St	0980000	35
Bunker Hill Ave	0980000	32
Baldwin St	0980000	30
S Main St	0980000	26
Hill St	0980000	25
Campbell Ave	0982800	42
Ocean Ave	0982800	30
1st Ave	0982800	28
Jones Hill Rd	0982800	23
Washington Ave	0982800	23
Orange Ave	0982800	20
Platt Ave	0982800	19
Savin Ave	0982800	18
2nd Ave	0982800	17
Fairfax St	0982800	15
N Dupont Hwy	1021200	63
S Dupont Hwy	1021200	59
S State St	1021200	55
W Denneys Rd	1021200	39
McKee Rd	1021200	37
S Governors Ave	1021200	32
Forrest Ave	1021200	31
N Little Creek Rd	1021200	28
White Oak Rd	1021200	28
Bayside Dr	1021200	27
Summit Bridge Rd	1047030	29
N Bayberry Pkwy	1047030	18
Lorewood Grove Rd	1047030	17
Middletown Warwick Rd	1047030	17
Spring Hollow Dr	1047030	17
Choptank Rd	1047030	16
Bunker Hill Rd	1047030	15
S Dupont Pkwy	1047030	14
Springmill Dr	1047030	14
Boyds Corner Rd	1047030	13
Kirkwood Hwy	1050670	38
Paper Mill Rd	1050670	35
Elkton Rd	1050670	32
New London Rd	1050670	31
E Main St	1050670	22
Nottingham Rd	1050670	20
S College Ave	1050670	19
Academy St	1050670	13
Corner Ketch Rd	1050670	13
Polly Drummond Hill Rd	1050670	13
N Washington St	1077580	58
Concord Pike	1077580	55
N Market St	1077580	51
Governor Printz Blvd	1077580	49
W 2nd St	1077580	46
Delaware Ave	1077580	44
N Jefferson St	1077580	39
W 4th St	1077580	39
W 6th St	1077580	39
N Adams St	1077580	37
Southern Ave SE	1150000	132
14th St NW	1150000	118
16th St NW	1150000	103
Western Ave NW	1150000	100
13th St NW	1150000	91
Eastern Ave NE	1150000	81
Georgia Ave NW	1150000	78
5th St NW	1150000	77
Alabama Ave SE	1150000	76
Massachusetts Ave NW	1150000	73
Wymore Rd	1200950	24
Douglas Ave	1200950	20
Maitland Ave	1200950	19
E Altamonte Dr	1200950	17
Little Wekiva Rd	1200950	17
Jamestown Blvd	1200950	16
Montgomery Rd	1200950	16
E Hillcrest St	1200950	14
Spring Valley Rd	1200950	14
Hattaway Dr	1200950	13
Plymouth Sorrento Rd	1201700	85
W Kelly Park Rd	1201700	68
W Orange Blossom Trl	1201700	57
Rock Springs Rd	1201700	45
W Ponkan Rd	1201700	42
E Semoran Blvd	1201700	41
S Orange Blossom Trl	1201700	41
S Hawthorne Ave	1201700	33
Old Dixie Hwy	1201700	32
Sheeler Ave	1201700	31
W Dixie Hwy	1202681	29
NE 26th Ave	1202681	21
NE 22nd Ave	1202681	19
NE 207th St	1202681	17
Biscayne Blvd	1202681	16
E Country Club Dr	1202681	14
NE 24th Ave	1202681	12
Carmel Lake Rd	1202681	11
NE 23rd Ave	1202681	11
NE 23rd Ct	1202681	10
Glades Rd	1207300	61
N Federal Hwy	1207300	59
N Dixie Hwy	1207300	55
NE 5th Ave	1207300	53
S Ocean Blvd	1207300	41
NW 2nd Ave	1207300	35
W Cam Real	1207300	34
NE 4th Ave	1207300	32
Clint Moore Rd	1207300	28
NW 4th Ave	1207300	27
Old 41 Rd	1207525	43
S Tamiami Trl	1207525	36
Bonita Beach Rd SW	1207525	25
E Terry St	1207525	24
Bonita Beach Rd SE	1207525	23
Imperial Pkwy	1207525	20
Coconut Rd	1207525	19
Dean St	1207525	18
Strike Ln	1207525	18
W Terry St	1207525	18
Lawrence Rd	1207875	46
N Seacrest Blvd	1207875	38
S Military Trl	1207875	37
S Seacrest Blvd	1207875	36
N Federal Hwy	1207875	35
N Ocean Blvd	1207875	34
SE 1st St	1207875	30
W Boynton Beach Blvd	1207875	27
S Federal Hwy	1207875	24
Old Boynton Rd	1207875	22
Manatee Ave W	1207950	86
Manatee Ave E	1207950	64
9th Ave W	1207950	62
14th St W	1207950	54
17th Ave W	1207950	54
75th St W	1207950	53
1st Ave W	1207950	51
11th Ave W	1207950	47
21st Ave W	1207950	47
15th St E	1207950	46
Del Prado Blvd S	1210275	91
Country Club Blvd	1210275	89
SE 10th Ave	1210275	73
Coronado Pkwy	1210275	59
SW 2nd Ave	1210275	52
SE 6th Ave	1210275	50
S Chiquita Blvd	1210275	49
SE 16th Pl	1210275	49
Santa Barbara Blvd N	1210275	48
SW 3rd Ave	1210275	44
Seminola Blvd	1211050	26
Semoran Blvd	1211050	20
Eagle Cir	1211050	18
Anchor Rd	1211050	17
S Winter Park Dr	1211050	17
Lake Dr	1211050	16
Red Bug Lake Rd	1211050	15
Avalon Blvd	1211050	13
Laura St	1211050	13
Concord Dr	1211050	11
Drew St	1212875	84
Gulf To Bay Blvd	1212875	82
Sunset Point Rd	1212875	66
Druid Rd E	1212875	64
S Lake Ave	1212875	58
Belleair Rd	1212875	56
Cleveland St	1212875	54
N Betty Ln	1212875	48
Lakeview Rd	1212875	46
Nursery Rd	1212875	43
Lakeshore Dr	1212925	31
East Ave	1212925	19
Hartwood Marsh Rd	1212925	19
Spring Lake Dr	1212925	19
Bloxam Ave	1212925	18
Montevista Rd	1212925	18
12th St	1212925	15
Chestnut St	1212925	15
Princeton Dr	1212925	15
Grand Hwy	1212925	14
NW 45th Ave	1213275	41
NW 39th Ave	1213275	33
Lyons Rd	1213275	29
NW 42nd Ave	1213275	24
NW 43rd Ave	1213275	23
W Sample Rd	1213275	21
W Hillsboro Blvd	1213275	19
Wiles Rd	1213275	19
NW 45th Ter	1213275	16
NW 40th Ave	1213275	15
SW 42nd Ave	1214250	112
Ponce de Leon Blvd	1214250	103
Alhambra Cir	1214250	66
Granada Blvd	1214250	52
Riviera Dr	1214250	44
Salzedo St	1214250	41
W Flagler St	1214250	40
Segovia St	1214250	37
SW 37th Ave	1214250	33
SW 8th St	1214250	32
W Sample Rd	1214400	56
Coral Springs Dr	1214400	39
Coral Ridge Dr	1214400	37
Riverside Dr	1214400	37
N University Dr	1214400	36
Royal Palm Blvd	1214400	34
NW 39th St	1214400	28
NW 40th St	1214400	27
NW 96th Ave	1214400	26
NW 39th Ct	1214400	24
S Ferdon Blvd	1215475	54
E James Lee Blvd	1215475	42
Old Bethel Rd	1215475	39
N Ferdon Blvd	1215475	37
Antioch Rd	1215475	34
Lake Silver Rd	1215475	31
Valley Rd	1215475	31
Airport Rd	1215475	30
Poverty Creek Rd	1215475	22
Aplin Rd	1215475	21
W Old Cutler Rd	1215968	31
Caribbean Blvd	1215968	27
SW 212th St	1215968	25
SW 216th St	1215968	19
SW 215th Ter	1215968	17
SW 203rd Ter	1215968	15
SW 213th St	1215968	15
SW 214th St	1215968	15
SW 103rd Ave	1215968	14
SW 102nd Ave	1215968	13
S Federal Hwy	1216335	30
Stirling Rd	1216335	28
SE 2nd Ave	1216335	24
SW 2nd Ave	1216335	24
SW 12th Ave	1216335	23
E Dania Beach Blvd	1216335	19
SE 3rd Ave	1216335	18
NW 1st St	1216335	17
SW 4th Ave	1216335	16
W Dania Beach Blvd	1216335	16
SW 45th St	1216475	96
Stirling Rd	1216475	56
Griffin Rd	1216475	52
SW 130th Ave	1216475	48
S Flamingo Rd	1216475	35
SW 112th Ave	1216475	34
SW 136th Ave	1216475	33
SW 52nd St	1216475	30
SW 64th Ave	1216475	29
SW 61st Ave	1216475	28
S Peninsula Dr	1216525	108
S Atlantic Ave	1216525	85
S Ridgewood Ave	1216525	80
International Speedway Blvd	1216525	67
Magnolia Ave	1216525	50
Mason Ave	1216525	50
Lpga Blvd	1216525	43
S Nova Rd	1216525	40
Flomich St	1216525	39
8th St	1216525	38
E Hillsboro Blvd	1216725	35
W Hillsboro Blvd	1216725	35
SW 15th St	1216725	30
SE 12th Ave	1216725	23
SW 10th St	1216725	23
SE 10th St	1216725	22
Country Club Blvd	1216725	19
S Dixie Hwy	1216725	19
SE 8th Ave	1216725	19
Century Blvd	1216725	18
N Woodland Blvd	1216875	73
N Spring Garden Ave	1216875	59
E New York Ave	1216875	53
S Woodland Blvd	1216875	45
W Beresford Ave	1216875	40
Grand Ave	1216875	39
S Blue Lake Ave	1216875	39
S Clara Ave	1216875	39
S Spring Garden Ave	1216875	38
Orange Camp Rd	1216875	36
W Atlantic Ave	1217100	54
Linton Blvd	1217100	45
Military Trl	1217100	45
N Swinton Ave	1217100	34
N Federal Hwy	1217100	32
Lake Ida Rd	1217100	27
NE 2nd Ave	1217100	27
N Ocean Blvd	1217100	26
S Federal Hwy	1217100	25
E Atlantic Ave	1217100	21
Courtland Blvd	1217200	78
Fort Smith Blvd	1217200	78
Howland Blvd	1217200	71
Elkcam Blvd	1217200	64
Providence Blvd	1217200	62
Saxon Blvd	1217200	58
Doyle Rd	1217200	36
Enterprise Osteen Rd	1217200	34
Newmark Dr	1217200	33
E Normandy Blvd	1217200	30
NW 87th Ave	1217935	57
NW 107th Ave	1217935	48
NW 25th St	1217935	42
NW 97th Ave	1217935	39
NW 114th Ave	1217935	34
NW 113th Pl	1217935	32
NW 109th Ave	1217935	30
NW 102nd Ave	1217935	29
NW 108th Ave	1217935	27
NW 112th Ct	1217935	26
Main St	1218575	34
New York Ave	1218575	32
Douglas Ave	1218575	31
Patricia Ave	1218575	30
Bayshore Blvd	1218575	26
Union St	1218575	26
Michigan Blvd	1218575	24
Milwaukee Ave	1218575	24
Highland Ave	1218575	23
Palm Blvd	1218575	20
Corkscrew Rd	1221150	32
S Tamiami Trl	1221150	27
Stoneybrook Golf Dr	1221150	19
Fountain Lakes Blvd	1221150	16
Corkscrew Shores Blvd	1221150	15
Cumberland Ct	1221150	13
Wildcat Run Dr	1221150	13
Ashcomb Way	1221150	10
Bella Terra Blvd	1221150	10
Broadway Ave W	1221150	10
Burlington Ave	1221350	54
E Orange Ave	1221350	44
S Grove St	1221350	43
Bates Ave	1221350	34
S Bay St	1221350	31
Old Mt Dora Rd	1221350	26
Country Club Rd	1221350	25
S Fish Camp Rd	1221350	25
Abrams Rd	1221350	23
E Washington Ave	1221350	23
NW 9th Ave	1224000	98
N Andrews Ave	1224000	97
N Federal Hwy	1224000	96
Bayview Dr	1224000	95
NW 31st Ave	1224000	81
Riverland Rd	1224000	71
W Broward Blvd	1224000	68
S Federal Hwy	1224000	65
Davie Blvd	1224000	60
NW 27th Ave	1224000	59
McGregor Blvd	1224125	62
Cleveland Ave	1224125	60
Dr Martin Luther King Blvd	1224125	50
Metro Pkwy	1224125	49
Evans Ave	1224125	42
Central Ave	1224125	37
Fowler St	1224125	37
Winkler Ave	1224125	37
Broadway	1224125	36
Palm Beach Blvd	1224125	36
Oleander Ave	1224300	107
S 25th St	1224300	84
Sunrise Blvd	1224300	78
Orange Ave	1224300	77
Edwards Rd	1224300	63
S Indian River Dr	1224300	60
W Midway Rd	1224300	55
Ave Q	1224300	51
Okeechobee Rd	1224300	51
Ave D	1224300	46
NW 39th Ave	1225175	110
NE Waldo Rd	1225175	89
SW 13th St	1225175	81
W University Ave	1225175	75
SE Hawthorne Rd	1225175	66
E University Ave	1225175	65
NW 23rd Ave	1225175	57
NW 13th St	1225175	56
NW 6th St	1225175	56
SW Archer Rd	1225175	56
S Military Trl	1227322	148
Jog Rd	1227322	79
Lake Worth Rd	1227322	64
Haverhill Rd	1227322	55
Lantana Rd	1227322	37
Forest Hill Blvd	1227322	36
Lyons Rd	1227322	33
Purdy Ln	1227322	32
Range Line Rd	1227322	32
Haverhill Rd S	1227322	28
Howey Rd	1227800	42
Villa City Rd	1227800	42
Bay Lake Rd	1227800	30
Number 2 Rd	1227800	24
Leesburg Hwy	1227800	23
Tuscanooga Rd	1227800	22
Blue Cypress Dr	1227800	21
Cherry Lake Rd	1227800	19
Obrien Rd	1227800	19
Empire Church Rd	1227800	18
E Hinson Ave	1228400	47
Hatchineha Rd	1228400	39
E Johnson Ave	1228400	34
Polk City Rd	1228400	32
Peninsular Dr	1228400	23
Baker Dairy Rd	1228400	22
Scenic Hwy	1228400	22
N 10th St	1228400	21
Bates Rd	1228400	20
Lake Lowery Rd	1228400	20
E Hallandale Beach Blvd	1228452	27
SW 11th St	1228452	24
W Hallandale Beach Blvd	1228452	22
SW 8th Ave	1228452	19
NW 9th St	1228452	18
NE 12th Ave	1228452	17
S Ocean Dr	1228452	17
SW 3rd St	1228452	16
SW 6th Ave	1228452	15
SW 7th Ave	1228452	15
Palm Ave	1230000	88
E 4th Ave	1230000	72
E 6th Ave	1230000	69
E 5th Ave	1230000	64
E 8th Ave	1230000	63
N Red Rd	1230000	62
E 7th Ave	1230000	60
W 2nd Ave	1230000	60
E 2nd Ave	1230000	58
W 12th Ave	1230000	58
Sheridan St	1232000	69
Hollywood Blvd	1232000	68
Johnson St	1232000	63
N Ocean Dr	1232000	60
Taft St	1232000	56
Arthur St	1232000	55
N Park Rd	1232000	55
W Park Rd	1232000	55
N Surf Rd	1232000	51
Harding St	1232000	46
SW 288th St	1232275	67
SW 296th St	1232275	66
SW 284th St	1232275	47
SW 187th Ave	1232275	36
SW 177th Ave	1232275	34
SW 162nd Ave	1232275	33
SW 304th St	1232275	33
SW 292nd St	1232275	30
SW 320th St	1232275	29
SW 167th Ave	1232275	27
N Main St	1235000	159
Atlantic Blvd	1235000	154
San Jose Blvd	1235000	147
St Augustine Rd	1235000	127
W Beaver St	1235000	115
Beach Blvd	1235000	104
Normandy Blvd	1235000	91
Philips Hwy	1235000	91
University Blvd N	1235000	82
Park St	1235000	81
Center St	1235875	46
Loxahatchee River Rd	1235875	34
W Indiantown Rd	1235875	28
Via Royale	1235875	21
N Egret Cir	1235875	19
Ocean Blvd	1235875	19
Military Trl	1235875	18
Sweet Bay Cir	1235875	17
Marlberry Cir	1235875	15
S Egret Cir	1235875	15
Space Coast Pkwy	1236950	95
Boggy Creek Rd	1236950	74
W Irlo Bronson Memorial Hwy	1236950	70
N John Young Pkwy	1236950	58
Neptune Rd	1236950	54
Michigan Ave	1236950	49
Pleasant Hill Rd	1236950	48
N Orange Blossom Trl	1236950	34
W Donegan Ave	1236950	34
N Thacker Ave	1236950	30
Bartow Rd	1238250	155
W Memorial Blvd	1238250	76
Lakeland Hills Blvd	1238250	75
County Line Rd	1238250	68
E Memorial Blvd	1238250	66
N Florida Ave	1238250	64
S Florida Ave	1238250	59
New Tampa Hwy	1238250	56
N Socrum Loop Rd	1238250	52
E Main St	1238250	49
N A St	1239081	34
N Dixie Hwy	1239081	34
N Federal Hwy	1239081	31
12th Ave S	1239081	25
13th Ave N	1239081	25
N Lakeside Dr	1239081	25
N D St	1239081	22
7th Ave N	1239081	20
Lake Ave	1239081	20
N M St	1239081	20
Ulmerton Rd	1239425	92
Seminole Blvd	1239425	53
142nd Ave N	1239425	40
Ridge Rd	1239425	37
E Bay Dr	1239425	36
W Bay Dr	1239425	34
8th Ave SW	1239425	33
131st St	1239425	31
150th Ave N	1239425	30
Walsingham Rd	1239425	30
W Oakland Park Blvd	1239550	39
Sunset Strip	1239550	31
NW 19th St	1239550	27
NW 49th Ave	1239550	27
NW 16th St	1239550	25
NW 26th St	1239550	25
NW 56th Ave	1239550	25
NW 46th Ave	1239550	24
NW 60th Ave	1239550	24
NW 63rd Ave	1239550	24
W Main St	1239875	50
Creek Rd	1239875	45
Sunnyside Dr	1239875	38
S 14th St	1239875	29
South St	1239875	29
Hawthorne Blvd	1239875	28
Radio Rd	1239875	28
Griffin Rd	1239875	27
E Main St	1239875	24
Emeralda Island Rd	1239875	24
W Atlantic Blvd	1243125	36
Royal Palm Blvd	1243125	33
Rock Island Rd	1243125	31
Margate Blvd	1243125	29
NW 69th Ter	1243125	27
NW 65th Ave	1243125	26
NW 66th Ave	1243125	25
NW 18th St	1243125	22
NW 69th Ave	1243125	21
Banks Rd	1243125	20
Aurora Rd	1243975	77
Croton Rd	1243975	51
N Wickham Rd	1243975	50
S Babcock St	1243975	41
W Eau Gallie Blvd	1243975	38
Lake Washington Rd	1243975	35
Post Rd	1243975	35
Parkway Dr	1243975	33
S Harbor City Blvd	1243975	31
Sarno Rd	1243975	29
N Miami Ave	1245000	142
Biscayne Blvd	1245000	140
NE 2nd Ave	1245000	139
NW 7th St	1245000	135
NW 12th Ave	1245000	133
NW 2nd Ave	1245000	132
NW 7th Ave	1245000	118
NW 10th Ave	1245000	109
W Flagler St	1245000	103
NW 1st Ave	1245000	98
Collins Ave	1245025	99
Alton Rd	1245025	67
Meridian Ave	1245025	37
Pine Tree Dr	1245025	36
Indian Creek Dr	1245025	29
Washington Ave	1245025	29
N Bay Rd	1245025	25
West Ave	1245025	23
Jefferson Ave	1245025	20
71st St	1245025	19
NW 191st St	1245060	81
NW 37th Ave	1245060	65
NW 183rd St	1245060	59
NW 199th St	1245060	59
NW 204th St	1245060	51
N Miami Ave	1245060	50
NW 7th Ave	1245060	47
NW 2nd Ave	1245060	46
NW 47th Ave	1245060	46
NW 179th St	1245060	44
NW 67th Ave	1245100	26
N Red Rd	1245100	25
W 68th St	1245100	25
W 8th Ave	1245100	24
Miami Lakeway S	1245100	20
W 76th St	1245100	19
W 72nd St	1245100	17
W 16th Ave	1245100	16
W 6th Ave	1245100	16
W 84th St	1245100	13
Miramar Pkwy	1245975	87
Pembroke Rd	1245975	81
SW 21st St	1245975	52
SW 3rd St	1245975	51
SW 26th St	1245975	48
SW 62nd Ave	1245975	48
S 56th Ave	1245975	46
SW 6th St	1245975	46
Miramar Blvd	1245975	45
SW 41st St	1245975	45
Pioneer Trl	1248625	99
S Atlantic Ave	1248625	80
Turnbull Bay Rd	1248625	45
N Dixie Fwy	1248625	39
Saxon Dr	1248625	39
Old Mission Rd	1248625	37
S Glencoe Rd	1248625	35
Canal St	1248625	34
N Peninsula Ave	1248625	29
Enterprise Ave	1248625	26
SW 7th St	1249425	31
Southgate Blvd	1249425	29
Kimberly Blvd	1249425	28
SW 5th St	1249425	26
SW 6th St	1249425	26
SW 83rd Ave	1249425	24
SW 19th St	1249425	23
SW 81st Ave	1249425	22
SW 8th St	1249425	21
SW 70th Way	1249425	19
W Dixie Hwy	1249450	79
Biscayne Blvd	1249450	70
NW 10th Ave	1249450	57
NE 16th Ave	1249450	52
NE 6th Ave	1249450	49
NW 12th Ave	1249450	49
NW 7th Ave	1249450	49
NE 2nd Ave	1249450	48
NE 12th Ave	1249450	46
NW 11th Ave	1249450	45
NE 10th Ave	1249475	43
NE 6th Ave	1249475	35
NE 12th Ave	1249475	34
NE 14th Ave	1249475	34
NE 8th Ave	1249475	34
NE 16th Ave	1249475	33
NE 163rd St	1249475	32
NE 15th Ave	1249475	31
NE 171st St	1249475	31
NE 18th Ave	1249475	30
S Tamiami Trl	1249675	76
Circlewood Dr	1249675	41
N Salford Blvd	1249675	36
S Biscayne Dr	1249675	32
W Price Blvd	1249675	32
Shamrock Dr	1249675	30
N Cranberry Blvd	1249675	29
Pan American Blvd	1249675	29
S Salford Blvd	1249675	29
Tropicaire Blvd	1249675	29
NE 6th Ave	1250575	43
NE 18th Ave	1250575	42
NE 15th Ave	1250575	41
E Oakland Park Blvd	1250575	36
N Dixie Hwy	1250575	33
NE 16th Ave	1250575	33
NE 3rd Ave	1250575	33
NE 5th Ave	1250575	32
NE 13th Ave	1250575	27
NE 17th Ave	1250575	27
S Pine Ave	1250750	74
E Fort King St	1250750	61
SE 8th St	1250750	59
SE 58th Ave	1250750	57
SE 38th St	1250750	53
NE 7th St	1250750	47
NW 14th St	1250750	45
NW Gainesville Rd	1250750	44
NE 3rd St	1250750	43
W Silver Springs Blvd	1250750	42
E Silver Star Rd	1251075	37
W Colonial Dr	1251075	37
Ocoee Apopka Rd	1251075	24
Adair St	1251075	20
E Crown Point Rd	1251075	20
Maguire Rd	1251075	20
1st St	1251075	18
Center St	1251075	18
Lakewood Ave	1251075	18
Russell Dr	1251075	17
E Colonial Dr	1253000	93
S Semoran Blvd	1253000	93
Curry Ford Rd	1253000	92
Narcoossee Rd	1253000	80
S Conway Rd	1253000	78
S Kirkman Rd	1253000	76
Edgewater Dr	1253000	73
S Goldenrod Rd	1253000	69
Conroy Rd	1253000	66
Old Winter Garden Rd	1253000	66
John Anderson Dr	1253150	81
Ocean Shore Blvd	1253150	78
W Granada Blvd	1253150	59
N Beach St	1253150	45
S Yonge St	1253150	31
Hand Ave	1253150	29
N Halifax Dr	1253150	27
N Tymber Creek Rd	1253150	25
Fleming Ave	1253150	24
Acoma Dr	1253150	21
Geneva Dr	1253575	34
Lockwood Blvd	1253575	27
W Chapman Rd	1253575	23
Brumley Rd	1253575	22
E Broadway St	1253575	21
Alafaya Woods Blvd	1253575	19
Tuskawilla Rd	1253575	19
Heirloom Rose Pl	1253575	17
N Pine Ave	1253575	17
Red Bug Lake Rd	1253575	17
San Filippo Dr SE	1254000	56
Port Malabar Blvd NE	1254000	52
Eldron Blvd SE	1254000	49
Babcock St SE	1254000	41
Palm Bay Rd NE	1254000	41
Malabar Rd SW	1254000	38
Emerson Dr SE	1254000	34
Emerson Dr NW	1254000	32
Holiday Park Blvd NE	1254000	32
Americana Blvd NE	1254000	29
N Military Trl	1254075	71
Prosperity Farms Rd	1254075	61
Pga Blvd	1254075	31
Old Dixie Hwy	1254075	28
Holly Dr	1254075	25
Palmwood Rd	1254075	25
154th Rd N	1254075	23
150th Ct N	1254075	22
155th Pl N	1254075	22
159th Ct N	1254075	22
N Oceanshore Blvd	1254200	50
Florida Park Dr N	1254200	22
Pine Grove Dr	1254200	21
Wynnfield Dr	1254200	20
Eric Dr	1254200	19
Island Estates Pkwy	1254200	19
Parkview Dr	1254200	19
Pritchard Dr	1254200	18
Underwood Trl	1254200	18
Wellington Dr	1254200	17
S Congress Ave	1254450	74
Kirk Rd	1254450	59
Florida Mango Rd	1254450	46
Davis Rd	1254450	45
Lake Worth Rd	1254450	41
Forest Hill Blvd	1254450	36
10th Ave N	1254450	33
Lake Osborne Dr	1254450	30
Gulfstream Rd	1254450	27
2nd Ave N	1254450	26
Cherry St	1254700	75
N East Ave	1254700	67
Wewa Hwy	1254700	66
Transmitter Rd	1254700	63
Jenks Ave	1254700	60
E 15th St	1254700	50
E 3rd St	1254700	50
E 11th St	1254700	49
W 23rd St	1254700	47
E 7th St	1254700	46
Wiles Rd	1255125	49
Holmberg Rd	1255125	33
Loxahatchee Rd	1255125	23
Westview Dr	1255125	23
NW 56th St	1255125	19
NW 52nd St	1255125	17
NW 56th Ct	1255125	17
NW 48th Ct	1255125	16
NW 61st Ave	1255125	16
University Dr	1255125	16
Taft St	1255775	77
Johnson St	1255775	69
Pines Blvd	1255775	64
N 64th Ave	1255775	53
Sheridan St	1255775	43
NW 11th St	1255775	40
NW 72nd Ave	1255775	38
NW 19th St	1255775	37
NW 68th Ave	1255775	35
NW 15th St	1255775	34
N 9th Ave	1255925	86
N Davis Hwy	1255925	72
N Palafox St	1255925	65
N 12th Ave	1255925	59
Langley Ave	1255925	51
Bayou Blvd	1255925	48
Creighton Rd	1255925	48
Scenic Hwy	1255925	45
N 10th Ave	1255925	39
E Lakeview Ave	1255925	38
66th St	1256975	81
62nd Ave N	1256975	75
60th St	1256975	60
78th Ave	1256975	59
Park Blvd	1256975	59
68th St N	1256975	58
70th Ave N	1256975	57
58th St	1256975	54
82nd Ave	1256975	51
62nd St N	1256975	47
W Broward Blvd	1257425	78
W Sunrise Blvd	1257425	57
N Pine Island Rd	1257425	40
NW 5th St	1257425	38
Sunset Strip	1257425	36
Plantation Rd	1257425	33
NW 85th Ave	1257425	32
NW 8th St	1257425	29
NW 10th St	1257425	28
NW 17th St	1257425	28
County Line Rd	1257550	75
N Wilder Rd	1257550	58
Turkey Creek Rd	1257550	52
Thonotosassa Rd	1257550	43
W Trapnell Rd	1257550	43
E Baker St	1257550	39
S Wiggins Rd	1257550	38
Reynolds St	1257550	31
W Knights Griffin Rd	1257550	31
Paul Buchman Hwy	1257550	30
N Federal Hwy	1258050	69
NW 3rd Ave	1258050	67
NE 3rd Ave	1258050	60
E Atlantic Blvd	1258050	55
N Dixie Hwy	1258050	55
E Sample Rd	1258050	44
N Ocean Blvd	1258050	43
NE 27th Ave	1258050	43
NE 26th Ave	1258050	41
NE 23rd Ave	1258050	40
S Ridgewood Ave	1258575	79
S Peninsula Dr	1258575	47
Taylor Rd	1258575	40
Dunlawton Ave	1258575	38
S Atlantic Ave	1258575	35
S Nova Rd	1258575	34
Orange Ave	1258575	31
Herbert St	1258575	25
Tomoka Farms Rd	1258575	24
Spruce Creek Rd	1258575	23
Orange Ave	1258715	81
SE Port St Lucie Blvd	1258715	73
Okeechobee Rd	1258715	65
SE Morningside Blvd	1258715	61
SW Del Rio Blvd	1258715	59
Glades Cut Off Rd	1258715	58
SW Port St Lucie Blvd	1258715	53
SW Bayshore Blvd	1258715	52
SW Savona Blvd	1258715	52
SW Becker Rd	1258715	49
Ave O	1260975	32
Federal Hwy	1260975	31
Avenue S	1260975	29
Avenue E	1260975	28
President Barack Obama Hwy	1260975	28
Ave F	1260975	25
Dr Martin Luther King Jr Blvd	1260975	25
W Blue Heron Blvd	1260975	23
Garden Rd	1260975	20
N Ocean Dr	1260975	20
S Fiske Blvd	1261500	58
Rockledge Dr	1261500	32
Murrell Rd	1261500	28
Barnes Blvd	1261500	24
Rockledge Blvd	1261500	24
Barton Blvd	1261500	22
Levitt Pkwy	1261500	18
Brookview Ln	1261500	11
Herons Landing Dr	1261500	11
Eyster Blvd	1261500	10
Royal Palm Beach Blvd	1262100	46
Okeechobee Blvd	1262100	42
140th Ave N	1262100	30
Avocado Blvd	1262100	25
Mango Blvd	1262100	24
Belvedere Rd	1262100	23
Orange Grove Blvd	1262100	22
120th Ave N	1262100	21
Southern Blvd	1262100	20
40th St N	1262100	19
Space Coast Pkwy	1262625	77
Hickory Tree Rd	1262625	55
E Irlo Bronson Memorial Hwy	1262625	53
17th St	1262625	51
N Canoe Creek Rd	1262625	49
5th St	1262625	47
Michigan Ave	1262625	42
10th St	1262625	40
Kissimmee Park Rd	1262625	37
Lakeshore Blvd	1262625	36
9th St N	1263000	130
4th St N	1263000	125
Central Ave	1263000	110
38th Ave N	1263000	99
1st St NE	1263000	95
30th Ave N	1263000	94
34th Ave N	1263000	91
5th Ave N	1263000	89
9th Ave N	1263000	89
7th St N	1263000	84
S Sanford Ave	1263650	88
E 25th St	1263650	47
S Park Ave	1263650	45
N Ronald Reagan Blvd	1263650	44
Celery Ave	1263650	41
S Magnolia Ave	1263650	38
W 25th St	1263650	38
S Palmetto Ave	1263650	36
W Airport Blvd	1263650	36
S French Ave	1263650	34
S Tuttle Ave	1264175	73
Central Ave	1264175	54
Cocoanut Ave	1264175	45
N Washington Blvd	1264175	45
N Lockwood Ridge Rd	1264175	44
N Orange Ave	1264175	43
S Osprey Ave	1264175	43
17th St	1264175	41
S Tamiami Trl	1264175	38
Dr Martin Luther King Way	1264175	36
Barber St	1264825	49
Roseland Rd	1264825	45
Old Dixie Hwy	1264825	28
Sebastian Blvd	1264825	26
Schumann Dr	1264825	25
Concha Dr	1264825	21
George St	1264825	19
Periwinkle Dr	1264825	19
Main St	1264825	17
Wimbrow Dr	1264825	17
NW 115th Ter	1269700	34
N Pine Island Rd	1269700	31
NW 44th St	1269700	30
W Oakland Park Blvd	1269700	30
NW 94th Ave	1269700	29
NW 84th Ave	1269700	28
NW 118th Ave	1269700	24
NW 32nd Manor	1269700	21
NW 82nd Ave	1269700	21
W Commercial Blvd	1269700	21
Blountstown Hwy	1270600	121
Mahan Dr	1270600	110
Thomasville Rd	1270600	98
Miccosukee Rd	1270600	96
N Meridian Rd	1270600	86
Old Bainbridge Rd	1270600	86
Centerville Rd	1270600	82
N Monroe St	1270600	82
Woodville Hwy	1270600	75
W Tennessee St	1270600	67
NW 58th St	1270675	36
NW 70th Ave	1270675	36
W McNab Rd	1270675	36
NW 44th St	1270675	34
NW 71st Ave	1270675	33
NW 73rd Ave	1270675	33
NW 61st St	1270675	30
NW 72nd Ave	1270675	28
NW 74th Ave	1270675	27
NW 57th Ct	1270675	26
N Nebraska Ave	1271000	167
N Armenia Ave	1271000	151
N Florida Ave	1271000	143
N Rome Ave	1271000	117
Bayshore Blvd	1271000	108
S West Shore Blvd	1271000	100
S Macdill Ave	1271000	99
N 12th St	1271000	96
N Central Ave	1271000	96
N 22nd St	1271000	88
Riverside Dr	1271150	30
Anclote Rd	1271150	29
S Pinellas Ave	1271150	25
N Pinellas Ave	1271150	24
Dixie Hwy	1271150	21
Beckett Way	1271150	20
N Jasmine Ave	1271150	16
Meres Blvd	1271150	15
S Florida Ave	1271150	15
Curlew Pl	1271150	14
N 56th St	1271400	54
N Riverhills Dr	1271400	41
E Fowler Ave	1271400	38
N 50th St	1271400	38
N 53rd St	1271400	34
Davis Rd	1271400	29
Whiteway Dr	1271400	27
Morris Bridge Rd	1271400	26
N 52nd St	1271400	24
N 46th St	1271400	22
Barna Ave	1271900	56
S Washington Ave	1271900	49
South St	1271900	49
S Hopkins Ave	1271900	48
Garden St	1271900	47
Cheney Hwy	1271900	39
Knox McRae Dr	1271900	31
N Carpenter Rd	1271900	30
S Park Ave	1271900	30
Tropic St	1271900	28
E Venice Ave	1273900	35
Harbor Dr S	1273900	32
Capri Isles Blvd	1273900	30
Center Rd	1273900	24
Venice Farm Rd	1273900	22
Nokomis Ave S	1273900	17
N Jackson Rd	1273900	15
Park Blvd S	1273900	14
Zacapa Ave	1273900	14
Cockrill St	1273900	13
Range Line Rd	1275812	30
Polo Club Rd	1275812	26
Shoma Dr	1275812	25
Wellington Trce	1275812	22
Horseshoe Trce	1275812	21
Greenbriar Blvd	1275812	20
S Shore Blvd	1275812	19
Forest Hill Blvd	1275812	18
Paddock Dr	1275812	17
50th St S	1275812	16
W New Haven Ave	1276500	74
Dairy Rd	1276500	41
Sheridan Rd	1276500	31
Minton Rd	1276500	30
Henry Ave	1276500	25
Hollywood Blvd	1276500	21
Miami Ave	1276500	21
S Wickham Rd	1276500	18
Ellis Rd	1276500	17
Milwaukee Ave	1276500	16
Bonaventure Blvd	1276582	26
Saddle Club Rd	1276582	26
Blatt Blvd	1276582	24
Lakeview Dr	1276582	23
Griffin Rd	1276582	18
SW 54th Pl	1276582	17
Indian Trce	1276582	16
Lake Blvd	1276582	14
SW 205th Ave	1276582	13
Creek Ford Dr	1276582	12
S Dixie Hwy	1276600	95
Federal Hwy	1276600	82
N Military Trl	1276600	74
Georgia Ave	1276600	73
N Flagler Dr	1276600	69
S Olive Ave	1276600	67
Parker Ave	1276600	65
Lake Ave	1276600	61
Haverhill Rd	1276600	59
S Flagler Dr	1276600	56
Dundee Rd	1278275	39
Cypress Gardens Blvd	1278275	38
Havendale Blvd NW	1278275	31
Old Lucerne Park Rd	1278275	31
Eloise Loop Rd	1278275	30
Overlook Dr	1278275	24
Lake Alfred Rd	1278275	22
34th St NW	1278275	21
6th St NW	1278275	20
Ave T NE	1278275	20
W Fairbanks Ave	1278300	35
Lee Rd	1278300	31
Minnesota Ave	1278300	25
N Park Ave	1278300	22
S Orlando Ave	1278300	22
Clay St	1278300	21
Temple Dr	1278300	21
Palmer Ave	1278300	20
N Phelps Ave	1278300	18
S Pennsylvania Ave	1278300	18
Northern Way	1278325	27
Tuskawilla Rd	1278325	25
Winter Springs Blvd	1278325	22
Red Bug Lake Rd	1278325	20
S Edgemon Ave	1278325	16
Murphy Rd	1278325	15
Seneca Blvd	1278325	12
Casa Park Cir	1278325	11
Orange Ave	1278325	11
Hayes Rd	1278325	10
Gillionville Rd	1301052	57
Newton Rd	1301052	57
N Slappey Blvd	1301052	50
W Broad Ave	1301052	40
S Madison St	1301052	38
Martin Luther King Jr Dr	1301052	35
Dawson Rd	1301052	34
W Gordon Ave	1301052	33
N Jefferson St	1301052	31
Old Dawson Rd	1301052	30
Old Milton Pkwy	1301696	43
McGinnis Ferry Rd	1301696	38
Mayfield Rd	1301696	33
Alpharetta Hwy	1301696	30
Webb Bridge Rd	1301696	24
Kimball Bridge Rd	1301696	21
Windward Pkwy	1301696	21
Parkview Ln	1301696	18
Douglas Rd	1301696	17
Gardner Dr	1301696	16
Atlanta Hwy	1303440	56
Barnett Shoals Rd	1303440	46
Lexington Rd	1303440	46
W Broad St	1303440	36
S Lumpkin St	1303440	35
S Milledge Ave	1303440	34
Prince Ave	1303440	32
Danielsville Rd	1303440	31
Timothy Rd	1303440	31
Cherokee Rd	1303440	29
Moreland Ave SE	1304000	102
Memorial Dr SE	1304000	83
Northside Pkwy NW	1304000	83
Martin Luther King Jr Dr SW	1304000	78
Bankhead Hwy NW	1304000	72
Peachtree St	1304000	72
Glenwood Ave SE	1304000	71
Simpson Rd NW	1304000	57
Jonesboro Rd SE	1304000	56
Metropolitan Pkwy SW	1304000	55
Jefferson Davis Memorial Hwy	1304204	123
Peach Orchard Rd	1304204	101
Wrightsboro Rd	1304204	92
Mike Padgett Hwy	1304204	89
Walton Way	1304204	84
Broad St	1304204	59
Windsor Spring Rd	1304204	58
Old Waynesboro Rd	1304204	54
Central Ave	1304204	51
Hephzibah McBean Rd	1304204	50
Ashford Dunwoody Rd NE	1310944	30
Drew Valley Rd NE	1310944	24
N Druid Hills Rd NE	1310944	24
Dresden Dr NE	1310944	23
Osborne Rd NE	1310944	23
Peachtree Rd NE	1310944	20
W Nancy Creek Dr NE	1310944	19
Caldwell Rd NE	1310944	18
Mabry Rd NE	1310944	16
Windsor Pkwy NE	1310944	15
Knox Bridge Hwy	1312988	46
Ball Ground Hwy	1312988	41
Bells Ferry Rd	1312988	39
Marietta Hwy	1312988	37
Fincher Rd	1312988	34
Reinhardt College Pkwy	1312988	28
Bridgemill Ave	1312988	26
Sixes Rd	1312988	26
Ridge Rd	1312988	23
Fate Conn Rd	1312988	22
E Highway 166 Cutoff Rd	1313492	55
Lovvorn Rd	1313492	48
Horsley Mill Rd	1313492	46
N Park St	1313492	45
Mount Zion Rd	1313492	40
Tyus Carrollton Rd	1313492	37
Stripling Chapel Rd	1313492	36
Maple St	1313492	34
Newnan Rd	1313492	33
Hickory Level Rd	1313492	32
Euharlee Rd SW	1313688	51
Mission Rd SW	1313688	43
Sugar Valley Rd SW	1313688	35
Burnt Hickory Rd SE	1313688	34
Cassville Rd SE	1313688	33
N Tennessee St	1313688	29
Grassdale Rd	1313688	28
Joe Frank Harris Pkwy SE	1313688	28
Jones Mill Rd	1313688	27
Richards Rd NE	1313688	26
Chamblee Dunwoody Rd	1315172	41
Chamblee Tucker Rd	1315172	41
Briarcliff Rd NE	1315172	39
Shallowford Rd NE	1315172	25
Buford Hwy NE	1315172	20
Clairmont Rd	1315172	20
Dresden Dr	1315172	18
Peachtree Rd	1315172	18
Henderson Mill Rd	1315172	17
Peachtree Industrial Blvd	1315172	16
Hamilton Rd	1319000	87
Warm Springs Rd	1319000	72
Veterans Pkwy	1319000	66
Buena Vista Rd	1319000	64
Macon Rd	1319000	58
Victory Dr	1319000	50
3rd Ave	1319000	44
Cusseta Rd	1319000	44
Whitesville Rd	1319000	44
15th Ave	1319000	43
Dug Gap Rd	1321380	64
Cleveland Hwy	1321380	48
Chattanooga Rd	1321380	44
Riverbend Rd	1321380	43
Beaverdale Rd NE	1321380	42
Lafayette Rd	1321380	39
Dawnville Rd NE	1321380	37
E Morris St	1321380	37
Old Dixie Hwy SE	1321380	37
S Dixie Hwy	1321380	32
E Ponce de Leon Ave	1322052	54
Scott Blvd	1322052	24
Church St	1322052	22
S Columbia Dr	1322052	22
W Ponce de Leon Ave	1322052	19
E College Ave	1322052	18
Clairemont Ave	1322052	17
Commerce Dr	1322052	17
Derrydown Way	1322052	16
Midway Rd	1322052	16
Bill Arp Rd	1323900	60
Fairburn Rd	1323900	57
Chapel Hill Rd	1323900	47
Bankhead Hwy	1323900	38
Central Church Rd	1323900	34
Stewart Mill Rd	1323900	32
Duncan Memorial Hwy	1323900	31
Bright Star Rd	1323900	28
Kings Hwy	1323900	27
Bomar Rd	1323900	24
Buford Hwy	1324600	38
Pleasant Hill Rd	1324600	32
Old Norcross Rd	1324600	26
Davenport Rd NW	1324600	25
Tree Summit Pkwy NW	1324600	19
Boggs Rd	1324600	18
W Liddell Rd	1324600	17
Satellite Blvd	1324600	16
Breckinridge Blvd	1324600	15
Bunten Rd	1324600	14
Winters Chapel Rd	1324768	40
Tilly Mill Rd	1324768	37
Chamblee Dunwoody Rd	1324768	34
Mount Vernon Rd	1324768	29
N Peachtree Rd	1324768	25
Peeler Rd	1324768	20
Mount Vernon Way	1324768	16
Trowbridge Dr	1324768	16
Womack Rd	1324768	16
Roberts Dr	1324768	15
Main St	1325720	37
Washington Rd	1325720	36
Connally Dr	1325720	25
Semmes St	1325720	23
Headland Dr	1325720	21
Sylvan Rd	1325720	20
Ben Hill Rd	1325720	18
Church St	1325720	18
Dodson Dr	1325720	18
E Cleveland Ave	1325720	18
Browns Bridge Rd	1331908	85
Atlanta Hwy	1331908	62
Cleveland Hwy	1331908	46
Dawsonville Hwy	1331908	42
Thompson Bridge Rd	1331908	42
Clarks Bridge Rd	1331908	38
Athens Hwy	1331908	35
Old Cornelia Hwy	1331908	35
Poplar Springs Rd	1331908	35
Mountain View Rd	1331908	34
W Oglethorpe Hwy	1338964	47
Elma G Miles Pkwy	1338964	46
Oglethorpe Hwy	1338964	25
S Main St	1338964	23
Shaw Rd	1338964	21
John Wells Rd	1338964	19
Moody Rd	1338964	14
Airport Rd	1338964	13
Live Oak Church Rd	1338964	13
Old Hines Rd	1338964	13
Medlock Bridge Rd	1342425	47
Jones Bridge Rd	1342425	39
Old Alabama Rd	1342425	35
Abbotts Bridge Rd	1342425	34
Sugarloaf Club Dr	1342425	25
Haynes Bridge Rd	1342425	24
Old Southwick Pass	1342425	23
Morton Rd	1342425	22
Nesbit Ferry Rd	1342425	22
Old Peachtree Rd NW	1342425	22
Stilesboro Rd NW	1343192	51
Kennesaw Due West Rd NW	1343192	37
Acworth Due West Rd NW	1343192	33
Cherokee St NW	1343192	30
Old 41 Hwy NW	1343192	30
Jiles Rd NW	1343192	27
S Main St	1343192	24
Mack Dobbs Rd NW	1343192	20
Hadaway Rd NW	1343192	19
Pine Mountain Rd	1343192	19
Hamilton Rd	1344340	73
Whitesville St	1344340	52
W Point Rd	1344340	44
Mooty Bridge Rd	1344340	38
Roanoke Rd	1344340	37
Youngs Mill Rd	1344340	35
New Franklin Rd	1344340	33
S Davis Rd	1344340	30
Greenville Rd	1344340	29
Hogansville Rd	1344340	25
Lawrenceville Hwy	1345488	70
Sugarloaf Pkwy	1345488	55
Buford Dr	1345488	53
Old Norcross Rd	1345488	52
Collins Hill Rd	1345488	37
Cruse Rd NW	1345488	37
Duluth Hwy	1345488	33
Five Forks Trickum Rd	1345488	33
Scenic Hwy	1345488	33
Old Peachtree Rd NE	1345488	31
Veterans Memorial Pkwy SW	1348288	63
S Gordon Rd	1348288	41
Mableton Pkwy SE	1348288	32
Buckner Rd	1348288	26
Old Alabama Rd SW	1348288	26
Oakdale Rd SE	1348288	25
Veterans Memorial Pkwy SE	1348288	25
Pebblebrook Rd	1348288	21
Riverside Pkwy	1348288	21
Clay Rd SW	1348288	20
Keys Rd	1348624	77
Airline Rd	1348624	38
Conyers Rd	1348624	36
McDonough Hampton Rd	1348624	35
Fayetteville Rd	1348624	34
McDonough Rd	1348624	33
Kelleytown Rd	1348624	30
Jodeco Rd	1348624	28
McGarity Rd	1348624	28
Mandalay Pk	1348624	27
Mercer University Dr	1349008	90
Riverside Dr	1349008	78
Columbus Rd	1349008	62
Houston Ave	1349008	61
Jeffersonville Rd	1349008	59
Pio Nono Ave	1349008	59
Eisenhower Pkwy	1349008	58
Hawkinsville Rd	1349008	57
Napier Ave	1349008	56
Broadway	1349008	51
Roswell Rd	1349756	103
Lower Roswell Rd	1349756	91
Sandy Plains Rd	1349756	79
Canton Rd	1349756	72
Austell Rd SW	1349756	69
Powers Ferry Rd SE	1349756	55
S Cobb Dr	1349756	55
Johnson Ferry Rd	1349756	54
Dallas Hwy	1349756	46
Shallowford Rd NE	1349756	46
Birmingham Hwy	1351670	50
Hopewell Rd	1351670	50
Freemanville Rd	1351670	30
Birmingham Rd	1351670	24
Cogburn Rd	1351670	24
Rucker Rd	1351670	22
Creek Club Dr	1351670	16
Mid Broadwell Rd	1351670	16
New Providence Rd	1351670	16
Bethany Rd	1351670	15
Jackson St	1355020	61
E Broad St	1355020	55
Roscoe Rd	1355020	54
Smokey Rd	1355020	47
Happy Valley Cir	1355020	41
Corinth Rd	1355020	39
Poplar Rd	1355020	37
Franklin Rd	1355020	36
Sharpsburg McCullum Rd	1355020	34
Welcome Rd	1355020	30
W Lanier Ave	1359724	23
Kedron Dr	1359724	18
Braelinn Rd	1359724	15
Pinegate Rd	1359724	13
Wynnmeade Pkwy	1359724	13
N Peachtree Pkwy	1359724	11
Robinson Rd	1359724	11
Terrane Rdg	1359724	11
Westberry St	1359724	11
Crosstown Rd	1359724	10
Peachtree Corners Cir	1359735	33
Spalding Dr	1359735	24
Jones Bridge Cir NW	1359735	20
Holcomb Bridge Rd	1359735	19
Peachtree Pkwy NW	1359735	19
Medlock Bridge Rd	1359735	18
Peachtree Industrial Blvd	1359735	17
Allenhurst Dr	1359735	15
E Jones Bridge Rd	1359735	13
W Jones Bridge Rd	1359735	11
Main St	1360340	42
General Courtney Hodge Blvd	1360340	39
Houston Lake Rd	1360340	31
Lake Joy Rd	1360340	29
Sam Nunn Blvd	1360340	27
Macon Rd	1360340	23
Tucker Rd	1360340	21
Bear Branch Rd	1360340	20
Marshallville Rd	1360340	20
S Houston Lake Rd	1360340	20
Louisville Rd	1362104	28
Ouacco Rd	1362104	27
Pine Barren Rd	1362104	23
Pooler Pkwy	1362104	16
Spanton Cres	1362104	15
S Rogers St	1362104	12
Garden Acres Way	1362104	10
Pampas Dr	1362104	10
Aquinnah Dr	1362104	9
Blue Moon Xing	1362104	8
Alabama Hwy	1366668	59
Martha Berry Hwy	1366668	56
Old Dalton Rd NE	1366668	54
Shorter Ave	1366668	53
Big Texas Valley Rd NW	1366668	50
Burnett Ferry Rd SW	1366668	43
Calhoun Hwy NE	1366668	39
Blacks Bluff Rd SW	1366668	37
Elliott Dr NW	1366668	36
Horseleg Creek Rd SW	1366668	36
Woodstock Rd	1367284	42
Holcomb Bridge Rd	1367284	34
Alpharetta Hwy	1367284	28
Old Alabama Rd	1367284	27
Hembree Rd	1367284	24
Crabapple Rd	1367284	21
Houze Rd	1367284	21
Upper Hembree Rd	1367284	20
Cox Rd	1367284	19
Mabry Rd	1367284	18
Roswell Rd	1368516	98
Dunwoody Club Dr	1368516	69
Peachtree Dunwoody Rd	1368516	69
Spalding Dr	1368516	56
Lake Forrest Dr NW	1368516	45
Glenridge Dr NE	1368516	42
Wieuca Rd NE	1368516	31
Huntcliff Trce	1368516	24
Riverside Dr NW	1368516	23
High Point Rd NE	1368516	21
Abercorn St	1369000	129
Habersham St	1369000	99
Ogeechee Rd	1369000	99
Montgomery St	1369000	94
Waters Ave	1369000	92
Bull St	1369000	86
Skidaway Rd	1369000	73
Barnard St	1369000	68
Martin Luther King Jr Blvd	1369000	64
E Broad St	1369000	61
S Cobb Dr	1371492	75
Atlanta Rd SE	1371492	55
Old Concord Rd SE	1371492	40
Concord Rd SE	1371492	31
King Springs Rd	1371492	28
Cooper Lake Rd SE	1371492	27
Spring Rd SE	1371492	22
Powder Springs St SE	1371492	21
Windy Hill Rd SE	1371492	21
Hawthorne Ave SE	1371492	19
Roosevelt Hwy	1372122	83
Fairburn Rd SW	1372122	55
Stonewall Tell Rd	1372122	52
Fulton Industrial Blvd SW	1372122	51
Old National Hwy	1372122	47
Campbellton Fairburn Rd	1372122	45
Butner Rd	1372122	42
Campbellton Rd	1372122	38
Cascade Rd	1372122	36
Cascade Palmetto Hwy	1372122	34
Burkhalter Rd	1373256	56
Old River Rd N	1373256	38
E Main St	1373256	28
Lakeview Rd	1373256	28
N Main St	1373256	27
Pulaski Hwy	1373256	27
Clito Rd	1373256	26
Williams Rd	1373256	26
Akins Pond Rd	1373256	25
Northside Dr E	1373256	25
N Henry Blvd	1373704	81
Flippen Rd	1373704	48
E Atlanta Rd	1373704	40
Old Conyers Rd	1373704	33
Rock Quarry Rd	1373704	29
Fairview Rd	1373704	26
Flat Rock Rd	1373704	26
Millers Mill Rd	1373704	24
Davis Rd	1373704	23
Walt Stephens Rd	1373704	21
Covington Hwy	1373784	58
Marbut Rd	1373784	42
Panola Rd	1373784	36
Treecrest Pkwy	1373784	34
Browns Mill Rd	1373784	31
Evans Mill Rd	1373784	30
S Deshon Rd	1373784	30
S Stone Mtn Lithonia Rd	1373784	28
Rock Springs Rd	1373784	25
Rock Chapel Rd	1373784	22
Rockbridge Rd	1377652	105
Lawrenceville Hwy	1377652	59
Lavista Rd	1377652	38
Memorial Dr	1377652	33
S Indian Creek Dr	1377652	30
Hugh Howell Rd	1377652	28
E Ponce de Leon Ave	1377652	27
Brockett Rd	1377652	26
Central Dr	1377652	25
Chamblee Tucker Rd	1377652	25
Jonesboro Rd	1378324	23
Roosevelt Hwy	1378324	19
Flat Shoals Rd	1378324	17
Buffington Rd	1378324	15
Oakley Rd	1378324	15
Highpoint Rd	1378324	12
Oakley Industrial Blvd	1378324	12
Lester Rd	1378324	11
Gresham St	1378324	10
Lower Dixie Lake Rd	1378324	10
Madison Hwy	1378800	73
N Patterson St	1378800	40
S Patterson St	1378800	39
N Forrest St	1378800	38
N Oak St	1378800	36
Old Clyattville Rd	1378800	36
N Ashley St	1378800	35
Baytree Rd	1378800	27
N Troup St	1378800	27
St Augustine Rd	1378800	27
Watson Blvd	1380508	63
Elberta Rd	1380508	45
Feagin Mill Rd	1380508	45
Dunbar Rd	1380508	34
Green St	1380508	34
S Houston Lake Rd	1380508	33
N Davis Dr	1380508	28
Moody Rd	1380508	27
Russell Pkwy	1380508	26
Carl Vinson Pkwy	1380508	24
Alabama Rd	1384176	103
Arnold Mill Rd	1384176	53
Main St	1384176	40
Hickory Flat Hwy	1384176	31
Trickum Rd	1384176	29
E Cherokee Dr	1384176	27
Bells Ferry Rd	1384176	23
Bascomb Carmel Rd	1384176	19
Dupree Rd	1384176	18
Eagle Watch Dr	1384176	18
Overland Rd	1608830	83
W Victory Rd	1608830	81
W State St	1608830	76
S Five Mile Rd	1608830	69
N Five Mile Rd	1608830	65
S Maple Grove Rd	1608830	61
S Cole Rd	1608830	60
Fairview Ave	1608830	59
W Ustick Rd	1608830	57
S Cloverdale Rd	1608830	55
Homedale Rd	1612250	78
Farmway Rd	1612250	76
Wagner Rd	1612250	54
S Florida Ave	1612250	52
S Montana Ave	1612250	52
Ustick Rd	1612250	50
Chicken Dinner Rd	1612250	48
Sand Hollow Rd	1612250	47
Galloway Rd	1612250	46
E Ustick Rd	1612250	44
N 15th St	1616750	73
N Government Way	1616750	71
N 4th St	1616750	55
N Huetter Rd	1616750	40
N 7th St	1616750	39
E Harrison Ave	1616750	32
N 12th St	1616750	32
N 5th St	1616750	31
N 9th St	1616750	31
W Seltice Way	1616750	30
Emmett Hwy	1623410	49
W State St	1623410	49
W Beacon Light Rd	1623410	45
W Floating Feather Rd	1623410	45
N Park Ln	1623410	30
Ballantyne Ln	1623410	29
N Linder Rd	1623410	27
S Eagle Rd	1623410	27
E State St	1623410	24
Moon Valley Rd	1623410	21
N Yellowstone Hwy	1639700	108
S Holmes Ave	1639700	92
S Blvd	1639700	86
E Lincoln Rd	1639700	78
N 25th E	1639700	69
N 45th E	1639700	67
S 15th E	1639700	67
N 55th E	1639700	66
N 5th W	1639700	64
W Broadway St	1639700	61
S McDermott Rd	1644290	46
S Cloverdale Rd	1644290	39
Kuna Rd	1644290	33
Swan Falls Rd	1644290	31
E Deer Flat Rd	1644290	29
N Ten Mile Rd	1644290	27
E Kuna Rd	1644290	23
W Deer Flat Rd	1644290	22
W Hubbard Rd	1644290	21
Linder Rd	1644290	19
Burrell Ave	1646540	38
Main St	1646540	37
14th St	1646540	36
16th St	1646540	34
8th St	1646540	33
Powers Ave	1646540	33
11th Ave	1646540	32
15th St	1646540	32
11th St	1646540	31
6th St	1646540	31
S Locust Grove Rd	1652120	93
N Meridian Rd	1652120	89
W Ustick Rd	1652120	82
N Black Cat Rd	1652120	71
N Ten Mile Rd	1652120	67
N Linder Rd	1652120	62
N Locust Grove Rd	1652120	61
S Linder Rd	1652120	61
S Meridian Rd	1652120	56
W Cherry Ln	1652120	52
Lenville Rd	1654550	45
E D St	1654550	28
E 6th St	1654550	27
Robinson Park Rd	1654550	26
S Main St	1654550	24
S Midway St	1654550	22
E 3rd St	1654550	20
S Blaine St	1654550	20
W A St	1654550	20
E White Ave	1654550	19
12th Ave Rd	1656260	84
Cherry Ln	1656260	79
Southside Blvd	1656260	71
S McDermott Rd	1656260	70
E Greenhurst Rd	1656260	69
E Locust Ln	1656260	66
Franklin Rd	1656260	65
11th Ave N Exd	1656260	60
N Middleton Rd	1656260	60
Lone Star Rd	1656260	58
W Buckskin Rd	1664090	47
W Pocatello Creek Rd	1664090	45
E Center St	1664090	39
E Day St	1664090	35
E Bonneville St	1664090	29
E Clark St	1664090	29
Satterfield Dr	1664090	27
E Lander St	1664090	25
E Fremont St	1664090	24
Pole Line Rd	1664090	24
W Prairie Ave	1664810	58
E 16th Ave	1664810	47
E 12th Ave	1664810	44
E Mullan Ave	1664810	44
N Spokane St	1664810	44
N Greensferry Rd	1664810	43
W Riverview Dr	1664810	39
N Chase Rd	1664810	37
N Hauser Lake Rd	1664810	32
N Idaho Rd	1664810	32
S 2000 W	1667420	65
N 2000 W	1667420	48
Burton Loop Rd	1667420	43
The Burma Rd	1667420	39
N 3000 W	1667420	37
N 4000 W	1667420	32
S 5th W	1667420	32
N 6000 W	1667420	30
S Yellowstone Hwy	1667420	30
S Snake River Rd	1667420	29
E 4000 N	1682810	64
N 3200 E	1682810	61
N 2700 E	1682810	51
N 3000 E	1682810	48
N 3100 E	1682810	44
Blue Lakes Blvd N	1682810	42
Addison Ave E	1682810	40
Grandview Dr N	1682810	40
N 2600 E	1682810	37
4th Ave E	1682810	36
Army Trail Blvd	1700243	27
W Byron Ave	1700243	22
N Mill Rd	1700243	21
W Lake St	1700243	21
W Fullerton Ave	1700243	18
E Fullerton Ave	1700243	16
Woodland Ave	1700243	16
N Swift Rd	1700243	14
W Diversey Ave	1700243	14
Army Trail Rd	1700243	13
W Algonquin Rd	1700685	36
N County Line Rd	1700685	18
Stonegate Rd	1700685	17
E Algonquin Rd	1700685	16
N Harrison St	1700685	16
Wynnfield Dr	1700685	15
Bunker Hill Dr	1700685	14
Glacier Pkwy	1700685	14
Cumberland Pkwy	1700685	13
Cary Rd	1700685	10
Fosterburg Rd	1701114	52
E Broadway	1701114	42
College Ave	1701114	41
State St	1701114	40
Alby St	1701114	39
Main St	1701114	33
Seiler Rd	1701114	33
Washington Ave	1701114	32
Humbert Rd	1701114	30
Central Ave	1701114	29
N Windsor Dr	1702154	49
N Arlington Heights Rd	1702154	43
N Ridge Ave	1702154	33
N Kennicott Ave	1702154	32
N Highland Ave	1702154	30
N Wilke Rd	1702154	30
E Oakton St	1702154	29
N Walnut Ave	1702154	29
E Euclid Ave	1702154	28
N Chestnut Ave	1702154	27
E New York St	1703012	77
Prairie St	1703012	68
W Illinois Ave	1703012	48
Liberty St	1703012	45
W Downer Pl	1703012	42
W Galena Blvd	1703012	42
Church Rd	1703012	40
Jericho Rd	1703012	40
N Farnsworth Ave	1703012	40
E Galena Blvd	1703012	36
W Army Trail Rd	1704013	26
Bartlett Rd	1704013	25
W Devon Ave	1704013	24
W Struckman Blvd	1704013	22
Fairfax Ln	1704013	18
S Prospect Ave	1704013	13
Beaumont Cir	1704013	12
E Devon Ave	1704013	12
Foster Ave	1704013	11
Newcastle Ln	1704013	11
Main St	1704078	38
S Raddant Rd	1704078	32
W Wilson St	1704078	22
Hart Rd	1704078	20
McKee St	1704078	20
N Washington Ave	1704078	19
Pine St	1704078	17
E Wilson St	1704078	16
Millview Dr	1704078	14
Woodland Hills Rd	1704078	14
W Main St	1704845	66
S Illinois St	1704845	42
Mascoutah Ave	1704845	41
Centreville Ave	1704845	35
S Belt W	1704845	35
S 74th St	1704845	33
Concordia Church Rd	1704845	26
W C St	1704845	24
Town Hall Rd	1704845	23
Foley Dr	1704845	22
Logan Ave	1705092	32
N State St	1705092	26
Pearl St	1705092	21
S Appleton Rd	1705092	21
Squaw Prairie Rd	1705092	21
Olson Rd	1705092	20
E 6th St	1705092	19
Irene Rd	1705092	19
Beloit Rd	1705092	18
East Ave	1705092	16
Harlem Ave	1705573	56
Ridgeland Ave	1705573	56
Home Ave	1705573	54
Oak Park Ave	1705573	52
East Ave	1705573	50
Kenilworth Ave	1705573	47
Clinton Ave	1705573	43
13th St	1705573	41
37th St	1705573	41
14th St	1705573	40
E Oakland Ave	1706613	54
E Washington St	1706613	44
E Empire St	1706613	40
S Main St	1706613	40
E Lincoln St	1706613	39
W Oakland Ave	1706613	33
S Morris Ave	1706613	32
N 1900 East Rd	1706613	28
E Emerson St	1706613	26
E 1400 North Rd	1706613	25
W Boughton Rd	1707133	31
N Pinecrest Rd	1707133	28
W Briarcliff Rd	1707133	28
N Ashbury Ave	1707133	27
Lily Cache Ln	1707133	24
Remington Blvd	1707133	23
Falconridge Way	1707133	21
Ashbury Ave	1707133	18
E Boughton Rd	1707133	18
Rockhurst Rd	1707133	18
Thompson Blvd	1709447	35
Buffalo Grove Rd	1709447	30
Bernard Dr	1709447	24
Brandywyn Ln	1709447	23
Highland Grove Dr	1709447	18
Fremont Way	1709447	16
N Prairie Rd	1709447	16
Cty V69	1709447	14
Deerfield Pkwy	1709447	14
Pauline Ave	1709447	14
W 78th St	1709642	71
W 77th St	1709642	64
W 79th St	1709642	56
W 87th St	1709642	51
W 85th St	1709642	45
W 81st St	1709642	42
W 83rd St	1709642	40
W 86th St	1709642	30
80th St	1709642	28
State Rd	1709642	23
Harding Ave	1710487	57
State Line Rd	1710487	56
153rd St	1710487	51
Wilson Ave	1710487	49
Stewart Ave	1710487	48
Pulaski Rd	1710487	46
Sibley Blvd	1710487	43
Memorial Dr	1710487	39
S Burnham Ave	1710487	36
State St	1710487	36
Saint Charles Rd	1711332	22
Geneva Rd	1711332	21
Thunderbird Trl	1711332	19
N Gary Ave	1711332	16
Spring Valley Dr	1711332	16
Idaho St	1711332	15
Canyon Trl	1711332	14
Pleasant Hill Rd	1711332	14
Aztec Dr	1711332	13
Flint Trl	1711332	13
Wakefield Dr	1711358	17
Amarillo Dr	1711358	15
Golfview Ln	1711358	13
Maple Ave	1711358	13
Hickory Dr	1711358	11
Skyline Dr	1711358	10
Tulsa Ave	1711358	10
Westwood Dr	1711358	10
Woodside Dr	1711358	10
Chippewa Cir	1711358	9
S Prospect Ave	1712385	59
Windsor Rd	1712385	56
W Springfield Ave	1712385	55
N Mattis Ave	1712385	52
S Mattis Ave	1712385	48
W John St	1712385	42
W Kirby Ave	1712385	42
S 1st St	1712385	39
S Duncan Rd	1712385	39
N Market St	1712385	38
S Halsted St	1714000	209
W 51st St	1714000	207
S Racine Ave	1714000	204
S Pulaski Rd	1714000	200
N Damen Ave	1714000	190
W 56th St	1714000	190
N Milwaukee Ave	1714000	188
S Morgan St	1714000	187
W 52nd St	1714000	187
W 53rd St	1714000	185
Torrence Ave	1714026	60
E Lincoln Hwy	1714026	59
Chicago Rd	1714026	48
E Sauk Trl	1714026	38
S Halsted St	1714026	38
E Joe Orr Rd	1714026	34
Euclid Ave	1714026	34
E 15th St	1714026	28
Glenwood Lansing Rd	1714026	28
Ashland Ave	1714026	27
S Laramie Ave	1714351	48
S 51st Ave	1714351	41
S Central Ave	1714351	41
S 49th Ave	1714351	40
W 19th St	1714351	40
16th St	1714351	39
S 50th Ave	1714351	39
37th St	1714351	38
S Austin Blvd	1714351	36
W 36th St	1714351	36
McHenry Ave	1717887	35
Village Rd	1717887	34
E Crystal Lake Ave	1717887	29
E Terra Cotta Ave	1717887	29
Alexandra Blvd	1717887	25
W State Rd	1717887	25
Northwest Hwy	1717887	24
Walkup Rd	1717887	23
Pingree Rd	1717887	22
Barlina Rd	1717887	21
E Main St	1718563	76
N Vermilion St	1718563	75
N Bowman Ave	1718563	67
E Fairchild St	1718563	52
N Logan Ave	1718563	41
E Voorhees St	1718563	40
N 1700 East Rd	1718563	39
N Gilbert St	1718563	36
Williams St	1718563	35
E Winter Ave	1718563	34
W Main St	1718823	78
N Water St	1718823	75
N Martin Luther King Jr Dr	1718823	57
E William St	1718823	53
E Mound Rd	1718823	47
N Brush College Rd	1718823	45
E Wood St	1718823	40
E Eldorado St	1718823	39
N Taylor Ave	1718823	39
W Marietta St	1718823	39
N 1st St	1719161	37
S 4th St	1719161	28
S 1st St	1719161	27
E Lincoln Hwy	1719161	24
Keslinger Rd	1719161	24
Pleasant St	1719161	24
Sycamore Rd	1719161	24
Fairview Dr	1719161	22
N Annie Glidden Rd	1719161	22
W Lincoln Hwy	1719161	22
Church St	1719642	27
E Algonquin Rd	1719642	27
E Thacker St	1719642	27
Simpson St	1719642	24
Ballard Rd	1719642	22
E Prairie Ave	1719642	21
Marshall Dr	1719642	19
E Northwest Hwy	1719642	18
E Rand Rd	1719642	18
Graceland Ave	1719642	17
Fairview Ave	1720591	66
Main St	1720591	51
Maple Ave	1720591	51
Ogden Ave	1720591	42
Fairmount Ave	1720591	37
Washington St	1720591	35
Belmont Rd	1720591	32
Cumnor Rd	1720591	32
Saratoga Ave	1720591	32
Dunham Rd	1720591	30
Staunton Rd	1722697	31
N Bluff Rd	1722697	27
New Poag Rd	1722697	25
Troy Rd	1722697	25
Goshen Rd	1722697	23
Quercus Grove Rd	1722697	21
Saint James Dr	1722697	21
Esic Dr	1722697	20
Old Carpenter Rd	1722697	20
N Main St	1722697	19
Highland Ave	1723074	67
McDonald Rd	1723074	41
Big Timber Rd	1723074	38
Bowes Rd	1723074	35
Dundee Ave	1723074	35
South St	1723074	34
Villa St	1723074	33
N McLean Blvd	1723074	31
Summit St	1723074	31
Hopps Rd	1723074	27
E Devon Ave	1723256	60
Landmeier Rd	1723256	29
Lively Blvd	1723256	28
E Higgins Rd	1723256	26
Elmhurst Rd	1723256	25
Tonne Rd	1723256	25
Busse Rd	1723256	24
Oakton St	1723256	23
Ridge Ave	1723256	23
Biesterfield Rd	1723256	22
S York St	1723620	33
S Prospect Ave	1723620	22
N York St	1723620	21
S Poplar Ave	1723620	20
W Saint Charles Rd	1723620	19
Lexington St	1723620	18
Spring Rd	1723620	18
Berkley Ave	1723620	16
E Vallette St	1723620	16
Mitchell Ave	1723620	16
Dempster St	1724582	71
Asbury Ave	1724582	56
Ridge Ave	1724582	56
Sheridan Rd	1724582	52
Central St	1724582	49
Dodge Ave	1724582	48
Isabella St	1724582	48
Sherman Ave	1724582	48
Greenleaf St	1724582	46
Hartrey Ave	1724582	45
E Main St	1728326	35
N Seminary St	1728326	33
W Main St	1728326	31
E Losey St	1728326	27
E Fremont St	1728326	26
E Knox St	1728326	25
Knox Road 100 E	1728326	23
W Losey St	1728326	23
Monmouth Blvd	1728326	22
N Henderson St	1728326	22
Bloomingdale Rd	1729730	41
President St	1729730	30
Glen Ellyn Rd	1729730	22
North Ave	1729730	21
Shorewood Dr	1729730	12
Glen Hill Dr	1729730	11
Lincoln Ave	1729730	11
Winthrop Ave	1729730	11
Fullerton Ave	1729730	10
Armitage Ave	1729730	9
S Park Blvd	1729756	31
Kenilworth Ave	1729756	29
E Roosevelt Rd	1729756	27
Hill Ave	1729756	27
N Main St	1729756	25
Forest Ave	1729756	22
Hillside Ave	1729756	22
Saint Charles Rd	1729756	22
Crescent Blvd	1729756	21
N Park Blvd	1729756	19
Glenview Rd	1729938	70
E Lake Ave	1729938	46
W Lake Ave	1729938	41
W Central Rd	1729938	38
Greenwood Rd	1729938	37
Harrison St	1729938	36
Linneman St	1729938	30
Lehigh Ave	1729938	25
Milwaukee Ave	1729938	25
Shermer Rd	1729938	21
Nameoki Rd	1730926	53
Maryville Rd	1730926	42
Lake Dr	1730926	36
State St	1730926	36
Old Alton Rd	1730926	34
Wabash Ave	1730926	33
Pontoon Rd	1730926	27
Madison Ave	1730926	23
Niedringhaus Ave	1730926	22
Washington Ave	1730926	21
Washington St	1732018	44
Grand Ave	1732018	43
Lawson Blvd	1732018	31
N Hunt Club Rd	1732018	29
Cty W27	1732018	25
N Dilleys Rd	1732018	25
Dada Dr	1732018	23
Belle Plaine Ave	1732018	20
N Grandwood Dr	1732018	20
Cty W20	1732018	19
Walnut Ave	1732746	25
Briarwood Ave	1732746	14
Nautilus Ln	1732746	13
Wildwood Ln	1732746	13
Church St	1732746	12
Sycamore Ave	1732746	12
Yorkshire Dr	1732746	12
Camden Ln	1732746	11
Kingsbury Dr	1732746	11
Northway Dr	1732746	11
County Line Rd	1734722	46
Ridge Rd	1734722	42
Sheridan Rd	1734722	42
St Johns Ave	1734722	38
Green Bay Rd	1734722	37
Clavey Rd	1734722	17
Linden Ave	1734722	14
Park Ave W	1734722	14
Red Oak Ln	1734722	14
Roger Williams Ave	1734722	14
Huntington Blvd	1735411	29
Hassell Rd	1735411	28
Westbury Dr	1735411	21
Hillcrest Blvd	1735411	19
Whispering Trails Dr	1735411	18
Barrington Rd	1735411	17
N Freeman Rd	1735411	17
W Higgins Rd	1735411	16
Washington Blvd	1735411	16
Bode Rd	1735411	15
Algonquin Rd	1736750	23
Haligus Rd	1736750	21
Harmony Rd	1736750	20
Cold Springs Dr	1736750	17
Kreutzer Rd	1736750	17
Square Barn Rd	1736750	16
Freeman Rd	1736750	13
Powers Rd	1736750	13
Dundee Rd	1736750	12
Reed Rd	1736750	12
W Caton Farm Rd	1738570	71
W Jefferson St	1738570	59
County Line Rd	1738570	56
E Cass St	1738570	53
S Chicago St	1738570	52
E Washington St	1738570	51
Black Rd	1738570	50
Mills Rd	1738570	48
McDonough St	1738570	47
Ingalls Ave	1738570	46
W Algonquin Rd	1741183	20
Hilltop Dr	1741183	15
Spring Lake Dr	1741183	15
Miller Rd	1741183	14
E Oak St	1741183	13
Pyott Rd	1741183	13
Crystal Lake Rd	1741183	12
Rolling Hills Dr	1741183	12
Hiawatha Dr	1741183	11
S Annandale Dr	1741183	11
Ridge Rd	1742028	51
Wentworth Ave	1742028	44
186th St	1742028	35
Torrence Ave	1742028	34
178th St	1742028	33
180th St	1742028	28
S Burnham Ave	1742028	28
Oakwood Ave	1742028	27
179th St	1742028	26
Chicago Ave	1742028	26
S State St	1744225	35
W Bruce Rd	1744225	35
E 7th St	1744225	31
Archer Ave	1744225	27
W Division St	1744225	27
S Farrell Rd	1744225	25
W 151st St	1744225	24
E 9th St	1744225	23
S Hamilton St	1744225	23
Washington St	1744225	22
S Finley Rd	1744407	38
S Main St	1744407	37
S Elizabeth St	1744407	24
S Meyers Rd	1744407	23
E Madison St	1744407	22
E Wilson Ave	1744407	21
S Grace St	1744407	21
Highland Ave	1744407	20
S Stewart Ave	1744407	20
E Sunset Ave	1744407	19
Bull Valley Rd	1745694	59
McCullom Lake Rd	1745694	42
W Elm St	1745694	30
N Riverside Dr	1745694	24
Barreville Rd	1745694	18
N Ringwood Rd	1745694	17
W Crystal Lake Rd	1745694	17
Crystal Lake Rd S	1745694	16
Home Ave	1745694	16
W Shore Dr	1745694	16
5th Ave	1749867	54
4th Ave	1749867	52
23rd Ave	1749867	50
16th St	1749867	46
53rd St	1749867	46
27th St	1749867	45
12th Ave	1749867	43
7th St	1749867	43
16th Ave	1749867	39
11th Ave	1749867	36
S Busse Rd	1751089	38
W Lincoln St	1751089	24
W Lonnquist Blvd	1751089	24
W Central Rd	1751089	22
S Elmhurst Rd	1751089	21
N Burning Bush Ln	1751089	19
S Linneman Rd	1751089	18
E Euclid Ave	1751089	17
W Golf Rd	1751089	17
E Kensington Rd	1751089	16
N Midlothian Rd	1751349	33
W Hawley St	1751349	24
Cty V76	1751349	22
S Lake St	1751349	22
W Maple Ave	1751349	22
N Diamond Lake Rd	1751349	16
W Ivanhoe Rd	1751349	15
Regent Dr	1751349	14
Allanson Rd	1751349	13
Maple Ave	1751349	13
87th St	1751622	57
Book Rd	1751622	45
S Washington St	1751622	45
S Naper Blvd	1751622	33
E Ogden Ave	1751622	29
Gateshead Dr	1751622	28
79th St	1751622	26
S 248th Ave	1751622	26
E Bailey Rd	1751622	25
N Washington St	1751622	24
E Joliet Hwy	1752584	31
E Lincoln Hwy	1752584	30
N Cedar Rd	1752584	28
S Spencer Rd	1752584	27
S Schoolhouse Rd	1752584	26
N Cooper Rd	1752584	21
E Francis Rd	1752584	20
S Cedar Rd	1752584	20
Edmond Ave	1752584	19
W Francis Rd	1752584	19
W Monroe St	1753000	36
Milwaukee Ave	1753000	35
N Greenwood Ave	1753000	33
W Howard St	1753000	28
N Caldwell Ave	1753000	22
N Cumberland Ave	1753000	21
Oakton St	1753000	21
Dempster St	1753000	20
Harlem Ave	1753000	20
W Main St	1753000	20
W College Ave	1753234	32
E College Ave	1753234	29
Beech St	1753234	26
N Linden St	1753234	25
Fort Jesse Rd	1753234	23
W Hovey Ave	1753234	21
N Main St	1753234	17
S Adelaide St	1753234	17
Bryan St	1753234	16
E Vernon Ave	1753234	16
Dundee Rd	1753481	62
Sanders Rd	1753481	58
Walters Ave	1753481	47
Landwehr Rd	1753481	45
Techny Rd	1753481	44
Shermer Rd	1753481	40
Cherry Ln	1753481	30
Maple Ave	1753481	30
Lee Rd	1753481	28
Pfingsten Rd	1753481	26
19th St	1753559	34
Green Bay Rd	1753559	26
Martin Luther King Jr Dr	1753559	25
14th St	1753559	22
20th St	1753559	19
Sheridan Rd	1753559	19
16th St	1753559	18
Meridian Dr	1753559	16
17th St	1753559	15
Buckley Rd	1753559	15
Laramie Ave	1754638	31
151st St	1754638	30
Central Ave	1754638	30
Le Claire Ave	1754638	30
Cicero Ave	1754638	27
W 159th St	1754638	27
Victoria Dr	1754638	26
Oak Park Ave	1754638	23
147th St	1754638	21
157th St	1754638	17
W 95th St	1754820	61
W 97th St	1754820	60
Southwest Hwy	1754820	50
W 103rd St	1754820	50
W 87th St	1754820	50
W 91st St	1754820	48
W 98th St	1754820	48
W 99th St	1754820	47
W 96th St	1754820	44
S Cicero Ave	1754820	41
Greenfield St	1754885	51
Adams St	1754885	47
Fillmore St	1754885	46
Madison St	1754885	46
Jackson Blvd	1754885	45
Harvard St	1754885	43
Berkshire St	1754885	42
Harrison St	1754885	42
Lemoyne Pkwy	1754885	41
Thomas St	1754885	40
N Lincoln Ave	1755249	29
N Seven Hills Rd	1755249	27
N Green Mount Rd	1755249	22
N Smiley St	1755249	21
Hartman Ln	1755249	19
Old Collinsville Rd	1755249	19
Simmons Rd	1755249	19
E 3rd St	1755249	17
Millburn School Rd	1755249	16
S Lincoln Ave	1755249	16
108th Ave	1756640	81
W 143rd St	1756640	72
Wolf Rd	1756640	68
88th Ave	1756640	60
W 135th St	1756640	56
W 159th St	1756640	56
167th St	1756640	45
La Grange Rd	1756640	42
Wheeler Dr	1756640	39
W 151st St	1756640	38
Wolf Rd	1756887	61
Douglas Rd	1756887	35
Grove Rd	1756887	28
Harvey Rd	1756887	23
Plainfield Rd	1756887	23
S Ridge Rd	1756887	21
Bluegrass Pkwy	1756887	20
Mill Rd	1756887	19
Oswego Rd	1756887	19
Prairieview Dr	1756887	19
N Quentin Rd	1757225	37
W Dundee Rd	1757225	35
W Northwest Hwy	1757225	34
W Palatine Rd	1757225	33
S Quentin Rd	1757225	32
N Hicks Rd	1757225	30
N Smith St	1757225	25
Rand Rd	1757225	25
E Northwest Hwy	1757225	24
N Rohlwing Rd	1757225	23
Rand Rd	1757875	37
W Touhy Ave	1757875	37
Cedar St	1757875	35
Devon Ave	1757875	33
Belleplaine Ave	1757875	32
Elm St	1757875	32
W Talcott Rd	1757875	31
Albion Ave	1757875	28
W Sibley St	1757875	28
Oakton St	1757875	27
Broadway St	1758447	63
Court St	1758447	56
Sheridan Rd	1758447	48
S 14th St	1758447	46
Derby St	1758447	45
Koch St	1758447	36
N 11th St	1758447	36
N 8th St	1758447	35
South St	1758447	34
Edgewater Dr	1758447	31
N Knoxville Ave	1759000	105
N University St	1759000	73
N Sheridan Rd	1759000	63
W Farmington Rd	1759000	56
SW Adams St	1759000	49
N Prospect Rd	1759000	48
N Sterling Ave	1759000	44
N Allen Rd	1759000	42
SW Jefferson Ave	1759000	39
W Forrest Hill Ave	1759000	39
W 127th St	1760287	47
W 135th St	1760287	40
S Van Dyke Rd	1760287	38
Renwick Rd	1760287	35
Meadow Ln	1760287	30
W 119th St	1760287	29
Heggs Rd	1760287	26
W Renwick Rd	1760287	25
W Lockport St	1760287	23
S Normantown Rd	1760287	20
Broadway St	1762367	127
N 12th St	1762367	69
State St	1762367	68
N 24th St	1762367	58
Maine St	1762367	57
Kochs Ln	1762367	54
S 24th St	1762367	52
Gardner Expy	1762367	50
S 36th St	1762367	46
N 5th St	1762367	45
E State St	1765000	121
Auburn St	1765000	102
11th St	1765000	100
Charles St	1765000	82
Harrison Ave	1765000	82
20th St	1765000	76
Spring Creek Rd	1765000	76
Guilford Rd	1765000	72
N Rockton Ave	1765000	67
W State Rd	1765000	64
18th Ave	1765078	55
11th St	1765078	46
9th St	1765078	46
12th St	1765078	45
7th Ave	1765078	44
5th Ave	1765078	42
30th St	1765078	39
6th Ave	1765078	39
13th Ave	1765078	37
15th Ave	1765078	37
Belmont Dr	1765442	26
W Normantown Rd	1765442	25
W Romeo Rd	1765442	25
Murphy Dr	1765442	22
Airport Rd	1765442	21
Montrose Dr	1765442	18
N Independence Blvd	1765442	15
Arlington Dr	1765442	14
Honeytree Dr	1765442	13
Troxel Ave	1765442	13
Illinois State 25	1766703	27
E Main St	1766703	25
Oak St	1766703	21
S 7th Ave	1766703	21
Kautz Rd	1766703	20
Prairie St	1766703	20
W Main St	1766703	20
Indiana St	1766703	18
Horne St	1766703	16
Country Club Rd	1766703	15
W Weathersfield Way	1768003	40
N Walnut Ln	1768003	32
S Cedarcrest Dr	1768003	30
E Schaumburg Rd	1768003	26
W Schaumburg Rd	1768003	25
S Springinsguth Rd	1768003	24
W Wise Rd	1768003	23
E Weathersfield Way	1768003	22
S Braintree Dr	1768003	20
S Roselle Rd	1768003	20
Cleveland St	1770122	54
Madison St	1770122	54
Laramie Ave	1770122	52
Lockwood Ave	1770122	51
Church St	1770122	47
Crawford Ave	1770122	46
Lee St	1770122	46
Davis St	1770122	44
Oakton St	1770122	44
Dempster St	1770122	42
N La Fox St	1770720	22
W Spring St	1770720	18
Kane St	1770720	14
Hancock Ave	1770720	13
Hobart Dr	1770720	13
E Middle St	1770720	12
Raymond St	1770720	10
Renee Dr	1770720	10
S Gilbert St	1770720	10
Sunbury Rd	1770720	10
E Lake Shore Dr	1772000	83
W Lake Shore Dr	1772000	83
W Washington St	1772000	69
S 2nd St	1772000	56
W Jefferson St	1772000	55
Chatham Rd	1772000	53
E Sangamon Ave	1772000	51
Old Jacksonville Rd	1772000	51
Spaulding Orchard Rd	1772000	51
W Iles Ave	1772000	51
E Streamwood Blvd	1773157	22
East Ave	1773157	20
S Park Blvd	1773157	17
Ascot Ln	1773157	16
Wildflower Way	1773157	15
S Park Ave	1773157	14
W Schaumburg Rd	1773157	14
W Streamwood Blvd	1773157	13
Hillside Dr	1773157	12
Parkside Cir	1773157	12
167th St	1775484	75
183rd St	1775484	54
175th St	1775484	50
84th Ave	1775484	47
Oak Park Ave	1775484	43
171st St	1775484	39
Ridgeland Ave	1775484	38
S 80th Ave	1775484	36
W 159th St	1775484	34
174th St	1775484	31
N Lincoln Ave	1777005	40
E Main St	1777005	38
S Race St	1777005	36
S Vine St	1777005	35
N Cunningham Ave	1777005	34
E University Ave	1777005	31
E Washington St	1777005	30
S Anderson St	1777005	29
S Philo Rd	1777005	28
E Perkins Rd	1777005	27
N Deerpath Dr	1777694	22
Milwaukee Ave	1777694	17
Cty W11	1777694	13
Cherry Valley Rd	1777694	11
Greenleaf Dr	1777694	11
Townline Rd	1777694	11
Creekside Dr	1777694	10
Lakeview Pkwy	1777694	10
Evergreen Dr	1777694	9
Alexandria Dr	1777694	8
N Green Bay Rd	1779293	62
Washington St	1779293	61
City W34	1779293	59
N McAree Rd	1779293	55
N Sheridan Rd	1779293	46
W Glen Flora Ave	1779293	45
Belvidere Rd	1779293	37
Grand Ave	1779293	37
North Ave	1779293	36
N Frolic Ave	1779293	34
W North Ave	1780060	34
N Neltnor Blvd	1780060	30
N Prince Crossing Rd	1780060	25
W Roosevelt Rd	1780060	25
Geneva Rd	1780060	23
Joliet St	1780060	23
Smith Rd	1780060	19
Saint Charles Rd	1780060	18
Ingalton Ave	1780060	17
Hawthorne Ln	1780060	16
N Gary Ave	1781048	28
N President St	1781048	27
Geneva Rd	1781048	25
N Main St	1781048	25
S Blanchard St	1781048	25
W Roosevelt Rd	1781048	25
N Washington St	1781048	23
Manchester Rd	1781048	22
S Lorraine Rd	1781048	22
S President St	1781048	21
S Milwaukee Ave	1781087	28
S Wolf Rd	1781087	25
McHenry Rd	1781087	22
Wheeling Rd	1781087	19
N Milwaukee Ave	1781087	15
W Dundee Rd	1781087	15
W Hintz Rd	1781087	15
N Wolf Rd	1781087	14
Denoyer Trl	1781087	10
E Jeffery Ave	1781087	10
Lake Ave	1782075	54
Wilmette Ave	1782075	45
Central Ave	1782075	35
Isabella St	1782075	35
Illinois Rd	1782075	33
Washington Ave	1782075	29
10th St	1782075	27
15th St	1782075	27
Elmwood Ave	1782075	27
16th St	1782075	23
Woodridge Dr	1783245	27
63rd St	1783245	22
Woodward Ave	1783245	21
Janes Ave	1783245	20
75th St	1783245	17
Westview Ln	1783245	16
Crabtree Ave	1783245	14
Greene Rd	1783245	14
Jackson Dr	1783245	13
Internationale Pkwy	1783245	12
Dean St	1783349	29
McConnell Rd	1783349	29
Bull Valley Rd	1783349	23
Greenwood Rd	1783349	23
S Country Club Rd	1783349	21
Clay St	1783349	20
Eastwood Dr	1783349	20
Lucas Rd	1783349	20
N Seminary Ave	1783349	20
Country Club Rd	1783349	19
N Bridge St	1784038	59
Walker Rd	1784038	56
Galena Rd	1784038	55
Cannonball Trl	1784038	40
Minkler Rd	1784038	30
Caton Farm Rd	1784038	25
Fox Rd	1784038	25
E Schoolhouse Rd	1784038	23
Kennedy Rd	1784038	22
Bristol Ridge Rd	1784038	19
Scatterfield Rd	1801468	87
Madison Ave	1801468	59
Main St	1801468	56
Martin Luther King Jr Blvd	1801468	49
Nichol Ave	1801468	47
Columbus Ave	1801468	40
E 8th St	1801468	40
E 10th St	1801468	36
W 200 N	1801468	35
W 22nd St	1801468	34
Rockville Rd	1802908	68
S Green	1802908	23
S Dan Jones Rd	1802908	19
Hornaday Rd	1802908	18
Griswold Rd N	1802908	16
E Main St	1802908	14
N Center Rd	1802908	11
Juliet Dr	1802908	10
Romeo Dr	1802908	10
Bradford Rd	1802908	9
W 3rd St	1805860	67
S Rockport Rd	1805860	58
S Rogers St	1805860	55
E 10th St	1805860	46
N Old State Road 37	1805860	39
N Walnut St	1805860	32
E 7th St	1805860	29
N Dunn St	1805860	29
S Old State Road 37	1805860	29
W Vernal Pike	1805860	29
E Main St	1808416	38
S Green St	1808416	20
Odell St	1808416	19
Hornaday Rd	1808416	17
E 750 S	1808416	16
S Green	1808416	16
S Jefferson St	1808416	14
E Tilden Rd	1808416	13
Thornburg Pkwy	1808416	13
Sycamore St	1808416	12
E 116th St	1810342	56
N Meridian St	1810342	52
W 106th St	1810342	42
E 106th St	1810342	41
E 126th St	1810342	36
E Main St	1810342	32
Spring Mill Rd	1810342	32
E 151st St	1810342	31
Westfield Blvd	1810342	31
Lake Shore Dr E	1810342	26
25th St	1814734	80
Central Ave	1814734	62
Washington St	1814734	60
S Jonesville Rd	1814734	52
N National Rd	1814734	51
10th St	1814734	50
W Georgetown Rd	1814734	50
N Marr Rd	1814734	49
W 700 S	1814734	48
17th St	1814734	45
Cline Ave	1816138	40
E 109th Ave	1816138	31
Randolph St	1816138	30
Iowa St	1816138	27
W 109th Ave	1816138	27
W 133rd Ave	1816138	27
W 101st Ave	1816138	25
Burr St	1816138	24
S Main St	1816138	23
W 85th Ave	1816138	23
E 140th St	1819486	27
Cesar Chavez Memorial Dr	1819486	25
E 139th St	1819486	23
Indianapolis Blvd	1819486	23
White Oak Ave	1819486	20
Parrish Ave	1819486	18
E 138th St	1819486	17
Broadway St	1819486	16
E 148th St	1819486	16
Tod Ave	1819486	16
W Indiana Ave	1820728	77
S Main St	1820728	63
Cassopolis St	1820728	59
Oakland Ave	1820728	56
E Bristol St	1820728	53
Middlebury St	1820728	49
Prairie St	1820728	49
W Franklin St	1820728	49
Goshen Ave	1820728	46
W Mishawaka Rd	1820728	45
Lincoln Ave	1822000	81
Washington Ave	1822000	73
N Saint Joseph Ave	1822000	69
W Lloyd Expy	1822000	58
N 1st Ave	1822000	57
E Riverside Dr	1822000	56
E Walnut St	1822000	55
Pollack Ave	1822000	52
Taylor Ave	1822000	52
Monroe Ave	1822000	51
E 116th St	1823278	97
E 126th St	1823278	96
E 96th St	1823278	70
E 106th St	1823278	67
Allisonville Rd	1823278	63
E 131st St	1823278	62
Lantern Rd	1823278	45
E 136th St	1823278	42
E 141st St	1823278	27
Olio Rd	1823278	26
Coldwater Rd	1825000	89
Lima Rd	1825000	87
W Jefferson Blvd	1825000	86
Covington Rd	1825000	84
Illinois Rd	1825000	80
S Calhoun St	1825000	79
E State Blvd	1825000	77
Fairfield Ave	1825000	71
S Hanna St	1825000	69
Wayne Trce	1825000	66
Graham Rd	1825450	46
Hurricane Rd	1825450	39
N Main St	1825450	32
S 200 E	1825450	32
E Jefferson St	1825450	31
E 250 S	1825450	30
N Morton St	1825450	29
S Mauxferry Rd	1825450	29
E 300 S	1825450	27
E Greensburg Rd	1825450	25
W 15th Ave	1827000	105
W 13th Ave	1827000	100
Broadway	1827000	92
W 5th Ave	1827000	87
W 23rd Ave	1827000	81
W 25th Ave	1827000	80
W 3rd Ave	1827000	80
W 17th Ave	1827000	76
W 7th Ave	1827000	76
W 19th Ave	1827000	74
E Monroe St	1828386	57
S Main St	1828386	54
W Plymouth Ave	1828386	47
College Ave	1828386	43
E Lincoln Ave	1828386	33
W Pike St	1828386	29
E Kercher Rd	1828386	27
S 8th St	1828386	26
W Wilden Ave	1828386	26
Elkhart Rd	1828386	25
E Main St	1829520	54
N Fortville Pike	1829520	40
N State St	1829520	37
Apple St	1829520	36
N 700 W	1829520	31
400E	1829520	29
N 300 E	1829520	29
300N	1829520	28
E 21st St	1829520	26
E 300 N	1829520	26
W Smith Valley Rd	1829898	82
W Stones Crossing Rd	1829898	62
E Main St	1829898	55
E County Line Rd	1829898	44
S Morgantown Rd	1829898	37
W County Line Rd	1829898	32
Main St W	1829898	31
Sheek Rd	1829898	31
Smokey Row Rd	1829898	31
Fry Rd	1829898	30
Calumet Ave	1831000	85
169th St	1831000	81
Hohman Ave	1831000	68
167th St	1831000	67
165th St	1831000	65
173rd St	1831000	64
Columbia Ave	1831000	59
State Line Rd	1831000	56
Indianapolis Blvd	1831000	54
White Oak Ave	1831000	53
N County Line Rd	1834114	34
W Old Ridge Rd	1834114	29
E 10th St	1834114	22
W 38th Ave	1834114	20
E Rand St	1834114	19
W 3rd St	1834114	19
W 39th Ave	1834114	17
E Cleveland Ave	1834114	16
W 2nd St	1834114	16
S Ash St	1834114	15
E 96th St	1836003	168
E 10th St	1836003	154
E Washington St	1836003	144
E 21st St	1836003	133
Shelby St	1836003	132
E 30th St	1836003	125
38th St	1836003	122
E 46th St	1836003	120
Madison Ave	1836003	120
E 42nd St	1836003	119
E 10th St	1838358	102
Utica Pike	1838358	47
E 8th St	1838358	37
Middle Rd	1838358	31
Charlestown-Jeffersonville Pike	1838358	29
Hamburg Pike	1838358	29
Spring St	1838358	27
Utica Sellersburg Rd	1838358	27
Allison Ln	1838358	24
Charlestown Pike	1838358	20
S Webster St	1840392	54
E Markland Ave	1840392	44
N Washington St	1840392	44
S Dixon Rd	1840392	43
W Judson Rd	1840392	43
N Apperson Way	1840392	39
E 400 S	1840392	38
W Jefferson St	1840392	38
N Ohio St	1840392	36
N Webster St	1840392	36
E County Line Rd	1840788	45
Kossuth St	1840788	45
Main St	1840788	41
South St	1840788	41
Union St	1840788	38
Ferry St	1840788	31
Greenbush St	1840788	30
Sagamore Pkwy S	1840788	30
S 900 E	1840788	29
Central St	1840788	28
Pendleton Pike	1842426	41
Oaklandon Rd	1842426	26
N Carroll Rd	1842426	22
E 75th St	1842426	20
E 79th St	1842426	19
Sunnyside Rd	1842426	19
E 56th St	1842426	17
E 59th St	1842426	17
E 63rd St	1842426	17
Old Stone Dr	1842426	17
S Western Ave	1846908	67
S Adams St	1846908	54
S Washington St	1846908	54
S Boots St	1846908	45
S Nebraska St	1846908	44
S Meridian St	1846908	42
S Lincoln Blvd	1846908	32
E N 00 S	1846908	31
E 38th St	1846908	30
E Marion St	1846908	29
Broadway	1848528	63
Taft St	1848528	38
W Lincoln Hwy	1848528	29
Harrison St	1848528	28
Madison St	1848528	26
Taney Pl	1848528	26
Mississippi St	1848528	24
W 73rd Ave	1848528	23
Whitcomb St	1848528	22
Grant St	1848528	20
E Michigan Blvd	1848798	81
Franklin St	1848798	51
Lake Shore Dr	1848798	41
Ohio St	1848798	37
Wabash St	1848798	37
E Coolspring Ave	1848798	33
E Barker Ave	1848798	29
Greenwood Ave	1848798	29
Maple St	1848798	28
Oak St	1848798	25
Lincolnway E	1849932	70
N Main St	1849932	54
E 3rd St	1849932	45
E 4th St	1849932	41
W 6th St	1849932	37
Lincoln Way W	1849932	35
Division St	1849932	34
Sarah St	1849932	33
Milburn Blvd	1849932	32
Jefferson Blvd	1849932	31
W Jackson St	1851876	75
100 S	1851876	69
N Walnut St	1851876	63
E Jackson St	1851876	55
N Wheeling Ave	1851876	54
249 N	1851876	49
S Walnut St	1851876	48
S Madison St	1851876	44
S Burlington Dr	1851876	42
W Riverside Ave	1851876	42
Charlestown Rd	1852326	55
Grant Line Rd	1852326	45
Green Valley Rd	1852326	42
State St	1852326	36
E Market St	1852326	33
Budd Rd	1852326	31
Silver St	1852326	27
Corydon Pike	1852326	26
Vincennes St	1852326	26
E Spring St	1852326	25
E 146th St	1854180	71
E 48th	1854180	71
Huntington Ave	1854180	70
E 191st St	1854180	59
Greenfield Ave	1854180	53
E 196th St	1854180	44
Cumberland Rd	1854180	41
Little Chicago Rd	1854180	39
E 166th St	1854180	37
E 161st St	1854180	34
E Main St	1860246	58
S Center St	1860246	31
Stafford Rd	1860246	29
Old National Rd	1860246	21
Bradford Rd	1860246	18
Township Line Rd	1860246	18
S Dan Jones Rd	1860246	17
Reeves Rd	1860246	16
E Buchanan St	1860246	15
Stanley Rd	1860246	15
Camelot Manor	1861092	52
N County Line Rd	1861092	42
Central Ave	1861092	36
Old Porter Rd	1861092	32
Willowcreek Rd	1861092	31
Stone Ave	1861092	30
Swanson Rd	1861092	30
Mulberry Ave	1861092	27
Portage Ave	1861092	21
Willowdale Rd	1861092	20
E Main St	1864260	40
National Rd W	1864260	37
S A St	1864260	31
S B St	1864260	29
Chester Blvd	1864260	28
New Paris Pike	1864260	25
S E St	1864260	25
S L St	1864260	25
W Main St	1864260	25
Cart Rd	1864260	24
Austin Ave	1868220	24
Indianapolis Blvd	1868220	20
W 85th Ave	1868220	16
W 75th Ave	1868220	15
Burr St	1868220	14
Kennedy Ave	1868220	13
E Saint Andrews Dr	1868220	12
Sherwood Lake Dr	1868220	10
Woodhollow Dr	1868220	10
Anna St	1868220	9
W Washington St	1871000	85
Lincoln Way W	1871000	83
W Western Ave	1871000	78
Ford St	1871000	75
Fellows St	1871000	73
S Michigan St	1871000	69
Edison Rd	1871000	68
Miami St	1871000	68
Carroll St	1871000	59
W Sample St	1871000	55
Wabash Ave	1875428	112
S 3rd St	1875428	70
Hulman Dr	1875428	68
S 7th St	1875428	64
Locust St	1875428	61
E Poplar St	1875428	57
8th Ave	1875428	56
Buckeye St	1875428	56
Crawford St	1875428	55
Linden St	1875428	55
Campbell St	1878326	55
N Calumet Ave	1878326	48
Silhavy Rd	1878326	39
Valparaiso St	1878326	35
Tower Rd	1878326	34
Meridian Rd	1878326	33
Vale Park Rd	1878326	32
Evans Ave	1878326	30
McCool Rd	1878326	30
W Division Rd	1878326	27
E 176th St	1882700	38
Spring Mill Rd	1882700	37
E 33rd	1882700	32
W 186th St	1882700	31
Westfield Blvd	1882700	30
E 191st St	1882700	28
E 161st St	1882700	27
Towne Rd	1882700	24
W 14th	1882700	23
E 7th	1882700	22
N River Rd	1882862	45
N Salisbury St	1882862	45
Northwestern Ave	1882862	44
Soldiers Home Rd	1882862	34
W 350 N	1882862	31
W 500 N	1882862	30
Division Rd	1882862	29
Klondike Rd	1882862	27
W 600 N	1882862	27
Morehouse Rd	1882862	26
W 46th	1886372	60
E 300 S	1886372	42
Pleasant View Rd	1886372	37
N Michigan Rd	1886372	36
E 550 S	1886372	31
S 875 E	1886372	31
Six Points Rd	1886372	31
Hunt Club Rd	1886372	29
W 96th St	1886372	29
S 650 E	1886372	27
Lincoln Way	1901855	57
North Dakota Ave	1901855	41
Grand Ave	1901855	38
Y Ave	1901855	36
Duff Ave	1901855	30
Ontario St	1901855	27
Stange Rd	1901855	26
S 4th St	1901855	25
Kellogg Ave	1901855	24
S Duff Ave	1901855	24
NW 16th St	1902305	53
NE 22nd St	1902305	45
NW 4th St	1902305	42
NE Trilein Dr	1902305	39
NE 14th St	1902305	35
NE 6th St	1902305	33
NW 5th St	1902305	33
W 1st St	1902305	29
NW 26th St	1902305	28
Dmacc Blvd	1902305	26
State St	1906355	80
18th St	1906355	76
Devils Glen Rd	1906355	69
Middle Rd	1906355	68
Crow Creek Rd	1906355	50
Valley Dr	1906355	46
Tanglefoot Ln	1906355	38
Central Ave	1906355	31
23rd St	1906355	29
Grant St	1906355	28
University Ave	1911755	51
Butler Rd	1911755	41
Hudson Rd	1911755	37
Grundy Rd	1911755	34
W 1st St	1911755	33
W Cedar Wapsi Rd	1911755	33
W 12th St	1911755	32
College St	1911755	27
Walnut St	1911755	27
W 4th St	1911755	26
6th St SW	1912000	71
E Ave NW	1912000	69
Mount Vernon Rd SE	1912000	63
42nd St NE	1912000	60
1st Ave NE	1912000	59
1st Ave W	1912000	56
C Ave NE	1912000	56
16th Ave SW	1912000	48
Wilson Ave SW	1912000	47
Center Point Rd NE	1912000	41
McPherson Ave	1916860	54
Ave G	1916860	53
W Broadway	1916860	49
Railroad Hwy	1916860	45
9th Ave	1916860	41
Mudhollow Rd	1916860	39
5th Ave	1916860	36
Greenview Rd	1916860	36
S 8th St	1916860	36
Ave B	1916860	35
N Division St	1919000	98
W Locust St	1919000	87
N Harrison St	1919000	81
N Marquette St	1919000	77
W Central Park Ave	1919000	76
N Pine St	1919000	72
Rockingham Rd	1919000	71
Jersey Ridge Rd	1919000	68
W Lombard St	1919000	67
Eastern Ave	1919000	66
SW 9th St	1921000	84
SE 14th St	1921000	83
University Ave	1921000	73
E University Ave	1921000	68
Forest Ave	1921000	65
E 14th St	1921000	62
Fleur Dr	1921000	61
Hubbell Ave	1921000	61
SE 5th St	1921000	58
Park Ave	1921000	57
Asbury Rd	1922395	69
Pennsylvania Ave	1922395	62
Dodge St	1922395	45
Central Ave	1922395	39
University Ave	1922395	36
N Grandview Ave	1922395	32
Jackson St	1922395	29
John F Kennedy Rd	1922395	29
Kaufmann Ave	1922395	28
N Cascade Rd	1922395	28
E Court St	1938595	46
E Washington St	1938595	34
Melrose Ave	1938595	30
Muscatine Ave	1938595	30
Rochester Ave	1938595	27
S Gilbert St	1938595	25
W Benton St	1938595	25
Oak Crest Hill Rd SE	1938595	23
N Dubuque St	1938595	22
Prairie du Chien Rd NE	1938595	22
NW Beaver Dr	1939765	68
NW 100th St	1939765	32
NW 62nd Ave	1939765	27
Merle Hay Rd	1939765	26
Pioneer Pkwy	1939765	26
NW 86th St	1939765	25
NW 70th Ave	1939765	21
SE 37th St	1939765	21
NW 93rd St	1939765	15
Foxboro Rd	1939765	14
10th St	1949485	50
10th Ave	1949485	40
31st St	1949485	36
29th Ave	1949485	33
Winslow Rd	1949485	33
County Home Rd	1949485	30
Alburnett Rd	1949485	29
8th Ave	1949485	28
7th Ave	1949485	27
35th St	1949485	25
S Center St	1949755	45
240th St	1949755	35
S 6th St	1949755	31
Summit St	1949755	30
Zeller Ave	1949755	30
S 3rd Ave	1949755	28
W Main St	1949755	28
Reed Ave	1949755	27
Underwood Ave	1949755	26
Taylor Ave	1949755	25
4th St SW	1950160	45
Thrush Ave	1950160	42
12th St NE	1950160	30
S Federal Ave	1950160	30
4th St SE	1950160	25
Lark Ave	1950160	25
S Kentucky Ave	1950160	25
Spruce Ave	1950160	25
275th St	1950160	24
6th St SE	1950160	22
Copperhead Rd	1960465	42
N Court St	1960465	41
E Main St	1960465	35
River Rd	1960465	34
Bluegrass Rd	1960465	33
N Jefferson St	1960465	32
Bladensburg Rd	1960465	31
118th Ave	1960465	28
150th St	1960465	27
Albia Rd	1960465	27
Morningside Ave	1973335	76
Floyd Blvd	1973335	66
S Lakeport St	1973335	61
Hamilton Blvd	1973335	60
Court St	1973335	54
11th St	1973335	53
Pierce St	1973335	52
Correctionville Rd	1973335	49
E Gordon Dr	1973335	49
18th St	1973335	46
Meredith Dr	1979950	73
Douglas Ave	1979950	58
Aurora Ave	1979950	56
Hickman Rd	1979950	39
Oakwood Dr	1979950	39
NW 86th St	1979950	38
Townsend Ave	1979950	35
72nd St	1979950	32
Madison Ave	1979950	32
70th St	1979950	31
Kimball Ave	1982425	60
Ansborough Ave	1982425	54
W 4th St	1982425	53
Hammond Ave	1982425	45
Lafayette St	1982425	43
Logan Ave	1982425	43
Independence Ave	1982425	40
W 9th St	1982425	38
Newell St	1982425	36
Burton Ave	1982425	35
Ute Ave	1982695	24
SE Olson Dr	1982695	22
Warrior Ln	1982695	17
V Ave	1982695	16
University Ave	1982695	15
SE Florence Dr	1982695	14
Indian Ridge Dr	1982695	13
4th St	1982695	11
6th St	1982695	11
Meredith Dr	1982695	11
Ashworth Rd	1983910	73
Woodland Ave	1983910	45
60th St	1983910	39
E P True Pkwy	1983910	36
Mills Civic Pkwy	1983910	36
Vine St	1983910	34
Aspen Dr	1983910	31
Cody Dr	1983910	31
Grand Ave	1983910	31
Locust St	1983910	31
E 71st St S	2017800	49
E 55th St S	2017800	38
E 87th St S	2017800	38
N Woodlawn Blvd	2017800	30
S Woodlawn Blvd	2017800	28
E 79th St S	2017800	27
E Patroit Ave	2017800	26
N 2nd Ave	2017800	25
N Baltimore Ave	2017800	24
E James St	2017800	23
Ave A	2018250	60
Saddle Rd	2018250	57
N 14th Ave	2018250	55
Correction Line Rd	2018250	53
108th Rd	2018250	52
109th Rd	2018250	43
112th Rd	2018250	43
106th Rd	2018250	40
W Division St	2018250	38
Quaker Rd	2018250	37
E Kansas Ave	2025325	64
N 3rd St	2025325	55
E Mary St	2025325	51
N Anderson Rd	2025325	48
N Vfw Rd	2025325	48
N Jennie Barker Rd	2025325	47
N 8th St	2025325	42
E Spruce St	2025325	41
Jones Ave	2025325	41
W Mary St	2025325	37
W 167th St	2025425	45
S Gardner Rd	2025425	40
W 159th St	2025425	28
S Moonlight Rd	2025425	27
W 183rd St	2025425	27
W 199th St	2025425	27
W 151st St	2025425	25
Clare Rd	2025425	23
W 175th St	2025425	23
W 143rd St	2025425	19
E 4th Ave	2033625	88
N Plum St	2033625	63
N Monroe St	2033625	60
N Lorraine St	2033625	59
E 30th Ave	2033625	58
E Ave G	2033625	48
E 17th Ave	2033625	45
Hendricks St	2033625	44
N Halstead St	2033625	40
E 43rd Ave	2033625	37
Parallel Pkwy	2036000	155
State Ave	2036000	138
Leavenworth Rd	2036000	136
W 47th St	2036000	108
Kansas Ave	2036000	94
Georgia Ave	2036000	90
Riverview Ave	2036000	75
Metropolitan Ave	2036000	74
Haskell Ave	2036000	67
Cleveland Ave	2036000	63
Kasold Dr	2038900	69
W 6th St	2038900	53
Harvard Rd	2038900	48
Lawrence Ave	2038900	48
W 15th St	2038900	48
E 1500 Rd	2038900	43
Louisiana St	2038900	42
Iowa St	2038900	41
W 27th St	2038900	39
Haskell Ave	2038900	35
S 4th St	2039000	49
Springdale St	2039000	38
Dakota St	2039000	34
187th St	2039000	33
Vilas St	2039000	33
10th Ave	2039000	32
Dempsey Rd	2039000	32
Springdale Rd	2039000	32
Limit St	2039000	30
McIntyre Rd	2039000	30
State Line Rd	2039075	91
Mission Rd	2039075	72
High Dr	2039075	46
Roe Ave	2039075	45
Nall Ave	2039075	39
Overbrook Rd	2039075	39
Sagamore Rd	2039075	38
Pawnee Ln	2039075	32
W 127th St	2039075	31
Meadow Ln	2039075	30
W 83rd St	2039350	57
Pflumm Rd	2039350	51
Lackman Rd	2039350	44
Rosehill Rd	2039350	42
Monrovia St	2039350	38
Santa Fe Trail Dr	2039350	38
W 95th St	2039350	37
W 99th St	2039350	35
W 79th St	2039350	31
W 91st Ter	2039350	29
Anderson Ave	2044250	77
Tuttle Creek Blvd	2044250	71
Claflin Rd	2044250	41
Kimball Ave	2044250	40
Deep Creek Rd	2044250	31
Fort Riley Blvd	2044250	31
Marlatt Ave	2044250	27
Tuttle Cove Rd	2044250	24
Denison Ave	2044250	22
McDowell Creek Rd	2044250	22
S Brougham Dr	2052575	71
W 135th St	2052575	70
S Lone Elm Rd	2052575	65
W 119th St	2052575	65
S Greenwood St	2052575	63
W 143rd St	2052575	60
W 151st St	2052575	52
W 159th St	2052575	52
Pflumm Rd	2052575	46
S Lindenwood Dr	2052575	46
Antioch Rd	2053775	154
Metcalf Ave	2053775	132
Nall Ave	2053775	101
Lowell Ave	2053775	86
Lamar Ave	2053775	80
W 103rd St	2053775	77
Nieman Rd	2053775	76
Quivira Rd	2053775	74
Switzer Rd	2053775	73
W 83rd St	2053775	67
S Ohio St	2062700	73
9th St	2062700	59
E Crawford St	2062700	51
E Magnolia Rd	2062700	48
W Crawford St	2062700	47
W State St	2062700	43
Country Club Rd	2062700	41
N Ohio St	2062700	41
E North St	2062700	39
N 5th St	2062700	35
W 47th St	2064500	81
Johnson Dr	2064500	73
Quivira Rd	2064500	58
W 67th St	2064500	58
W 55th St	2064500	56
W 51st St	2064500	49
Midland Dr	2064500	46
Nieman Rd	2064500	45
W 53rd St	2064500	41
W 71st St	2064500	41
Topeka Blvd	2071000	137
SW 21st St	2071000	116
SW 10th Ave	2071000	110
SW 29th St	2071000	105
SW Gage Blvd	2071000	85
SW Wanamaker Rd	2071000	83
SW 37th St	2071000	79
SW 17th St	2071000	78
SW 6th Ave	2071000	74
SW Huntoon St	2071000	74
E Douglas Ave	2079000	169
E 21st St N	2079000	138
E Central Ave	2079000	133
W Douglas Ave	2079000	132
W Maple St	2079000	131
E 13th St N	2079000	129
E Lincoln St	2079000	116
W 13th St N	2079000	116
W 21st St N	2079000	107
E Pawnee St	2079000	106
Louisville Rd	2108902	88
Morgantown Rd	2108902	87
Nashville Rd	2108902	83
Campbell Ln	2108902	58
Russellville Rd	2108902	57
Plano Rd	2108902	54
Richardsville Rd	2108902	52
Scottsville Rd	2108902	52
Barren River Rd	2108902	45
Three Springs Rd	2108902	45
Madison Ave	2117848	53
Greenup St	2117848	37
Russell St	2117848	32
Scott Blvd	2117848	32
Amsterdam Rd	2117848	27
Eastern Ave	2117848	26
Garrard St	2117848	26
Dixie Hwy	2117848	25
W 9th St	2117848	22
Maryland Ave	2117848	19
Leitchfield Rd	2124274	94
Saint John Rd	2124274	86
Ring Rd	2124274	69
Hardinsburg Rd	2124274	52
Bardstown Rd	2124274	48
Sportsman Lake Rd	2124274	47
Valley Creek Rd	2124274	47
N Mulberry St	2124274	43
S Wilson Rd	2124274	42
New Glendale Rd	2124274	40
842	2127982	53
Dixie Hwy	2127982	49
Burlington Pike	2127982	20
Pleasant Valley Rd	2127982	19
Industrial Rd	2127982	14
Mount Zion Rd	2127982	14
Hopeful Rd	2127982	13
Turfway Rd	2127982	12
Cayton Rd	2127982	11
Kentoboo Ave	2127982	11
Louisville Rd	2128900	56
Owenton Rd	2128900	46
E Main St	2128900	42
Bald Knob Rd	2128900	41
Lawrenceburg Rd	2128900	36
Versailles Rd	2128900	30
Holmes St	2128900	27
Flat Creek Rd	2128900	25
Peaks Mill Rd	2128900	25
Devils Hollow Rd	2128900	24
Cincinnati Rd	2130700	47
Frankfort Rd	2130700	37
Paris Pike	2130700	36
Iron Works Rd	2130700	33
Lemons Mill Rd	2130700	26
Paynes Depot Rd	2130700	26
Long Lick Rd	2130700	22
Delaplain Rd	2130700	21
Seminole Trl	2130700	21
Stamping Ground Rd	2130700	21
Zion Rd	2135866	48
N Elm St	2135866	42
S Green St	2135866	39
S Main St	2135866	34
Ky-1078	2135866	33
N Adams St	2135866	29
N Green St	2135866	25
Old Corydon Rd	2135866	25
Clay St	2135866	24
Upper Delaware Rd	2135866	23
Greenville Rd	2137918	87
Fort Campbell Blvd	2137918	73
Butler Rd	2137918	54
S Virginia St	2137918	43
Canton Pike	2137918	41
Lafayette Rd	2137918	40
Cox Mill Rd	2137918	38
Dawson Springs Rd	2137918	36
Cadiz Rd	2137918	32
E 9th St	2137918	31
Madison Pike	2139142	49
Taylor Mill Rd	2139142	33
Richardson Rd	2139142	26
Fowler Creek Rd	2139142	25
Hogrefe Rd	2139142	24
Independence Station Rd	2139142	22
Bristow Rd	2139142	18
Staffordsburg Rd	2139142	17
Cody Rd	2139142	16
Oliver Rd	2139142	14
Tates Creek Rd	2146027	126
Man O War Blvd	2146027	114
Nicholasville Rd	2146027	77
Winchester Rd	2146027	57
Newtown Pike	2146027	54
Georgetown Rd	2146027	49
N Broadway Rd	2146027	49
N Limestone St	2146027	42
Clays Mill Rd	2146027	41
Polo Club Blvd	2146027	41
Dixie Hwy	2148006	133
Taylorsville Rd	2148006	110
Bardstown Rd	2148006	87
Shelbyville Rd	2148006	81
Cane Run Rd	2148006	62
Shepherdsville Rd	2148006	59
Preston Hwy	2148006	54
Westport Rd	2148006	50
Outer Loop	2148006	47
Six Mile Ln	2148006	47
Shun Pike	2156136	33
S Main St	2156136	28
Union Mill Rd	2156136	27
Sulphur Well Pike	2156136	25
N Main St	2156136	24
Keene Rd	2156136	22
Ashgrove Rd	2156136	21
Orchard Dr	2156136	18
Harrodsburg Rd	2156136	17
Brannon Rd	2156136	14
Frederica St	2158620	73
W Parrish Ave	2158620	60
Leitchfield Rd	2158620	56
Carter Rd	2158620	51
Ky-56	2158620	49
Tamarack Rd	2158620	46
Veach Rd	2158620	42
E 4th St	2158620	40
Old Hartford Rd	2158620	40
Ky-279	2158620	34
Old Mayfield Rd	2158836	68
Lone Oak Rd	2158836	66
Cairo Rd	2158836	53
Jefferson St	2158836	50
Olivet Church Rd	2158836	46
Benton Rd	2158836	37
Broadway St	2158836	37
Oaks Rd	2158836	36
Lovelaceville Rd	2158836	35
Husband Rd	2158836	34
Barnes Mill Rd	2165226	54
Tates Creek Rd	2165226	50
Old Lexington Rd	2165226	40
Boonesboro Rd	2165226	35
Irvine Rd	2165226	32
Jacks Creek Rd	2165226	32
Red House Rd	2165226	32
Eastern Byp	2165226	27
Four Mile Rd	2165226	27
Lancaster Rd	2165226	25
3rd St	2200975	66
Lee St	2200975	62
Macarthur Dr	2200975	38
S Macarthur Dr	2200975	38
6th St	2200975	37
Jackson St	2200975	35
Monroe St	2200975	34
Willow Glen River Rd	2200975	34
England Dr	2200975	33
Elliott St	2200975	31
Airline Dr	2208920	71
Barksdale Blvd	2208920	70
E Texas St	2208920	62
Benton Rd	2208920	57
Shed Rd	2208920	50
Caplis Sligo Rd	2208920	38
Swan Lake Rd	2208920	37
Sligo Rd	2208920	35
Patricia Dr	2208920	23
Traffic St	2208920	19
Greenwell Springs Rd	2213960	74
Hooper Rd	2213960	38
Groom Rd	2213960	36
Plank Rd	2213960	30
Joor Rd	2213960	28
Sullivan Rd	2213960	25
Lavey Ln	2213960	23
Pride Baywood Rd	2213960	23
Denham Rd	2213960	22
Main St	2213960	19
Grand Caillou Rd	2236255	114
Main St	2236255	61
W Main St	2236255	56
Bayou Dularge Rd	2236255	54
Bayou Black Dr	2236255	42
Southdown Mandalay Rd	2236255	41
Little Bayou Black Dr	2236255	34
Barrow St	2236255	28
Park Ave	2236255	23
Acadian Dr	2236255	22
Williams Blvd	2239475	88
Veterans Memorial Blvd	2239475	55
Roosevelt Blvd	2239475	43
27th St	2239475	37
Loyola Dr	2239475	33
21st St	2239475	32
3rd St	2239475	28
31st St	2239475	26
32nd St	2239475	25
E Loyola Dr	2239475	24
Lake St	2241155	83
Common St	2241155	81
Ryan St	2241155	58
Kirkman St	2241155	56
Louisiana Ave	2241155	56
Broad St	2241155	54
Nelson Rd	2241155	54
1st Ave	2241155	53
Big Lake Rd	2241155	52
Fruge St	2241155	50
Desiard St	2251410	98
Jackson St	2251410	57
Winnsboro Rd	2251410	49
S Grand St	2251410	48
Forsythe Ave	2251410	45
Grammont St	2251410	43
Oliver Rd	2251410	38
Stubbs Vinson Rd	2251410	38
Prairie Rd	2251410	37
Breard St	2251410	35
Loreauville Rd	2254035	67
Weeks Island Rd	2254035	49
Old Jeanerette Rd	2254035	45
Avery Island Rd	2254035	41
Jefferson Island Rd	2254035	38
Center St	2254035	37
Coteau Rd	2254035	36
E Main St	2254035	35
La 674	2254035	33
Daspit	2254035	32
Chef Menteur Hwy	2255000	239
Saint Charles Ave	2255000	170
Elysian Fields Ave	2255000	134
S Claiborne Ave	2255000	131
Franklin Ave	2255000	119
Canal St	2255000	115
Saint Claude Ave	2255000	114
N Claiborne Ave	2255000	113
Morrison Rd	2255000	107
Saint Bernard Ave	2255000	103
Mansfield Rd	2270000	128
Linwood Ave	2270000	127
Youree Dr	2270000	121
Line Ave	2270000	113
Fairfield Ave	2270000	95
N Hearne Ave	2270000	94
N Market St	2270000	93
W 70th St	2270000	93
Jewella Ave	2270000	85
Greenwood Rd	2270000	82
Old Spanish Trl	2270805	46
Front St	2270805	38
Brownswitch Rd	2270805	33
Gause Blvd	2270805	33
Robert Blvd	2270805	33
Pontchartrain Dr	2270805	31
Gause Blvd W	2270805	30
Bayou Liberty Rd	2270805	28
Fremaux Ave	2270805	28
Cross Gates Blvd	2270805	25
Hotel Rd	2302060	38
S Main St	2302060	33
Turner St	2302060	32
Court St	2302060	31
Minot Ave	2302060	31
Center St	2302060	26
Poland Rd	2302060	23
Lake St	2302060	22
Broad St	2302060	20
Washington St	2302060	19
Union St	2302795	76
Ohio St	2302795	67
Broadway	2302795	52
State St	2302795	46
Hammond St	2302795	45
Pushaw Rd	2302795	33
Fuller Rd	2302795	31
Hudson Rd	2302795	26
Main St	2302795	26
Stillwater Ave	2302795	24
Sabattus St	2338740	66
Lisbon St	2338740	63
Main St	2338740	48
College St	2338740	33
East Ave	2338740	31
Webster St	2338740	30
Pleasant St	2338740	24
Pond Rd	2338740	20
Grove St	2338740	19
Russell St	2338740	19
Congress St	2360545	83
Forest Ave	2360545	75
Washington Ave	2360545	67
Brighton Ave	2360545	63
Ocean Ave	2360545	40
Stevens Ave	2360545	36
Cumberland Ave	2360545	33
Riverside St	2360545	31
Deering Ave	2360545	25
Danforth St	2360545	24
Broadway	2371990	68
Highland Ave	2371990	36
Main St	2371990	35
Shore Rd	2371990	35
Sawyer St	2371990	33
Ocean House Rd	2371990	30
Ocean St	2371990	27
Preble St	2371990	27
Cottage Rd	2371990	25
Mitchell Rd	2371990	24
Harford Rd	2404000	116
Reisterstown Rd	2404000	108
Eastern Ave	2404000	101
Edmondson Ave	2404000	101
Belair Rd	2404000	98
N Charles St	2404000	92
Park Heights Ave	2404000	83
E Northern Pkwy	2404000	80
E Monument St	2404000	79
E Pratt St	2404000	78
Mitchellville Rd	2408775	38
Annapolis Rd	2408775	32
Collington Rd	2408775	31
Race Track Rd	2408775	31
Belair Dr	2408775	30
Old Chapel Rd	2408775	30
Laurel Bowie Rd	2408775	29
Millstream Dr	2408775	24
Peach Walker Dr	2408775	18
Northview Dr	2408775	16
W City Ave	2418750	79
Rhode Island Ave	2418750	43
51st Ave	2418750	26
Metzerott Rd	2418750	25
Greenbelt Rd	2418750	22
Berwyn Rd	2418750	19
Edmonston Rd	2418750	18
University Blvd	2418750	18
49th Ave	2418750	17
48th Ave	2418750	16
Liberty Rd	2430325	56
Opossumtown Pike	2430325	38
Baltimore National Pike	2430325	34
Bethel Rd	2430325	33
Gambrill Park Rd	2430325	33
N Market St	2430325	31
Old Annapolis Rd	2430325	30
Gas House Pike	2430325	29
Rocky Springs Rd	2430325	28
Rosemont Ave	2430325	28
Darnestown Rd	2431175	42
Quince Orchard Rd	2431175	27
Emory Grove Rd	2431175	26
Main St	2431175	24
Turkey Foot Rd	2431175	19
Washington Grove Ln	2431175	19
Dufief Dr	2431175	18
Frederick Rd	2431175	17
Chestertown St	2431175	16
Dufief Mill Rd	2431175	16
Baltimore National Pike	2436075	79
National Pike	2436075	64
Greencastle Pike	2436075	51
Broadfording Rd	2436075	46
Virginia Ave	2436075	45
W Washington St	2436075	38
Salem Ave	2436075	35
Sharpsburg Pike	2436075	31
Cearfoss Pike	2436075	30
Beaver Creek Rd	2436075	29
Baltimore Ave	2445900	40
Contee Rd	2445900	26
Brooklyn Bridge Rd	2445900	25
Old Sandy Spring Rd	2445900	25
Cherry Ln	2445900	24
Van Dusen Rd	2445900	23
Main St	2445900	22
Washington Blvd	2445900	18
4th St	2445900	17
Montgomery St	2445900	16
Glen Mill Rd	2467675	23
Travilah Rd	2467675	23
Veirs Mill Rd	2467675	21
Baltimore Rd	2467675	20
E Gude Dr	2467675	20
Broadwood Dr	2467675	19
Monroe St	2467675	19
Wootton Pkwy	2467675	19
Darnestown Rd	2467675	18
Edmonston Dr	2467675	18
Old Ocean City Rd	2469925	69
Mount Hermon Rd	2469925	66
Nanticoke Rd	2469925	65
Ocean Hwy	2469925	53
Snow Hill Rd	2469925	50
Ocean Gateway	2469925	47
Riverside Dr Exd	2469925	46
Jersey Rd	2469925	44
Camden Ave	2469925	43
N Salisbury Blvd	2469925	43
Main St	2500840	54
Springfield St	2500840	53
Suffield St	2500840	38
North St	2500840	30
River Rd	2500840	30
Mill St	2500840	28
N Westfield St	2500840	26
Cooper St	2500840	21
Meadow St	2500840	18
Silver St	2500840	18
N Pleasant St	2501370	39
S East St	2501370	31
E Pleasant St	2501370	30
West St	2501370	26
Main St	2501370	21
Amherst Rd	2501370	18
S Pleasant St	2501370	17
Belchertown Rd	2501370	13
Middle St	2501370	13
N Valley Rd	2501370	13
S Main St	2502690	53
County St	2502690	52
Park St	2502690	43
Newport Ave	2502690	41
Washington St	2502690	31
West St	2502690	31
N Main St	2502690	30
Thacher St	2502690	29
Oakhill Ave	2502690	24
Pleasant St	2502690	24
Main St	2503690	118
Falmouth Rd	2503690	114
Cranberry Hwy	2503690	99
Iyannough Rd	2503690	58
Phinneys Ln	2503690	43
Old Stage Rd	2503690	38
Craigville Beach Rd	2503690	37
Race Ln	2503690	33
W Main St	2503690	32
Bearses Way	2503690	31
Hale St	2505595	71
Cabot St	2505595	60
Essex St	2505595	53
Dodge St	2505595	30
Elliott St	2505595	28
Bridge St	2505595	22
Rantoul St	2505595	20
Sohier Rd	2505595	16
Brimbal Ave	2505595	13
Lothrop St	2505595	12
Washington St	2507000	309
Centre St	2507000	169
Commonwealth Ave	2507000	149
Blue Hill Ave	2507000	112
Dorchester Ave	2507000	109
River St	2507000	93
Tremont St	2507000	85
Columbia Rd	2507000	71
Adams St	2507000	68
Beacon St	2507000	66
Washington St	2507740	79
Liberty St	2507740	48
Commercial St	2507740	29
West St	2507740	29
Pond St	2507740	27
Middle St	2507740	24
Common St	2507740	23
Granite St	2507740	23
Union St	2507740	21
Quincy Ave	2507740	19
South St	2508130	36
Pleasant St	2508130	34
Plymouth St	2508130	34
Summer St	2508130	32
High St	2508130	31
Vernon St	2508130	23
Auburn St	2508130	20
Conant St	2508130	20
Bedford St	2508130	19
Main St	2508130	16
N Main St	2509000	79
Pleasant St	2509000	61
Main St	2509000	60
Belmont St	2509000	45
Crescent St	2509000	44
Centre St	2509000	41
Ash St	2509000	40
Warren Ave	2509000	37
W Chestnut St	2509000	33
Court St	2509000	32
Massachusetts Ave	2511000	143
Cambridge St	2511000	51
Mount Auburn St	2511000	41
Broadway	2511000	37
Huron Ave	2511000	32
Brattle St	2511000	29
Concord Ave	2511000	29
Memorial Dr	2511000	28
Putnam Ave	2511000	27
Harvard St	2511000	25
Washington Ave	2513205	33
Broadway	2513205	24
Everett Ave	2513205	14
Revere Beach Pkwy	2513205	14
Eastern Ave	2513205	13
Highland St	2513205	13
Williams St	2513205	13
Crescent Ave	2513205	12
4th St	2513205	10
Bellingham St	2513205	10
Chicopee St	2513660	71
Memorial Dr	2513660	63
Granby Rd	2513660	40
Grattan St	2513660	36
Meadow St	2513660	32
Montgomery St	2513660	32
Sheridan St	2513660	29
James St	2513660	27
Springfield St	2513660	27
E Main St	2513660	25
Broadway	2521990	54
Ferry St	2521990	35
Washington Ave	2521990	26
Main St	2521990	25
Chelsea St	2521990	19
Elm St	2521990	18
Shute St	2521990	18
Bucknam St	2521990	17
Revere Beach Pkwy	2521990	17
Bradford St	2521990	14
N Main St	2523000	73
Stafford Rd	2523000	46
Pleasant St	2523000	44
S Main St	2523000	44
Plymouth Ave	2523000	41
Bedford St	2523000	39
Brayton Ave	2523000	39
Highland Ave	2523000	39
Locust St	2523000	39
Bay St	2523000	36
South St	2523875	30
Main St	2523875	28
Water St	2523875	27
Lunenburg St	2523875	26
Summer St	2523875	26
Oak Hill Rd	2523875	25
Franklin Rd	2523875	24
Westminster Hill Rd	2523875	22
Blossom St	2523875	19
Rollstone St	2523875	18
Concord St	2524960	62
Worcester Rd	2524960	53
Waverly St	2524960	34
Edgell Rd	2524960	31
Old Connecticut Path	2524960	30
Salem End Rd	2524960	30
Union Ave	2524960	29
Pleasant St	2524960	28
Central St	2524960	27
Franklin St	2524960	26
Pond St	2525172	34
Washington St	2525172	32
W Central St	2525172	30
Lincoln St	2525172	28
Union St	2525172	25
E Central St	2525172	20
Chestnut St	2525172	18
King St	2525172	18
Summer St	2525172	18
Grove St	2525172	17
Washington St	2526150	95
Eastern Ave	2526150	62
Western Ave	2526150	35
Concord St	2526150	23
Main St	2526150	21
Wheeler St	2526150	21
E Main St	2526150	20
Prospect St	2526150	19
Leonard St	2526150	18
Mount Pleasant Ave	2526150	18
Main St	2529405	56
Broadway	2529405	53
River St	2529405	47
Washington St	2529405	47
S Main St	2529405	45
Hilldale Ave	2529405	44
Amesbury Rd	2529405	28
N Broadway	2529405	28
Salem St	2529405	28
Primrose St	2529405	25
Northampton St	2530840	62
Dwight St	2530840	34
County Rd	2530840	33
Main St	2530840	29
Hampden St	2530840	26
Homestead Ave	2530840	22
Sargeant St	2530840	22
Appleton St	2530840	21
Cabot St	2530840	18
High St	2530840	18
Haverhill St	2534550	41
S Broadway	2534550	31
Essex St	2534550	30
Andover St	2534550	29
E Haverhill St	2534550	25
Lowell St	2534550	25
S Union St	2534550	25
Mount Vernon St	2534550	24
Park St	2534550	23
Jackson St	2534550	22
Main St	2535075	60
West St	2535075	38
Merriam Ave	2535075	36
Central St	2535075	34
Mechanic St	2535075	34
Lancaster St	2535075	31
Pleasant St	2535075	29
N Main St	2535075	26
Union St	2535075	25
Willard St	2535075	23
Westford St	2537000	74
Middlesex St	2537000	59
Gorham St	2537000	57
Chelmsford St	2537000	46
Varnum Ave	2537000	44
Bridge St	2537000	43
School St	2537000	40
Boston Rd	2537000	39
Princeton Blvd	2537000	38
Lawrence St	2537000	35
Western Ave	2537490	67
Boston St	2537490	54
Essex St	2537490	45
Lynnfield St	2537490	41
Summer St	2537490	40
Chatham St	2537490	32
Walnut St	2537490	32
Chestnut St	2537490	31
Broadway	2537490	27
Washington St	2537490	27
Salem St	2537875	52
Main St	2537875	45
Highland Ave	2537875	30
Eastern Ave	2537875	29
Broadway	2537875	25
Pleasant St	2537875	25
Cross St	2537875	21
Medford St	2537875	17
Summer St	2537875	17
Charles St	2537875	16
Stevens St	2538715	27
Boston Post Rd E	2538715	26
Hosmer St	2538715	25
Elm St	2538715	24
Maple St	2538715	23
Pleasant St	2538715	23
Bolton St	2538715	22
Concord Rd	2538715	21
Lincoln St	2538715	20
Farm Rd	2538715	16
Main St	2539835	41
Winthrop St	2539835	38
Fulton St	2539835	37
High St	2539835	37
Riverside Ave	2539835	30
Fellsway W	2539835	27
Mystic Valley Pkwy	2539835	25
Boston Ave	2539835	24
Mystic Ave	2539835	22
Salem St	2539835	21
Main St	2540115	30
Upham St	2540115	28
Grove St	2540115	23
Porter St	2540115	22
Lebanon St	2540115	20
Washington St	2540115	18
Beech Ave	2540115	17
Lynn Fells Pkwy	2540115	17
Vinton St	2540115	17
Franklin St	2540115	16
Acushnet Ave	2545000	158
County St	2545000	68
Rockdale Ave	2545000	63
Ashley Blvd	2545000	55
Purchase St	2545000	49
Mount Pleasant St	2545000	48
Belleville Ave	2545000	41
Brock Ave	2545000	40
Kempton St	2545000	38
Allen St	2545000	33
Commonwealth Ave	2545560	101
Washington St	2545560	89
Beacon St	2545560	62
Walnut St	2545560	60
Centre St	2545560	52
Chestnut St	2545560	47
Watertown St	2545560	36
Boylston St	2545560	34
Dedham St	2545560	31
Parker St	2545560	26
Prospect St	2546330	30
Bridge Rd	2546330	25
Elm St	2546330	24
Bridge St	2546330	22
South St	2546330	22
Burts Pit Rd	2546330	21
Main St	2546330	20
Florence Rd	2546330	19
Ryan Rd	2546330	19
Westhampton Rd	2546330	19
Mount Hope St	2546598	42
S Washington St	2546598	33
Kelley Blvd	2546598	31
High St	2546598	20
E Washington St	2546598	18
Broadway	2546598	17
N Washington St	2546598	17
Towne St	2546598	17
Paine Rd	2546598	15
Arnold Rd	2546598	14
Lowell St	2552490	65
Lynn St	2552490	30
Lynnfield St	2552490	29
Washington St	2552490	26
Winona St	2552490	23
Margin St	2552490	20
Russell St	2552490	19
Tremont St	2552490	16
Bartholomew St	2552490	15
Central St	2552490	15
North St	2553960	59
W Housatonic St	2553960	52
Dalton Ave	2553960	46
West St	2553960	41
East St	2553960	40
Elm St	2553960	39
South St	2553960	37
Holmes Rd	2553960	32
Pecks Rd	2553960	29
Merrill Rd	2553960	27
Hancock St	2555745	59
Sea St	2555745	57
Quincy Shore Dr	2555745	55
Furnace Brook Pkwy	2555745	47
Washington St	2555745	40
Southern Artery	2555745	32
Willard St	2555745	31
E Squantum St	2555745	30
Beale St	2555745	25
Billings Rd	2555745	25
N Main St	2556000	59
High St	2556000	38
North St	2556000	38
Canton St	2556000	29
S Main St	2556000	24
Oak St	2556000	19
Grove St	2556000	18
Highland Ave	2556000	18
Center St	2556000	16
Mill St	2556000	16
N Shore Rd	2556585	54
Washington Ave	2556585	40
Broadway	2556585	38
Revere St	2556585	33
Malden St	2556585	30
Revere Beach Pkwy	2556585	29
Beach St	2556585	27
Mountain Ave	2556585	24
Squire Rd	2556585	22
Park Ave	2556585	20
Essex St	2559105	36
Highland Ave	2559105	32
Bridge St	2559105	31
Loring Ave	2559105	27
North St	2559105	27
Lafayette St	2559105	26
Jefferson Ave	2559105	21
Derby St	2559105	19
Canal St	2559105	17
Boston St	2559105	14
Broadway	2562535	116
Somerville Ave	2562535	39
Highland Ave	2562535	33
Washington St	2562535	33
Beacon St	2562535	29
Summer St	2562535	29
Central St	2562535	23
Medford St	2562535	23
Elm St	2562535	21
Mystic Ave	2562535	21
Main St	2567000	102
Parker St	2567000	92
Wilbraham Rd	2567000	82
Carew St	2567000	68
Sumner Ave	2567000	67
Allen St	2567000	65
Boston Rd	2567000	64
State St	2567000	60
Page Blvd	2567000	55
Roosevelt Ave	2567000	52
Bay St	2569170	55
Tremont St	2569170	50
Winthrop St	2569170	50
Somerset Ave	2569170	42
Middleboro Ave	2569170	34
Washington St	2569170	32
Cohannet St	2569170	29
Williams St	2569170	28
Broadway St	2569170	26
County St	2569170	23
Trapelo Rd	2572600	65
Main St	2572600	58
Lexington St	2572600	37
Moody St	2572600	26
South St	2572600	26
Lincoln St	2572600	24
Newton St	2572600	23
Beaver St	2572600	22
Winter St	2572600	22
Lincoln Rd	2572600	20
Granville Rd	2576030	49
Western Ave	2576030	45
E Mountain Rd	2576030	37
College Hwy	2576030	36
Southampton Rd	2576030	35
Russell Rd	2576030	32
Feeding Hills Rd	2576030	22
Shaker Rd	2576030	22
Southwick Rd	2576030	20
North Rd	2576030	18
Westfield St	2577890	55
Riverdale St	2577890	53
Memorial Ave	2577890	31
Piper Rd	2577890	30
Amostown Rd	2577890	24
Elm St	2577890	24
Main St	2577890	23
Dewey St	2577890	22
Kings Hwy	2577890	22
Morgan Rd	2577890	22
Commercial St	2578972	58
Main St	2578972	52
Pleasant St	2578972	49
Washington St	2578972	42
Middle St	2578972	41
Broad St	2578972	39
Front St	2578972	34
Bridge St	2578972	31
Pond St	2578972	29
Summer St	2578972	23
Main St	2581035	77
Lexington St	2581035	28
Montvale Ave	2581035	28
Cambridge St	2581035	27
Salem St	2581035	26
Russell St	2581035	25
Mishawum Rd	2581035	24
Washington St	2581035	24
Bedford Rd	2581035	18
Green St	2581035	17
Main St	2582000	134
Grafton St	2582000	101
Pleasant St	2582000	81
W Boylston St	2582000	65
Burncoat St	2582000	55
Plantation St	2582000	53
Prospect St	2582000	45
Mill St	2582000	44
Park Ave	2582000	41
Chandler St	2582000	40
Allen Rd	2601380	60
Quandt Ave	2601380	31
Wick Rd	2601380	30
Moore Ave	2601380	26
Pelham Rd	2601380	24
Park Ave	2601380	22
Philomene Blvd	2601380	22
Pinecrest Dr	2601380	22
Fox Ave	2601380	21
Rosedale Blvd	2601380	21
Packard St	2603000	96
Scio Church Rd	2603000	57
S State St	2603000	56
Plymouth Rd	2603000	51
N Dixboro Rd	2603000	49
Pontiac Trl	2603000	46
W Ellsworth Rd	2603000	43
Geddes Ave	2603000	42
Earhart Rd	2603000	41
W Waters Rd	2603000	40
N Squirrel Rd	2604105	48
N Opdyke Rd	2604105	23
E Walton Blvd	2604105	20
Joslyn Rd	2604105	20
Auburn Rd	2604105	18
Lake Village Blvd	2604105	17
Maybee Rd	2604105	17
S Baldwin Rd	2604105	17
University Dr	2604105	17
South Blvd	2604105	15
Capital Ave NE	2605920	77
Capital Ave SW	2605920	75
Michigan Ave W	2605920	73
North Ave	2605920	51
B Dr N	2605920	42
Bedford Rd N	2605920	40
East Ave N	2605920	36
E Columbia Ave	2605920	33
Goguac St W	2605920	33
Riverside Dr	2605920	33
Wheeler Rd	2606020	48
2 Mile Rd	2606020	42
Wilder Rd	2606020	42
N Euclid Ave	2606020	39
22nd St	2606020	32
3 Mile Rd	2606020	30
E Hotchkiss Rd	2606020	28
E North Union Rd	2606020	28
Garfield Ave	2606020	28
E Salzburg Rd	2606020	27
E Bristol Rd	2612060	42
E Atherton Rd	2612060	34
S Belsay Rd	2612060	31
Lapeer Rd	2612060	30
S Saginaw St	2612060	29
Lippincott Blvd	2612060	28
Davison Rd	2612060	26
Morrison St	2612060	26
S Center Rd	2612060	25
E Hemphill Rd	2612060	24
W Outer Dr	2621000	97
Ford Rd	2621000	92
Michigan Ave	2621000	87
Carlysle St	2621000	52
Cherry Hill St	2621000	49
Greenfield Rd	2621000	49
W Warren Ave	2621000	42
Diversey Ave	2621000	41
Tireman Ave	2621000	39
Dartmouth St	2621000	37
Van Born Rd	2621020	72
Ann Arbor Trl	2621020	57
Annapolis St	2621020	57
Powers Ave	2621020	57
Ford Rd	2621020	49
Colgate St	2621020	48
Hanover St	2621020	47
Joy Rd	2621020	45
Lehigh St	2621020	43
W Warren St	2621020	42
W Grand River Ave	2622000	300
E 8 Mile Rd	2622000	290
W Outer Dr	2622000	234
W 7 Mile Rd	2622000	206
Joy Rd	2622000	200
W McNichols Rd	2622000	189
Puritan St	2622000	186
Woodward Ave	2622000	172
E Warren Ave	2622000	168
Gratiot Ave	2622000	160
N Hagadorn Rd	2624120	35
Burcham Dr	2624120	33
E Grand River Ave	2624120	29
E Lake Lansing Rd	2624120	29
Abbot Rd	2624120	26
S Harrison Rd	2624120	23
Park Lake Rd	2624120	22
W Grand River Ave	2624120	21
N Harrison Rd	2624120	20
Linden St	2624120	19
Kelly Rd	2624290	66
E 9 Mile Rd	2624290	53
S Gratiot Ave	2624290	49
Stephens Dr	2624290	45
E 10 Mile Rd	2624290	40
Toepfer Dr	2624290	32
E 8 Mile Rd	2624290	30
Forest Ave	2624290	27
Oak Ave	2624290	26
Semrau Ave	2624290	26
W 14 Mile Rd	2627440	112
8 Mile Rd	2627440	92
Farmington Rd	2627440	92
Grand River Ave	2627440	86
Drake Rd	2627440	80
Orchard Lake Rd	2627440	79
Middlebelt Rd	2627440	71
W 13 Mile Rd	2627440	64
W 12 Mile Rd	2627440	62
Shiawassee Rd	2627440	48
N Saginaw Rd	2629000	75
Dupont St	2629000	74
Fenton Rd	2629000	74
Detroit St	2629000	70
S Saginaw St	2629000	70
W Court St	2629000	65
S Grand Traverse St	2629000	54
Corunna Rd	2629000	53
W Pasadena Ave	2629000	48
Miller Rd	2629000	46
Cherry Hill Rd	2631420	36
Warren Rd	2631420	31
Harrison Rd	2631420	30
Moeller Ave	2631420	30
Marquette St	2631420	29
N Venoy Rd	2631420	28
Bock St	2631420	27
Craig Ave	2631420	27
Ford Rd	2631420	27
Hubbard St	2631420	26
Fulton St E	2634000	73
Leonard St NW	2634000	71
Eastern Ave SE	2634000	66
Hall St SE	2634000	64
Division Ave S	2634000	62
Lake Dr SE	2634000	62
Fuller Ave NE	2634000	60
Plainfield Ave NE	2634000	57
Wealthy St SE	2634000	51
Burton St SE	2634000	47
S Shore Dr	2638640	49
W 32nd St	2638640	47
E 8th St	2638640	39
Central Ave	2638640	31
Columbia Ave	2638640	30
Lincoln Ave	2638640	23
Van Raalte Ave	2638640	23
E 16th St	2638640	22
E 24th St	2638640	22
Pine Ave	2638640	22
Francis St	2641420	52
W Morrell St	2641420	41
Lansing Ave	2641420	40
4th St	2641420	39
Page Ave	2641420	34
Wildwood Ave	2641420	31
W North St	2641420	30
Cooper St	2641420	26
Horton Rd	2641420	26
S West Ave	2641420	26
W Main St	2642160	86
Portage St	2642160	61
S Westnedge Ave	2642160	56
W Michigan Ave	2642160	51
S Burdick St	2642160	46
S Rose St	2642160	46
Douglas Ave	2642160	43
N Westnedge Ave	2642160	42
S Park St	2642160	42
Oakland Dr	2642160	40
Eastern Ave SE	2642820	73
Kalamazoo Ave SE	2642820	72
44th St SE	2642820	52
52nd St SE	2642820	44
28th St SE	2642820	41
60th St SE	2642820	38
Broadmoor Ave SE	2642820	37
Breton Rd SE	2642820	34
32nd St SE	2642820	26
E Paris Ave SE	2642820	26
S Pennsylvania Ave	2646000	61
S Washington Ave	2646000	54
Aurelius Rd	2646000	53
S Waverly Rd	2646000	42
N Logan St	2646000	37
E Kalamazoo St	2646000	35
E Mount Hope Ave	2646000	35
Pleasant Grove Rd	2646000	35
Moores River Dr	2646000	34
Logan St S	2646000	33
Fort St	2647800	72
Dix Hwy	2647800	56
Lafayette Blvd	2647800	49
Fort Park Blvd	2647800	43
Porter Ave	2647800	42
Ferris Ave	2647800	39
Electric Ave	2647800	36
Wilson Ave	2647800	31
Abbott Ave	2647800	29
Howard St	2647800	27
8 Mile Rd	2649000	106
5 Mile Rd	2649000	91
Schoolcraft Rd	2649000	86
6 Mile Rd	2649000	69
Joy Rd	2649000	68
Middlebelt Rd	2649000	64
7 Mile Rd	2649000	63
Farmington Rd	2649000	63
Plymouth Rd	2649000	63
Merriman Rd	2649000	62
Dequindre Rd	2650560	52
John R Rd	2650560	39
Alger St	2650560	21
N Campbell Rd	2650560	21
Tawas St	2650560	20
Dartmouth St	2650560	18
Barrington St	2650560	17
Concord Dr	2650560	17
E 11 Mile Rd	2650560	17
Stephenson Hwy	2650560	17
N Saginaw Rd	2653780	47
N Jefferson Rd	2653780	42
N Eastman Rd	2653780	39
Eastman Ave	2653780	37
Jefferson Ave	2653780	37
S Saginaw Rd	2653780	37
Washington St	2653780	33
N Waldo Rd	2653780	32
S Poseyville Rd	2653780	32
E Ashman St	2653780	31
Apple Ave	2656320	57
Evanston Ave	2656320	56
E Laketon Ave	2656320	49
Marquette Ave	2656320	44
Hall Rd	2656320	43
S Getty St	2656320	38
McLaughlin Ave	2656320	34
Roberts St	2656320	31
Creston St	2656320	30
Wood St	2656320	30
Henry St	2659140	57
E Broadway Ave	2659140	52
W Norton Ave	2659140	43
Peck St	2659140	40
Lakeshore Dr	2659140	39
E Summit Ave	2659140	38
W Sherman Blvd	2659140	37
S Sheridan Rd	2659140	34
Seminole Rd	2659140	34
W Laketon Ave	2659140	34
8 Mile Rd	2659440	98
9 Mile Rd	2659440	96
Novi Rd	2659440	56
Meadowbrook Rd	2659440	46
7 Mile Rd	2659440	42
Taft Rd	2659440	42
W 10 Mile Rd	2659440	39
W 12 Mile Rd	2659440	37
Napier Rd	2659440	35
Grand River Ave	2659440	32
W 9 Mile Rd	2659920	42
Coolidge Hwy	2659920	41
Northfield Blvd	2659920	38
W 10 Mile Rd	2659920	38
Kenwood St	2659920	35
Oak Park Blvd	2659920	33
Greenfield Rd	2659920	27
Kipling St	2659920	26
Gardner St	2659920	22
Dartmouth St	2659920	21
Franklin Rd	2665440	62
Baldwin Ave	2665440	46
University Dr	2665440	37
W Square Lake Rd	2665440	36
Cesar E Chavez Ave	2665440	34
Auburn Ave	2665440	33
Joslyn Ave	2665440	30
Orchard Lake Rd	2665440	30
S Telegraph Rd	2665440	30
W Huron St	2665440	28
S Westnedge Ave	2665560	63
Portage Rd	2665560	56
Oakland Dr	2665560	45
W Milham Ave	2665560	39
S 12th St	2665560	36
Sprinkle Rd	2665560	33
E Milham Ave	2665560	29
Romence Rd	2665560	29
W Centre Ave	2665560	29
Lovers Ln	2665560	27
24th St	2665820	35
10th Ave	2665820	33
Stone St	2665820	33
16th St	2665820	32
13th St	2665820	31
10th St	2665820	29
Gratiot Ave	2665820	27
W Water St	2665820	27
11th St	2665820	25
12th St	2665820	25
S Livernois Rd	2669035	45
Walton Blvd	2669035	43
W Tienken Rd	2669035	41
W Hamlin Rd	2669035	39
W South Blvd	2669035	38
Crooks Rd	2669035	37
Dequindre Rd	2669035	37
Auburn Rd	2669035	35
Hampton Cir	2669035	33
S Rochester Rd	2669035	31
S Gratiot Ave	2669800	88
E 11 Mile Rd	2669800	50
E 12 Mile Rd	2669800	50
Frazho Rd	2669800	49
Martin Rd	2669800	44
E 13 Mile Rd	2669800	36
Utica Rd	2669800	30
Common Rd	2669800	28
Kelly Rd	2669800	27
E 10 Mile Rd	2669800	24
Woodward Ave	2670040	70
N Main St	2670040	53
Rochester Rd	2670040	43
Normandy Rd	2670040	40
E 4th St	2670040	39
W Webster Rd	2670040	37
N Campbell Rd	2670040	36
W 13 Mile Rd	2670040	36
E Lincoln Ave	2670040	34
Crooks Rd	2670040	33
E Holland Ave	2670520	71
Hess Ave	2670520	47
Janes Ave	2670520	46
Webber St	2670520	45
Mackinaw Rd	2670520	42
Weiss St	2670520	41
E Genesee Ave	2670520	40
S Washington Ave	2670520	40
Brockway Rd	2670520	38
Congress Ave	2670520	38
Jefferson Ave	2670760	191
Harper Ave	2670760	146
Greater Mack Ave	2670760	104
Little Mack Ave	2670760	66
15 Mile Rd	2670760	63
Metropolitan Pkwy	2670760	58
Union Lake Rd	2670760	57
S Gratiot Ave	2670760	48
S River Rd	2670760	47
E 11 Mile Rd	2670760	34
W 12 Mile Rd	2674900	77
Evergreen Rd	2674900	73
Southfield Rd	2674900	69
W 10 Mile Rd	2674900	63
Northwestern Hwy	2674900	59
W 9 Mile Rd	2674900	58
W 11 Mile Rd	2674900	54
Greenfield Rd	2674900	49
Lahser Rd	2674900	48
W 8 Mile Rd	2674900	39
Fort St	2674960	48
Dix Toledo Rd	2674960	40
Barberry Ave	2674960	36
Eureka Rd	2674960	35
Howard St	2674960	35
Allen Rd	2674960	31
Northline Rd	2674960	30
Burns Ave	2674960	29
Leroy St	2674960	27
Pennsylvania Rd	2674960	27
Metropolitan Pkwy	2676460	174
Mound Rd	2676460	145
Schoenherr Rd	2676460	111
Dequindre Rd	2676460	88
Ryan Rd	2676460	69
15 Mile Rd	2676460	66
E Fourteen Mile Rd	2676460	65
17 Mile Rd	2676460	61
19 Mile Rd	2676460	57
Van Dyke Ave	2676460	53
Van Born Rd	2679000	72
Telegraph Rd	2679000	66
Ecorse Rd	2679000	59
Eureka Rd	2679000	56
Pardee Rd	2679000	53
S Beech Daly St	2679000	52
Wick Rd	2679000	46
Goddard Rd	2679000	45
Champaign St	2679000	40
Pine St	2679000	38
Dequindre Rd	2680700	76
Rochester Rd	2680700	73
John R Rd	2680700	68
Livernois Rd	2680700	68
Coolidge Hwy	2680700	63
Beach Rd	2680700	45
N Adams Rd	2680700	41
E Big Beaver Rd	2680700	36
W Wattles Rd	2680700	35
E Long Lake Rd	2680700	34
Lake Michigan Dr NW	2682960	59
Leonard St NW	2682960	43
3 Mile Rd NW	2682960	33
Kenowa Ave SW	2682960	30
Butterworth St SW	2682960	26
Kinney Ave NW	2682960	25
8th Ave NW	2682960	23
Peach Ridge Ave NW	2682960	23
Walker Ave NW	2682960	23
O Brien St SW	2682960	21
Dequindre Rd	2684000	126
E 11 Mile Rd	2684000	117
Schoenherr Rd	2684000	102
Mound Rd	2684000	96
Ryan Rd	2684000	81
Van Dyke Ave	2684000	79
E 8 Mile Rd	2684000	78
Hoover Rd	2684000	77
Common Rd	2684000	67
Martin Rd	2684000	67
Cherry Hill Rd	2686000	78
Joy Rd	2686000	64
Warren Rd	2686000	64
Palmer Rd	2686000	59
Grand Traverse St	2686000	54
Ann Arbor Trl	2686000	48
Glenwood Rd	2686000	44
Ford Rd	2686000	39
N Wildwood St	2686000	37
N Wayne Rd	2686000	33
Division Ave S	2688940	116
Clyde Park Ave SW	2688940	65
Burlingame Ave SW	2688940	56
Byron Center Ave SW	2688940	48
28th St SW	2688940	47
44th St SW	2688940	46
Madison Ave SE	2688940	46
36th St SW	2688940	43
Buchanan Ave SW	2688940	38
Porter St SW	2688940	36
157th St W	2701900	38
132nd St W	2701900	28
140th St W	2701900	27
144th St W	2701900	26
Galaxie Ave W	2701900	26
Embry Path	2701900	25
Pennock Ave	2701900	25
Pilot Knob Rd	2701900	25
147th St W	2701900	24
Johnny Cake Ridge Rd	2701900	24
540th Ave	2702908	63
570th Ave	2702908	57
220th St	2702908	37
270th St	2702908	31
Broadway	2702908	31
16th Ave SW	2702908	30
560th Ave	2702908	29
12th St SW	2702908	27
2nd Ave NW	2702908	27
Oakland Ave W	2702908	27
109th Ave NE	2706382	52
Baltimore St NE	2706382	51
Jefferson St NE	2706382	50
Naples St NE	2706382	45
Polk St NE	2706382	41
Central Ave NE	2706382	40
Radisson Rd NE	2706382	39
University Ave NE	2706382	34
Xylite St NE	2706382	32
Pierce St NE	2706382	31
W Old Shakopee Rd	2706616	63
W 84th St	2706616	57
W 82nd St	2706616	52
W 102nd St	2706616	49
W 110th St	2706616	48
E Old Shakopee Rd	2706616	46
W 106th St	2706616	42
W 90th St	2706616	40
W 86th St	2706616	39
Penn Ave S	2706616	36
69th Ave	2707948	47
Brooklyn Blvd	2707948	42
52nd Ave N	2707948	36
49th Ave N	2707948	35
53rd Ave N	2707948	35
65th Ave N	2707948	33
50th Ave N	2707948	32
51st Ave N	2707948	30
63rd Ave N	2707948	30
Xerxes Ave N	2707948	30
85th Ave N	2707966	60
Winnetka Ave N	2707966	48
Boone Ave N	2707966	47
W Broadway Ave	2707966	47
Bass Lake Rd	2707966	44
W River Rd	2707966	43
81st Ave N	2707966	38
Hampshire Ave N	2707966	37
Kentucky Ave N	2707966	37
73rd Ave N	2707966	36
W Burnsville Pkwy	2708794	41
Judicial Rd	2708794	33
River Hills Dr	2708794	27
Nicollet Ave	2708794	26
Egan Dr	2708794	25
Portland Ave S	2708794	23
136th St W	2708794	19
E Burnsville Pkwy	2708794	18
E 130th St	2708794	17
E 134th St	2708794	16
Powers Blvd	2710918	32
Chanhassen Rd	2710918	29
Audubon Rd	2710918	21
Lake Dr	2710918	21
Great Plains Blvd	2710918	19
W 78th St	2710918	17
Lyman Blvd	2710918	16
Galpin Lake Rd	2710918	15
Lake Lucy Rd	2710918	14
Arboretum Blvd	2710918	13
Creek Rd	2710972	40
Dahlgren Rd	2710972	27
Stoughton Ave	2710972	25
Chaska Blvd	2710972	24
Hundertmark Rd	2710972	23
N Chestnut St	2710972	22
Arboretum Blvd	2710972	16
Laketown Rd	2710972	16
Schoolmaster Dr	2710972	16
Victoria Dr	2710972	16
Coon Rapids Blvd NW	2713114	61
Foley Blvd	2713114	59
Northdale Blvd NW	2713114	57
121st Ave NW	2713114	53
Hanson Blvd NW	2713114	49
Mississippi Blvd NW	2713114	49
Crooked Lake Blvd NW	2713114	40
115th Ave NW	2713114	39
119th Ave NW	2713114	32
113th Ave NW	2713114	31
70th St S	2713456	43
80th St S	2713456	39
E Point Douglas Rd	2713456	38
Ideal Ave S	2713456	35
Hillside Trl S	2713456	33
90th St S	2713456	24
85th St S	2713456	22
Indian Blvd S	2713456	20
Lamar Ave S	2713456	20
Homestead Ave S	2713456	19
E Superior St	2717000	77
Grand Ave	2717000	71
London Rd	2717000	51
W Superior St	2717000	45
W 2nd St	2717000	40
W 5th St	2717000	40
W Michigan St	2717000	40
Minnesota Ave	2717000	39
W 3rd St	2717000	39
W 4th St	2717000	39
Pilot Knob Rd	2717288	59
Dodd Rd	2717288	45
Yankee Doodle Rd	2717288	36
Diffley Rd	2717288	34
Lexington Ave S	2717288	30
Blackhawk Rd	2717288	28
Cliff Rd	2717288	28
Lone Oak Rd	2717288	28
Denmark Ave	2717288	25
Covington Ln	2717288	22
Valley View Rd	2718116	62
Eden Prairie Rd	2718116	61
Pioneer Trl	2718116	52
Dell Rd	2718116	43
Flying Cloud Dr	2718116	40
Homeward Hills Rd	2718116	40
Anderson Lakes Pkwy	2718116	38
Townline Rd	2718116	38
W 78th St	2718116	31
Franlo Rd	2718116	30
Valley View Rd	2718188	50
Vernon Ave S	2718188	32
Gleason Rd	2718188	31
W 66th St	2718188	31
Interlachen Blvd	2718188	29
Wooddale Ave	2718188	26
France Ave S	2718188	25
W 70th St	2718188	25
W 78th St	2718188	25
York Ave S	2718188	25
Jarvis St NW	2718674	59
Norris Lake Rd NW	2718674	38
Meadowvale Rd NW	2718674	36
Baugh St NW	2718674	28
Elk Lake Rd NW	2718674	24
205th Ave NW	2718674	23
Main St NW	2718674	22
201st Ave NW	2718674	21
Jackson Ave NW	2718674	21
Tyler St NW	2718674	20
4th St NW	2720546	36
Bagley Ave	2720546	36
2nd Ave NW	2720546	34
Acorn Trl	2720546	29
Canby Ave	2720546	28
Cedar Lake Blvd	2720546	27
Kenyon Blvd	2720546	24
Roberds Lake Blvd	2720546	24
Albers Ave	2720546	23
Cannon City Blvd	2720546	23
Embers Ave	2720618	31
170th St W	2720618	22
Cedar Ave	2720618	22
Chippendale Ave W	2720618	22
Flagstaff Ave	2720618	22
Pilot Knob Rd	2720618	21
225th St W	2720618	20
Everest Path	2720618	20
Spruce St	2720618	20
212th St W	2720618	19
E River Rd	2722814	66
Central Ave NE	2722814	44
81st Ave NE	2722814	37
Monroe St NE	2722814	31
Osborne Rd NE	2722814	31
University Ave NE	2722814	27
5th St NE	2722814	26
Able St NE	2722814	25
Mississippi St NE	2722814	25
7th St NE	2722814	22
70th St E	2731076	45
Blaine Ave E	2731076	45
Concord Blvd E	2731076	33
65th St E	2731076	30
S Robert Trl	2731076	29
Babcock Trl	2731076	25
Cahill Ave E	2731076	25
Dawn Ave E	2731076	23
Barnes Ave E	2731076	22
80th St E	2731076	20
Dodd Blvd	2735180	44
Judicial Rd	2735180	33
Kenwood Trl	2735180	32
210th St W	2735180	30
Ipava Ave	2735180	30
Kenrick Ave	2735180	30
205th St W	2735180	29
Highview Ave	2735180	29
173rd St W	2735180	25
162nd St W	2735180	22
3rd Ave	2739878	42
E Main St	2739878	40
589th Ave	2739878	32
Adams St	2739878	27
594th Ave	2739878	24
N Riverfront Dr	2739878	23
Warren St	2739878	23
Madison Ave	2739878	22
N 4th St	2739878	21
Monks Ave	2739878	20
93rd Ave N	2740166	53
Brockton Ln N	2740166	39
89th Ave N	2740166	37
Weaver Lake Rd	2740166	37
95th Ave N	2740166	35
96th Ave N	2740166	35
Bass Lake Rd	2740166	34
91st Ave N	2740166	31
E Fish Lake Rd	2740166	31
Garland Ln N	2740166	26
McKnight Rd N	2740382	39
N Hazel St	2740382	37
Larpenteur Ave E	2740382	35
McKnight Rd S	2740382	31
Co Rd D E	2740382	30
Century Ave S	2740382	28
Geneva Ave N	2740382	28
N McKnight Rd	2740382	28
Hazelwood St	2740382	25
Ruth St N	2740382	25
E Minnehaha Pkwy	2743000	72
E Lake St	2743000	69
Portland Ave S	2743000	66
Cedar Ave S	2743000	62
E 38th St	2743000	62
2nd Ave S	2743000	60
E 42nd St	2743000	60
Chicago Ave S	2743000	59
E 32nd St	2743000	58
E 39th St	2743000	58
Excelsior Blvd	2743252	81
Minnetonka Blvd	2743252	52
Lake St Exd	2743252	42
Shady Oak Rd	2743252	39
Plymouth Rd	2743252	38
Baker Rd	2743252	30
Williston Rd	2743252	30
Highland Rd	2743252	26
Cedar Lake Rd	2743252	23
Minnetonka Mills Rd	2743252	22
14th St S	2743864	59
3rd St S	2743864	57
12th Ave S	2743864	46
40th Ave S	2743864	41
8th St S	2743864	32
11th St N	2743864	29
11th St S	2743864	29
50th St S	2743864	28
10th St S	2743864	27
40th St S	2743864	27
Geneva Ave N	2747680	113
Granada Ave N	2747680	72
Hadley Ave N	2747680	69
Helmo Ave N	2747680	38
Gershwin Ave N	2747680	31
15th St N	2747680	25
Stillwater Blvd N	2747680	24
4th St N	2747680	19
Glenbrook Ave N	2747680	19
Gresham Ave N	2747680	19
Cedar Ave N	2749300	35
Lemond Rd	2749300	32
28th St SW	2749300	26
SW 38th St	2749300	25
Dane Rd	2749300	24
SE 24th Ave	2749300	23
7th Ave NE	2749300	22
SW 18th St	2749300	22
Cedar Ave S	2749300	21
Rose St	2749300	21
Fernbrook Ln N	2751730	47
Dunkirk Ln N	2751730	42
46th Ave N	2751730	40
26th Ave N	2751730	37
Rockford Rd	2751730	37
48th Ave N	2751730	36
Schmidt Lake Rd	2751730	36
43rd Ave N	2751730	34
51st Ave N	2751730	34
28th Ave N	2751730	33
Panama Ave	2752594	38
Texas Ave	2752594	26
Mushtown Rd	2752594	20
180th St E	2752594	18
Fairlawn Ave	2752594	18
220th St E	2752594	17
Revere Way	2752594	17
Eagle Creek Ave NE	2752594	16
Fish Point Rd SE	2752594	16
Northwood Rd NW	2752594	16
St Francis Blvd NW	2753026	88
Nowthen Blvd NW	2753026	51
Viking Blvd NW	2753026	47
Lake George Blvd NW	2753026	36
Rum River Blvd	2753026	35
Old Viking Blvd NW	2753026	33
Armstrong Blvd NW	2753026	31
Cleary Rd NW	2753026	31
4th Ave	2753026	28
5th Ave	2753026	28
W 66th St	2754214	33
W 68th St	2754214	30
W 73rd St	2754214	29
W 76th St	2754214	29
W 70th St	2754214	27
E 76th St	2754214	26
W 65th St	2754214	26
W 72nd St	2754214	26
E 66th St	2754214	25
E 68th St	2754214	25
18th Ave NW	2754880	65
N Broadway Ave	2754880	60
Marion Rd SE	2754880	56
19th St NW	2754880	49
60th Ave SW	2754880	45
S Broadway Ave	2754880	42
Country Club Rd W	2754880	41
20th St SE	2754880	39
3rd Ave SE	2754880	38
11th Ave NE	2754880	34
160th St W	2755726	32
Shannon Pkwy	2755726	27
145th St W	2755726	25
Dodd Blvd	2755726	23
Robert Trl S	2755726	22
Biscayne Ave W	2755726	21
Blaine Ave E	2755726	19
Chippendale Ave W	2755726	19
Gerdine Path W	2755726	18
Akron Ave	2755726	17
Larpenteur Ave W	2755852	51
Co Rd C2 W	2755852	42
Co Rd B W	2755852	40
Lexington Ave N	2755852	39
Roselawn Ave W	2755852	39
W Co Rd C	2755852	39
Hamline Ave N	2755852	32
W Co Rd B2	2755852	31
Fairview Ave N	2755852	26
Rice St	2755852	26
2nd St N	2756896	48
1st St N	2756896	45
3rd St N	2756896	45
8th St N	2756896	45
Cooper Ave S	2756896	37
4th St N	2756896	35
8th St S	2756896	34
11th St N	2756896	32
10th St N	2756896	31
9th St N	2756896	31
Minnetonka Blvd	2757220	61
W 28th St	2757220	60
Excelsior Blvd	2757220	56
W Lake St	2757220	41
W 29th St	2757220	38
Louisiana Ave S	2757220	34
France Ave S	2757220	33
W 16th St	2757220	33
W 26th St	2757220	32
W 31st St	2757220	32
7th St W	2758000	72
Summit Ave	2758000	70
Como Ave	2758000	66
Jackson St	2758000	57
University Ave W	2758000	57
St Clair Ave	2758000	55
Marshall Ave	2758000	50
Randolph Ave	2758000	50
Edgerton St	2758000	49
Snelling Ave	2758000	49
Vernon Ave S	2758738	25
Mc Coll Dr	2758738	24
Ottawa Ave	2758738	23
S Park Dr	2758738	23
Glenhurst Ave	2758738	22
Natchez Ave	2758738	21
126th St W	2758738	18
Boone Ave	2758738	18
Connelly Pkwy	2758738	18
Egan Dr	2758738	18
Marschall Rd	2759350	42
Marystown Rd	2759350	32
Eagle Creek Blvd	2759350	23
6th Ave W	2759350	20
10th Ave E	2759350	19
Canterbury Rd	2759350	19
Townline Ave	2759350	19
Shakopee Ave E	2759350	17
10th Ave W	2759350	16
4th Ave E	2759350	16
Ash St	2759998	56
Lexington Ave N	2759998	55
Hodgson Rd	2759998	37
Rice St	2759998	30
Victoria St	2759998	23
Tanglewood Dr	2759998	20
Bucher Ave	2759998	19
Sherwood Rd	2759998	18
85th Ave NE	2759998	16
Harriet Ave	2759998	15
Pleasant Valley Rd	2771032	40
W 5th St	2771032	40
W Broadway St	2771032	29
E 5th St	2771032	28
Gilmore Ave	2771032	27
W Wabasha St	2771032	26
E 4th St	2771032	25
Homer Rd	2771032	25
W 3rd St	2771032	25
E Sanborn St	2771032	24
Valley Creek Rd	2771428	50
Radio Dr	2771428	43
Bailey Rd	2771428	41
Manning Ave S	2771428	40
Woodlane Dr	2771428	39
Cottage Grove Dr	2771428	35
Hudson Rd	2771428	34
Military Rd	2771428	33
Dale Rd	2771428	30
Lake Rd	2771428	30
Beach Blvd	2806220	111
Pass Rd	2806220	47
Division St	2806220	43
Popps Ferry Rd	2806220	37
Howard Ave	2806220	33
Lamey Bridge Rd	2806220	33
Lorraine Rd	2806220	32
Bayview Ave	2806220	27
Esters Blvd	2806220	21
Shriners Blvd	2806220	21
Louis Wilson Dr	2808300	83
Trickhambridge Rd	2808300	39
Shiloh Rd	2808300	31
Whitfield Rd	2808300	31
Luckney Rd	2808300	24
Lynell Dr	2808300	23
Andrew Chapel Rd	2808300	21
W Sunset Dr	2808300	21
Woodgate Dr	2808300	20
Shell Oil Rd	2808300	19
Clinton-Tinnin Rd	2814420	41
W Northside Dr	2814420	39
Bolton Brownsville Rd	2814420	33
N Frontage Rd	2814420	31
Jimmy Williams Rd	2814420	25
Coxs Ferry Rd	2814420	24
Johnson Line Rd	2814420	24
S Norrell Rd	2814420	23
Williamson Rd	2814420	23
Springridge Rd	2814420	22
Martin Luther King Jr Blvd	2829180	61
E Alexander St	2829180	44
Old Leland Rd	2829180	44
E Reed Rd	2829180	38
S Main St	2829180	34
N Broadway St	2829180	29
S Broadway St	2829180	26
Wilcox Rd	2829180	25
E Moore St	2829180	24
S Delesseps St	2829180	23
10th St	2829700	114
28th St	2829700	69
25th Ave	2829700	61
Three Rivers Rd	2829700	53
Oneal Rd	2829700	43
Canal Rd	2829700	42
Pass Rd	2829700	42
W Railroad St	2829700	42
Robinson Rd	2829700	40
W Beach Blvd	2829700	40
Hardy St	2831020	54
W 7th St	2831020	47
Elks Lake Rd	2831020	43
Eatonville Rd	2831020	41
W 4th St	2831020	36
Monroe Rd	2831020	32
J B Horne Rd	2831020	31
River Rd	2831020	31
Browns Bridge Rd	2831020	30
Edwards St	2831020	30
Goodman Rd W	2833700	42
Horn Lake Rd	2833700	23
Church Rd	2833700	17
Tulane Rd	2833700	17
Hurt Rd	2833700	16
Dunbarton Dr	2833700	15
Nail Rd W	2833700	15
Nail Rd	2833700	14
Meadowbrook Dr	2833700	12
Shadow Oaks Pkwy	2833700	12
N State St	2836000	93
Old Canton Rd	2836000	79
W County Line Rd	2836000	78
Terry Rd	2836000	72
Raymond Rd	2836000	71
W Capitol St	2836000	63
N West St	2836000	62
Robinson St	2836000	58
Medgar Evers Blvd	2836000	53
Martin Luther King Jr Dr	2836000	52
Mannsdale Rd	2844520	41
Hoy Rd	2844520	20
Gluckstadt Rd	2844520	19
Northbay Dr	2844520	19
Old Jackson Rd	2844520	18
Stribling Rd	2844520	18
Lake Village Dr	2844520	17
Saint Augustine Dr	2844520	16
Bozeman Rd	2844520	14
Coker Rd	2844520	14
Causeyville Rd	2846640	74
Poplar Springs Dr	2846640	59
5th St	2846640	56
N Hills St	2846640	50
Pine Springs Rd	2846640	49
Valley Rd	2846640	49
20th St	2846640	47
Zero Rd	2846640	43
14th St	2846640	42
23rd Ave	2846640	40
Goodman Rd	2854040	71
State Line Rd	2854040	61
College Rd	2854040	33
Pleasant Hill Rd	2854040	32
Craft Rd	2854040	31
Hacks Cross Rd	2854040	29
Center Hill Rd	2854040	28
Alexander Rd	2854040	21
Malone Rd	2854040	20
Pigeon Roost Rd	2854040	19
University Ave	2854840	38
S Lamar Blvd	2854840	35
Old Taylor Rd	2854840	28
Jackson Ave W	2854840	27
College Hill Rd	2854840	26
Molly Barr Rd	2854840	24
N Lamar Blvd	2854840	22
Old Sardis Rd	2854840	21
E Jackson Ave	2854840	18
Anderson Rd	2854840	16
Old Brandon Rd	2855760	65
Old Whitfield Rd	2855760	31
Monterey Rd	2855760	20
S Pearson Rd	2855760	18
Pemberton Dr	2855760	17
N Bierdeman Rd	2855760	16
Harle St	2855760	14
Clubhouse Dr	2855760	13
El Dorado Rd	2855760	13
Mary Ann Dr	2855760	12
Getwell Rd	2869280	39
Airways Blvd	2869280	35
Swinnea Rd	2869280	35
Tchulahoma Rd	2869280	34
Greencliff Dr	2869280	26
Stateline Rd W	2869280	26
Greenbrook Pkwy	2869280	23
Goodman Rd E	2869280	20
College Rd	2869280	18
Southaven Cir W	2869280	18
S Montgomery St	2870240	64
Old W Point Rd	2870240	59
Rockhill Rd	2870240	52
N Jackson St	2870240	48
Oktoc Rd	2870240	47
Blackjack Rd	2870240	39
New Light Rd	2870240	34
Self Creek Rd	2870240	30
Turkey Creek Rd	2870240	30
Williams Rd	2870240	29
W Main St	2874840	76
Cliff Gookin Blvd	2874840	34
McCullough Blvd	2874840	32
Lawndale Dr	2874840	31
Chesterville Rd	2874840	29
N Green St	2874840	28
State Park Rd	2874840	28
W Jackson St	2874840	28
E Main St	2874840	27
Mount Vernon Rd	2874840	27
Manchester Rd	2903160	74
Clayton Rd	2903160	63
Kiefer Creek Rd	2903160	55
New Ballwin Rd	2903160	32
Sulphur Spring Rd	2903160	32
Ries Rd	2903160	31
Henry Ave	2903160	27
Kehrs Mill Rd	2903160	26
Saint Paul Rd	2903160	23
Claymont Dr	2903160	22
E 155th St	2904384	38
S Holmes Rd	2904384	37
Westover Rd	2904384	29
S Cedar St	2904384	28
S Mullen Rd	2904384	28
S Cleveland Ave	2904384	25
S Scott Ave	2904384	24
State Line Rd	2904384	24
E 171st St	2904384	22
E 163rd St	2904384	18
NW Duncan Rd	2906652	38
SW Walnut St	2906652	34
NW Valley View Rd	2906652	30
SW 19th St	2906652	30
NW R D Mize Rd	2906652	27
SW Woods Chapel Rd	2906652	27
SW 10th St	2906652	26
E Litchfield Rd	2906652	20
NW Vesper St	2906652	20
SW Liggett Rd	2906652	20
Bloomfield Rd	2911242	61
William St	2911242	50
Big Bend Rd	2911242	46
Independence St	2911242	44
Perryville Rd	2911242	38
S Sprigg St	2911242	38
State Hwy K	2911242	38
Good Hope St	2911242	33
W Cape Rock Dr	2911242	32
Broadway St	2911242	30
Olive Blvd	2913600	51
Clayton Rd	2913600	36
Country Ridge Dr	2913600	31
S Outer 40	2913600	20
Ladue Rd	2913600	19
N Woods Mill Rd	2913600	18
Schoettler Rd	2913600	18
Conway Rd	2913600	17
White Rd	2913600	16
Clarkson Rd	2913600	15
E Saint Charles Rd	2915670	87
W Broadway	2915670	56
N Creasy Springs Rd	2915670	54
State Hwy K	2915670	51
West Blvd S	2915670	51
Interstate 70 Dr SE	2915670	50
Paris Rd	2915670	50
S Rangeline Rd	2915670	50
E Broadway	2915670	48
S Providence Rd	2915670	48
New Halls Ferry Rd	2924778	61
Parker Rd	2924778	51
Shackelford Rd	2924778	48
Charbonier Rd	2924778	39
Saint Catherine St	2924778	35
Derhake Rd	2924778	33
Patterson Rd	2924778	30
Washington St	2924778	29
Lindsay Ln	2924778	28
Dunn Rd	2924778	26
E 155th St	2928324	46
US 71 Frontage Rd E	2928324	36
High Grove Rd	2928324	27
Byars Rd	2928324	24
Bennington Ave	2928324	23
E 135th St	2928324	20
E 139th St	2928324	19
Main St	2928324	18
White Ave	2928324	18
E 133rd St	2928324	17
E Truman Rd	2935000	106
E 39th St S	2935000	79
E 35th St S	2935000	66
Blue Ridge Blvd	2935000	56
S Crysler Ave	2935000	56
E Winner Rd	2935000	47
E Independence Ave	2935000	45
S Lees Summit Rd	2935000	43
S Northern Blvd	2935000	41
S Hardy Ave	2935000	38
Tanner Bridge Rd	2937000	52
W Main St	2937000	43
State Hwy B	2937000	42
State Hwy M	2937000	40
Missouri Blvd	2937000	35
E McCarty St	2937000	32
Liberty Rd	2937000	31
State Hwy C	2937000	30
Henwick Ln	2937000	29
Rainbow Dr	2937000	29
E 20th St	2937592	67
E 32nd St	2937592	55
W 7th St	2937592	48
W 20th St	2937592	44
W 26th St	2937592	38
E 26th St	2937592	35
E 13th St	2937592	34
E 4th St	2937592	34
S Wall Ave	2937592	34
E Zora St	2937592	33
State Line Rd	2938000	216
Holmes St	2938000	186
Oak St	2938000	166
Raytown Rd	2938000	161
Wornall Rd	2938000	157
Blue Ridge Blvd	2938000	146
Main St	2938000	132
Troost Ave	2938000	130
Prospect Ave	2938000	119
Cleveland Ave	2938000	118
Big Bend Rd	2939044	52
Manchester Rd	2939044	40
N Berry Rd	2939044	32
N Woodlawn Ave	2939044	31
W Woodbine Ave	2939044	25
N Sappington Rd	2939044	24
S Geyer Rd	2939044	24
W Essex Ave	2939044	24
Dickson Ave	2939044	23
Dougherty Ferry Rd	2939044	23
NE Langsford Rd	2941348	75
NE Independence Ave	2941348	45
SW 3rd St	2941348	45
NW Chipman Rd	2941348	37
SE 3rd St	2941348	36
SW Ward Rd	2941348	34
Lakeshore Dr	2941348	33
SE 5th St	2941348	33
SW 2nd St	2941348	32
SW Raintree Dr	2941348	29
Liberty Dr	2942032	35
State Hwy A	2942032	27
W Kansas St	2942032	26
NE 112th St	2942032	25
Birmingham Rd	2942032	23
Nebo Hills Rd	2942032	23
Nashua Rd	2942032	20
Claywoods Pkwy	2942032	19
Glenn Hendren Dr	2942032	19
N Stark Rd	2942032	17
Creve Coeur Mill Rd	2946586	36
McKelvey Rd	2946586	35
Dorsett Rd	2946586	33
Fee Fee Rd	2946586	31
Bennington Pl	2946586	29
Craig Rd	2946586	25
Amiot Dr	2946586	22
Lackland Rd	2946586	21
Marine Ave	2946586	20
Ross Ave	2946586	20
N Main St	2952616	31
N Nicholas Rd	2952616	27
S Main St	2952616	24
W Tracker Rd	2952616	20
S Nicholas Rd	2952616	18
W Shelvin Rock Rd	2952616	18
Nicholas Inman Rd	2952616	17
Guin Rd	2952616	16
English Village Park	2952616	15
S Gregg Rd	2952616	15
State Hwy K	2954074	78
Feise Rd	2954074	45
Veteran's Memorial Pkwy	2954074	38
State Hwy P	2954074	36
Hwy M	2954074	34
Hwy Y	2954074	34
W Terra Ln	2954074	31
Bates Rd	2954074	30
Highway N	2954074	30
Bryan Rd	2954074	21
W Foxwood Dr	2960752	22
N Prairie Ln	2960752	20
N Ward Rd	2960752	19
E 155th St	2960752	16
E 195th St	2960752	15
E Hubach Hill Rd	2960752	15
N Madison St	2960752	15
E Gore Rd	2960752	14
S Fox Ridge Dr	2960752	14
S School Rd	2960752	14
Muegge Rd	2964082	42
Elm St	2964082	36
Jungs Station Rd	2964082	32
Zumbehl Rd	2964082	31
N 3rd St	2964082	29
W Clay St	2964082	29
Hemsath Rd	2964082	28
Hwy B	2964082	28
N 4th St	2964082	27
N 5th St	2964082	26
S 22nd St	2964550	88
Mitchell Ave	2964550	86
Easton Rd	2964550	71
Faraon St	2964550	69
King Hill Ave	2964550	61
Messanie St	2964550	61
Cook Rd	2964550	54
S 24th St	2964550	49
Olive St	2964550	48
S 11th St	2964550	48
S Broadway	2965000	140
Gravois Ave	2965000	120
N Broadway	2965000	116
Hampton Ave	2965000	113
S Grand Blvd	2965000	111
S Kingshighway Blvd	2965000	100
Arsenal St	2965000	97
N Kingshighway Blvd	2965000	95
S Compton Ave	2965000	89
Macklind Ave	2965000	87
Mexico Rd	2965126	76
Knaust Rd	2965126	36
Jungermann Rd	2965126	31
Birdie Hills Rd	2965126	30
Spencer Rd	2965126	28
Willott Rd	2965126	27
Mid Rivers Mall Dr	2965126	26
Sutters Mill Rd	2965126	22
McClay Rd	2965126	21
Timberidge Dr	2965126	21
S Campbell Ave	2970000	115
S National Ave	2970000	103
S Scenic Ave	2970000	100
S Fremont Ave	2970000	92
E Division St	2970000	88
W Division St	2970000	85
N Grant Ave	2970000	83
S Golden Ave	2970000	81
E Kearney St	2970000	78
E Sunshine St	2970000	78
N Hanley Rd	2975220	33
Olive Blvd	2975220	33
N Jackson Ave	2975220	29
Delmar Blvd	2975220	28
Kingsland Ave	2975220	26
Canton Ave	2975220	23
N And South Rd	2975220	22
Midland Blvd	2975220	21
Purdue Ave	2975220	21
Kingsbury Blvd	2975220	17
W Pearce Blvd	2978442	43
S Point Prairie Rd	2978442	39
Hwy Z	2978442	34
Mexico Rd	2978442	33
Wilmer Rd	2978442	32
E Pitman Ave	2978442	31
Hepperman Rd	2978442	31
Hopewell Rd	2978442	29
Josephville Rd	2978442	29
State Hwy P	2978442	29
Wild Horse Creek Rd	2979820	70
Manchester Rd	2979820	56
Chesterfield Airport Rd	2979820	28
Kehrs Mill Rd	2979820	27
Old State Rd	2979820	27
Allenton Rd	2979820	26
Eatherton Rd	2979820	25
Babler Park Dr	2979820	22
Old Eatherton Rd	2979820	22
Wilson Ave	2979820	22
Rimrock Rd	3006550	105
Grand Ave	3006550	84
Poly Dr	3006550	72
King Ave W	3006550	68
Central Ave	3006550	67
Lake Elmo Dr	3006550	50
Main St	3006550	48
Bench Blvd	3006550	47
Colton Blvd	3006550	45
Monad Rd	3006550	45
Bridger Canyon Rd	3008950	86
S 3rd Ave	3008950	43
Jackson Creek Rd	3008950	40
N 7th Ave	3008950	38
Sourdough Rd	3008950	33
W College St	3008950	33
Kelly Canyon Rd	3008950	30
Bozeman Trail Rd	3008950	29
Huffine Ln	3008950	29
Brackett Creek Rd	3008950	26
Continental Dr	3011397	61
Cobban St	3011397	37
S Montana St	3011397	35
Gladstone Ave	3011397	32
Hancock Ave	3011397	31
N Main St	3011397	31
George St	3011397	29
Marcia St	3011397	29
S Arizona St	3011397	29
S Main St	3011397	28
10th Ave S	3032800	79
3rd Ave S	3032800	65
7th Ave N	3032800	54
2nd Ave N	3032800	51
4th Ave N	3032800	49
Central Ave W	3032800	46
15th St S	3032800	44
3rd Ave N	3032800	44
7th Ave S	3032800	44
13th St S	3032800	43
Euclid Ave	3035600	38
E Broadway St	3035600	36
Rimini Rd	3035600	34
Grizzly Gulch Dr	3035600	32
Le Grande Cannon Blvd	3035600	29
Hauser Blvd	3035600	28
Knight St	3035600	27
N Montana Ave	3035600	27
Stuart St	3035600	27
Flowerree St	3035600	26
Farm To Market Rd	3040075	56
Whitefish Stage Rd	3040075	52
Ashley Lake Rd	3040075	50
Helena Flats Rd	3040075	43
Foothill Rd	3040075	42
Lower Valley Rd	3040075	38
Three Mile Dr	3040075	36
Airport Rd	3040075	35
W Reserve Dr	3040075	31
W Valley Dr	3040075	31
Mullan Rd	3050200	105
Grant Creek Rd	3050200	51
Rattlesnake Dr	3050200	51
Fas 210	3050200	48
39th St	3050200	45
Miller Creek Rd	3050200	43
S Russell St	3050200	43
Brooks St	3050200	39
S Reserve St	3050200	37
Eaton St	3050200	35
Harrison St	3103950	122
S 36th St	3103950	100
S 25th St	3103950	94
Harlan Lewis Rd	3103950	37
Lincoln Rd	3103950	34
W Chandler Rd	3103950	34
Cornhusker Rd	3103950	31
S 30th St	3103950	31
S 23rd St	3103950	30
Main St	3103950	29
33rd Ave	3110110	88
48th Ave	3110110	76
18th Ave	3110110	60
26th Ave	3110110	55
3rd Ave	3110110	52
53rd St	3110110	52
23rd Ave	3110110	49
E 29th Ave	3110110	45
25th Ave	3110110	43
29th Ave	3110110	43
N Somers Ave	3117670	43
N Clarkson St	3117670	37
E 1st St	3117670	32
N Broad St	3117670	32
E 20th St	3117670	31
E 16th St	3117670	30
N Main St	3117670	30
E 12th St	3117670	29
E 5th St	3117670	29
E 19th St	3117670	27
S Locust St	3119595	99
W Capital Ave	3119595	78
N North Rd	3119595	75
N Webb Rd	3119595	75
W Stolley Park Rd	3119595	75
W 13th St	3119595	68
W Old Potash Hwy	3119595	63
N Broadwell Ave	3119595	62
Sky Park Rd	3119595	53
S North Rd	3119595	52
N Burlington Ave	3121415	51
Tom Osborne Expy	3121415	51
W 12th St	3121415	46
W Barrows Rd	3121415	46
N Baltimore Ave	3121415	45
E 12th St	3121415	42
E J St	3121415	41
N Marian Rd	3121415	41
E South St	3121415	40
W 7th St	3121415	39
2nd Ave	3125055	100
30th Ave	3125055	73
Central Ave	3125055	69
4th Ave	3125055	66
17th Ave	3125055	61
W 56th St	3125055	61
N Ave	3125055	58
E 39th St	3125055	57
W 39th St	3125055	53
6th Ave	3125055	51
S 27th St	3128000	134
Holdrege St	3128000	118
O St	3128000	110
Vine St	3128000	108
South St	3128000	102
N 70th St	3128000	99
Adams St	3128000	94
Old Cheney Rd	3128000	94
S 56th St	3128000	94
N 56th St	3128000	92
Benjamin Ave	3134615	53
Omaha Ave	3134615	53
W Norfolk Ave	3134615	51
S 13th St	3134615	41
S 1st St	3134615	41
Prospect Ave	3134615	39
N 13th St	3134615	35
W S Airport Rd	3134615	35
N 1st St	3134615	34
835th Rd	3134615	30
Pacific St	3137000	196
Blondo St	3137000	178
Q St	3137000	170
L St	3137000	148
Fort St	3137000	146
W Center Rd	3137000	132
Burt St	3137000	122
Leavenworth St	3137000	119
Ames Ave	3137000	117
F St	3137000	114
S 72nd St	3138295	37
Schram Rd	3138295	35
Platteview Rd	3138295	33
S Washington St	3138295	30
Cornhusker Rd	3138295	28
S 48th St	3138295	21
S 84th St	3138295	21
W Lincoln St	3138295	21
N Beadle St	3138295	18
S 90th St	3138295	18
E Nye Ln	3209700	38
S Carson St	3209700	36
N Carson St	3209700	30
Silver Sage Dr	3209700	30
N Roop St	3209700	29
E 5th St	3209700	28
Airport Rd	3209700	24
S Curry St	3209700	24
Sherman Ln	3209700	23
N Mountain St	3209700	22
Farm District Rd	3224900	38
Emigrant Way	3224900	17
Jenny's Ln	3224900	16
Shadow Ln	3224900	16
Winnies Ln	3224900	16
Miller Ln	3224900	14
Jennys Ln	3224900	13
Sage St	3224900	12
Fremont St	3224900	11
Canal Dr	3224900	10
W Warm Springs Rd	3231900	54
W Horizon Ridge Pkwy	3231900	51
Wigwam Pkwy	3231900	47
Greenway Rd	3231900	37
S Green Valley Pkwy	3231900	37
E Lake Mead Pkwy	3231900	36
N Green Valley Pkwy	3231900	35
Windmill Pkwy	3231900	33
N Valle Verde Dr	3231900	32
High Mesa Dr	3231900	30
W Washington Ave	3240000	114
N Jones Blvd	3240000	113
W Charleston Blvd	3240000	101
N Torrey Pines Dr	3240000	99
N Tenaya Way	3240000	98
Vegas Dr	3240000	93
Alta Dr	3240000	91
W Lone Mountain Rd	3240000	89
N Decatur Blvd	3240000	86
N Rainbow Blvd	3240000	86
N Pecos Rd	3251800	76
N 5th St	3251800	61
Las Vegas Blvd N	3251800	58
E Lake Mead Blvd	3251800	57
N Commerce St	3251800	57
Clayton St	3251800	53
E Craig Rd	3251800	48
N Bruce St	3251800	48
Allen Ln	3251800	43
E Carey Ave	3251800	42
South Virginia St	3260600	136
North Virginia St	3260600	108
Red Rock Rd	3260600	62
Lakeside Dr	3260600	60
Plumas St	3260600	60
Mount Rose Hwy	3260600	54
W 4th St	3260600	49
W Plumb Ln	3260600	47
Mill St	3260600	45
Kietzke Ln	3260600	41
Pyramid Way	3268400	68
4th St	3268400	40
Prater Way	3268400	31
Wedekind Rd	3268400	30
E Prater Way	3268400	28
Sullivan Ln	3268400	28
Howard Dr	3268400	25
Rock Blvd	3268400	25
Victorian Ave	3268400	24
Wabash Cir	3268400	24
N State St	3314200	44
N Main St	3314200	35
Pleasant St	3314200	33
S Main St	3314200	28
South St	3314200	28
Loudon Rd	3314200	26
Baptist Rd	3314200	23
High St	3314200	23
Shaker Rd	3314200	22
Battle St	3314200	21
Central Ave	3318820	52
Dover Point Rd	3318820	38
6th St	3318820	26
Littleworth Rd	3318820	25
Washington St	3318820	25
Back River Rd	3318820	17
Henry Law Ave	3318820	16
Durham Rd	3318820	15
Middle Rd	3318820	15
Knox Marsh Rd	3318820	14
Union St	3345140	75
Elm St	3345140	68
Belmont St	3345140	51
S Willow St	3345140	51
Hanover St	3345140	50
Hall St	3345140	47
Beech St	3345140	46
Chestnut St	3345140	44
Candia Rd	3345140	43
Pine St	3345140	43
W Hollis St	3350260	65
Amherst St	3350260	64
Main St	3350260	50
Broad St	3350260	44
Daniel Webster Hwy	3350260	34
E Dunstable Rd	3350260	33
Lake St	3350260	29
Concord St	3350260	26
Main Dunstable Rd	3350260	25
Coburn Woods	3350260	24
Portland St	3365140	33
Salmon Falls Rd	3365140	27
Milton Rd	3365140	25
Old Dover Rd	3365140	23
Rochester Hill Rd	3365140	23
N Main St	3365140	20
Washington St	3365140	20
Chestnut Hill Rd	3365140	19
Charles St	3365140	16
Walnut St	3365140	16
Atlantic Ave	3402080	71
Pacific Ave	3402080	56
Arctic Ave	3402080	45
Boardwalk	3402080	36
Baltic Ave	3402080	31
N Ohio Ave	3402080	28
Mediterranean Ave	3402080	22
Drexel Ave	3402080	21
Ventnor Ave	3402080	21
Adriatic Ave	3402080	19
Broadway	3403580	67
Ave A	3403580	58
Ave C	3403580	58
John F Kennedy Blvd	3403580	54
Avenue E	3403580	41
Ave B	3403580	21
Prospect Ave	3403580	15
Ave F	3403580	13
Kennedy Blvd	3403580	10
W 1st St	3403580	10
S Prospect Ave	3405170	28
S Washington Ave	3405170	21
New Bridge Rd	3405170	20
E Clinton Ave	3405170	19
E Main St	3405170	16
Hickory Ave	3405170	16
W Main St	3405170	16
W Clinton Ave	3405170	15
N Washington Ave	3405170	13
Bradley Ave	3405170	11
Commerce St E	3407600	35
Irving Ave	3407600	26
Shiloh Pike	3407600	26
Barretts Run Rd	3407600	24
Back Neck Rd	3407600	22
Old Deerfield Pike	3407600	22
Pearl St N	3407600	22
Buckshutem Rd	3407600	21
Roadstown Rd	3407600	21
Centerton Rd	3407600	19
Federal St	3410000	67
Westfield Ave	3410000	58
Broadway Tpke	3410000	48
High St	3410000	42
S 8th St	3410000	39
S 10th St	3410000	38
S 9th St	3410000	38
Mount Ephraim Ave	3410000	37
River Rd	3410000	36
N Crescent Blvd	3410000	35
Roosevelt Ave	3410750	53
Carteret Ave	3410750	25
Washington Ave	3410750	22
Pershing Ave	3410750	18
Coolidge Ave	3410750	15
Jackson Ave	3410750	10
Randolph St	3410750	10
Daniel St	3410750	9
Hermann Ave	3410750	9
Oak St	3410750	9
Palisade Ave	3413570	37
Anderson Ave	3413570	21
Edgewater Rd	3413570	15
Gorge Rd	3413570	14
Lafayette Ave	3413570	14
Greenmount Ave	3413570	11
Oakdene Ave	3413570	11
Lawton Ave	3413570	10
Columbia Ave	3413570	7
Lincoln Ave	3413570	7
Bloomfield Ave	3413690	58
Passaic Ave	3413690	51
Van Houten Ave	3413690	50
Clifton Ave	3413690	48
Valley Rd	3413690	43
Broad St	3413690	41
Passaic County 601	3413690	33
Franklin Ave	3413690	28
Hazel St	3413690	27
Grove St	3413690	26
Springdale Ave	3419390	26
Park Ave	3419390	23
Central Ave	3419390	22
William St	3419390	22
Dodd St	3419390	18
Prospect St	3419390	18
Main St	3419390	16
N Arlington Ave	3419390	16
N Clinton St	3419390	16
Rhode Island Ave	3419390	16
Spring St	3421000	38
3rd Ave	3421000	26
1st Ave	3421000	25
Elizabeth Ave	3421000	25
Magie Ave	3421000	24
N Broad St	3421000	23
2nd Ave	3421000	20
2nd St	3421000	20
E Jersey St	3421000	20
Magnolia Ave	3421000	20
Tenafly Rd	3421480	22
Lafayette Pl	3421480	15
W Englewood Ave	3421480	15
Grand Ave	3421480	14
Ivy Ln	3421480	14
W Palisade Ave	3421480	14
E Palisade Ave	3421480	13
Jones Rd	3421480	13
Liberty Rd	3421480	13
Broad Ave	3421480	12
Morlot Ave	3422470	42
Berdan Ave	3422470	41
Saddle River Rd	3422470	38
Fair Lawn Ave	3422470	35
Broadway	3422470	33
Plaza Rd	3422470	21
River Rd	3422470	20
Bellair Ave	3422470	18
Rosalie St	3422470	14
High St	3422470	13
Abbott Blvd	3424420	35
Palisade Ave	3424420	29
Anderson Ave	3424420	27
Main St	3424420	19
Center Ave	3424420	17
Bluff Rd	3424420	16
Lemoine Ave	3424420	16
Linwood Ave	3424420	15
Bergen Blvd	3424420	14
Myrtle Ave	3424420	12
Midland Ave	3425770	31
River Dr	3425770	30
Outwater Ln	3425770	27
Semel Ave	3425770	20
Lanza Ave	3425770	18
Palisade Ave	3425770	17
Banta Ave	3425770	15
Harrison Ave	3425770	15
Passaic St	3425770	12
Ray St	3425770	11
Main St	3428680	34
Summit Ave	3428680	25
Hudson St	3428680	20
Prospect Ave	3428680	19
Lodi St	3428680	18
State St	3428680	17
Passaic St	3428680	16
Essex St	3428680	15
Railroad Ave	3428680	15
S River St	3428680	15
Park Ave	3432250	44
Willow Ave	3432250	27
Clinton St	3432250	19
Jefferson St	3432250	19
1st St	3432250	17
2nd St	3432250	17
Grand St	3432250	17
Hudson St	3432250	17
Madison St	3432250	17
6th St	3432250	16
John F Kennedy Blvd	3436000	105
Bergen Ave	3436000	60
Summit Ave	3436000	53
W Side Ave	3436000	53
Garfield Ave	3436000	49
Ocean Ave	3436000	44
Newark Ave	3436000	40
Central Ave	3436000	35
Grand St	3436000	35
Communipaw Ave	3436000	33
Kearny Ave	3436510	34
Schuyler Ave	3436510	33
Devon St	3436510	27
Belleville Tpke	3436510	25
Belgrove Dr	3436510	24
Chestnut St	3436510	18
Forest St	3436510	17
Bergen Ave	3436510	16
Davis Ave	3436510	16
Passaic Ave	3436510	15
E Saint Georges Ave	3440350	35
N Wood Ave	3440350	31
N Stiles St	3440350	29
S Wood Ave	3440350	24
W Blancke St	3440350	23
Dewitt Ter	3440350	22
Orchard Ter	3440350	21
Clinton St	3440350	20
Summit Ter	3440350	20
E Elizabeth Ave	3440350	19
Main St	3441100	24
Saint Joseph Blvd	3441100	16
Church St	3441100	14
Grove St	3441100	14
S Main St	3441100	14
Union St	3441100	14
Hunter St	3441100	12
Trudy Dr	3441100	12
Prospect St	3441100	11
Roosevelt Ave	3441100	11
Norwood Ave	3441310	33
Atlantic Ave	3441310	31
Ocean Ave	3441310	30
Broadway	3441310	26
Joline Ave	3441310	25
2nd Ave	3441310	22
Ocean Blvd	3441310	22
Westwood Ave	3441310	21
Bath Ave	3441310	20
Cedar Ave	3441310	18
Battle Ln	3446680	42
E Main St	3446680	40
S 2nd St	3446680	40
W Main St	3446680	36
E Buckshutem Rd	3446680	32
Magnolia Dr	3446680	29
Doris Dr	3446680	28
Lakeshore Dr	3446680	28
Cedarville Rd	3446680	24
E Broad St	3446680	24
S Orange Ave	3451000	60
Broad St	3451000	54
Clinton Ave	3451000	45
McCarter Hwy	3451000	44
Ferry St	3451000	42
Bergen St	3451000	38
Frelinghuysen Ave	3451000	38
Springfield Ave	3451000	36
Elizabeth Ave	3451000	35
Market St	3451000	34
Livingston Ave	3451210	38
Joyce Kilmer Ave	3451210	29
George St	3451210	24
Remsen Ave	3451210	23
Easton Ave	3451210	19
Lee Ave	3451210	19
Somerset St	3451210	18
French St	3451210	15
College Ave	3451210	14
Commercial Ave	3451210	13
Paramus Rd	3455950	37
Forest Ave	3455950	36
Spring Valley Rd	3455950	35
N Farview Ave	3455950	29
E Midland Ave	3455950	22
Linwood Ave E	3455950	13
Midland Ave	3455950	12
Ridgewood Ave	3455950	12
Circle Dr	3455950	10
Glen Ave	3455950	10
Main Ave	3456550	36
Brook Ave	3456550	21
Passaic County 622	3456550	21
Van Houten Ave	3456550	21
Monroe St	3456550	20
Passaic Ave	3456550	19
Lexington Ave	3456550	18
Paulison Ave	3456550	18
Howe Ave	3456550	17
Gregory Ave	3456550	16
Market St	3457000	50
20th Ave	3457000	35
Park Ave	3457000	35
21st Ave	3457000	32
Main St	3457000	31
Totowa Ave	3457000	31
E 18th St	3457000	28
17th Ave	3457000	27
Madison Ave	3457000	27
Passaic County 646	3457000	27
State St	3458200	35
Amboy Ave	3458200	31
New Brunswick Ave	3458200	31
Market St	3458200	30
Fayette St	3458200	25
Smith St	3458200	25
High St	3458200	24
Convery Blvd	3458200	22
Florida Grove Rd	3458200	21
Brace Ave	3458200	15
E Front St	3459190	35
W Front St	3459190	33
Leland Ave	3459190	26
Park Ave	3459190	25
Watchung Ave	3459190	25
W 3rd St	3459190	24
S 2nd St	3459190	23
Terrill Rd	3459190	23
W 4th St	3459190	22
E 2nd St	3459190	20
Nassau St	3460900	29
Province Line Rd	3460900	25
Witherspoon St	3460900	24
Sayre Dr	3460900	21
Cherry Valley Rd	3460900	19
Lincoln Hwy	3460900	19
Brunswick Pike	3460900	17
Prospect Ave	3460900	17
Carter Rd	3460900	15
Herrontown Rd	3460900	15
Saint Georges Ave	3461530	42
Jefferson Ave	3461530	30
E Milton Ave	3461530	20
Madison Ave	3461530	20
Jaques Ave	3461530	19
E Hazelwood Ave	3461530	16
Main St	3461530	16
Church St	3461530	15
Whittier St	3461530	15
Central Ave	3461530	14
E Glen Ave	3463000	25
N Monroe St	3463000	21
Linwood Ave	3463000	20
Hillcrest Rd	3463000	19
E Ridgewood Ave	3463000	18
N Maple Ave	3463000	18
Heights Rd	3463000	15
Northern Pkwy	3463000	15
Grove St	3463000	13
Prospect St	3463000	13
Main St	3465790	56
Washington Rd	3465790	54
Bordentown Ave	3465790	38
Ernston Rd	3465790	24
Washington Ave	3465790	23
S Pine Ave	3465790	22
Princeton Rd	3465790	15
S Feltus St	3465790	14
Winding Wood Dr	3465790	13
Athens Ave	3465790	12
Liberty St	3474000	61
Hamilton Ave	3474000	44
Parkway Ave	3474000	40
Stuyvesant Ave	3474000	38
Greenwood Ave	3474000	37
Princeton Ave	3474000	37
Lower Ferry Rd	3474000	36
Prospect St	3474000	35
N Olden Ave	3474000	32
Parkside Ave	3474000	32
Bergenline Ave	3474630	56
New York Ave	3474630	53
Palisade Ave	3474630	52
John F Kennedy Blvd	3474630	45
Central Ave	3474630	29
Summit Ave	3474630	26
West St	3474630	22
Hudson Ave	3474630	21
Park Ave	3474630	21
18th St	3474630	13
E Landis Ave	3476070	42
E Chestnut Ave	3476070	36
S Lincoln Ave	3476070	32
S Main Rd	3476070	31
N West Ave	3476070	29
N West Blvd	3476070	29
N Delsea Dr	3476070	27
N East Blvd	3476070	25
N East Ave	3476070	24
S Delsea Dr	3476070	24
Westfield Ave	3479040	34
Central Ave	3479040	33
Rahway Ave	3479040	31
Raritan Rd	3479040	31
E Broad St	3479040	25
Summit Ave	3479040	25
Boynton Ave	3479040	23
Prospect St	3479040	23
Madison Hill Rd	3479040	22
Lamberts Mill Rd	3479040	19
Bergenline Ave	3479610	35
Palisade Ave	3479610	25
Park Ave	3479610	25
Broadway	3479610	23
Hudson Ave	3479610	22
J F Kennedy Blvd E	3479610	21
John F Kennedy Blvd	3479610	21
62nd St	3479610	19
61st St	3479610	18
60th St	3479610	17
N Florida Ave	3501780	60
N Scenic Dr	3501780	53
E 10th St	3501780	44
Puerto Rico Ave	3501780	32
E 1st St	3501780	31
Cuba Ave	3501780	29
N White Sands Blvd	3501780	29
Oregon Ave	3501780	26
E 12th St	3501780	24
Hamilton Rd	3501780	23
Central Ave	3502000	168
Candelaria Rd NE	3502000	157
4th St NW	3502000	156
Edith Blvd NE	3502000	134
Indian School Rd NE	3502000	134
Lomas Blvd NE	3502000	133
Rio Grande Blvd NW	3502000	120
Comanche Rd NE	3502000	118
2nd St NW	3502000	115
Menaul Blvd NE	3502000	112
Queens Hwy	3512150	105
Old Cavern Hwy	3512150	63
W Church St	3512150	58
W Lea St	3512150	56
Dark Canyon Rd	3512150	51
N Canal St	3512150	46
Grandi Rd	3512150	45
National Parks Hwy	3512150	43
E Derrick Rd	3512150	40
S Canal St	3512150	37
N Prince St	3516420	49
N Thornton St	3516420	39
S Prince St	3516420	39
W Grand Ave	3516420	36
C R 12	3516420	34
N Norris St	3516420	34
W 7th St	3516420	33
Gidding St	3516420	31
N Main St	3516420	31
Curry Rd N	3516420	29
E Main St	3525800	117
Bloomfield Hwy	3525800	55
N Dustin Ave	3525800	49
Foothills Dr	3525800	40
N Butler Ave	3525800	38
W Apache St	3525800	36
E 20th St	3525800	34
W Main St	3525800	31
La Plata Hwy	3525800	30
E 30th St	3525800	29
N Dal Paso St	3532520	52
N Fowler St	3532520	45
N Grimes St	3532520	39
N Jefferson St	3532520	37
N Lovington Hwy	3532520	34
E Sanger St	3532520	33
E Marland St	3532520	30
W Bender Blvd	3532520	29
N Houston St	3532520	27
W Marland Blvd	3532520	27
N Valley Dr	3539380	159
Dona Ana Rd	3539380	116
W Picacho Ave	3539380	60
El Camino Real	3539380	54
Shalem Colony Trl	3539380	54
Snow Rd	3539380	52
Holman Rd	3539380	49
E Lohman Ave	3539380	47
E Idaho Ave	3539380	42
Elks Dr	3539380	42
Cherry Rd NE	3563460	21
Willow Creek Rd NE	3563460	20
Rio Vista Dr NE	3563460	14
Glen Hills Dr NE	3563460	13
Oasis Springs Rd NE	3563460	13
Kim Rd NE	3563460	12
Monterrey Rd NE	3563460	12
Roadrunner Loop NE	3563460	12
Saratoga Dr NE	3563460	12
Iris Rd NE	3563460	11
W 2nd St	3564930	81
E 2nd St	3564930	57
W Alameda St	3564930	55
S Sunset Ave	3564930	53
W Pine Lodge Rd	3564930	51
S Lea Ave	3564930	50
SE Main St	3564930	49
N Atkinson Ave	3564930	48
N Main St	3564930	43
N Washington Ave	3564930	42
Agua Fria St	3570500	144
Old Santa Fe Trl	3570500	74
W Alameda St	3570500	73
Cerrillos Rd	3570500	49
Siringo Rd	3570500	46
Rufina St	3570500	42
Galisteo St	3570500	39
Pso de Peralta	3570500	37
Old Las Vegas Hwy	3570500	36
S Saint Francis Dr	3570500	34
Western Ave	3601000	97
Washington Ave	3601000	83
New Scotland Ave	3601000	59
Hackett Blvd	3601000	44
Delaware Ave	3601000	37
S Manning Blvd	3601000	37
Madison Ave	3601000	34
2nd Ave	3601000	33
Broadway	3601000	33
Whitehall Rd	3601000	33
Turnpike Rd	3603078	37
W Lake Rd	3603078	34
Genesee St	3603078	30
Lake Ave	3603078	29
E Genesee St	3603078	27
E Lake Rd	3603078	26
Grant Ave Rd	3603078	21
North St	3603078	21
Rockefeller Rd	3603078	21
Clark Street Rd	3603078	19
Conklin Ave	3606607	35
Park Ave	3606607	30
Vestal Ave	3606607	30
Court St	3606607	27
Old State Rd	3606607	27
Robinson St	3606607	26
Colesville Rd	3606607	23
Main St	3606607	23
Riverside Dr	3606607	23
Upper Front St	3606607	21
Main St	3611000	104
Bailey Ave	3611000	100
Broadway St	3611000	97
Seneca St	3611000	88
S Park Ave	3611000	80
Genesee St	3611000	79
William St	3611000	76
Clinton St	3611000	71
Delaware Ave	3611000	66
Hertel Ave	3611000	66
College Ave	3624229	40
Davis St	3624229	35
Lake St	3624229	30
Sullivan St	3624229	23
N Main St	3624229	22
Walnut St	3624229	21
Oneida Rd	3624229	17
E 2nd St	3624229	16
E Water St	3624229	16
Oak St	3624229	16
Guy Lombardo Ave	3627485	29
S Bayview Ave	3627485	25
S Main St	3627485	25
N Main St	3627485	22
Atlantic Ave	3627485	19
Ray St	3627485	18
Southside Ave	3627485	18
Sunrise Hwy	3627485	18
S Long Beach Ave	3627485	17
S Ocean Ave	3627485	17
Elm Ave	3629113	20
Landing Rd	3629113	17
Sea Cliff Ave	3629113	14
Dosoris Ln	3629113	13
Crescent Beach Rd	3629113	11
Forest Ave	3629113	11
Glen Cove Ave	3629113	11
Rellim Dr	3629113	11
Cedar Swamp Rd	3629113	10
Glen St	3629113	10
Lake St	3632402	31
Harrison Ave	3632402	30
Anderson Hill Rd	3632402	19
West St	3632402	19
Old Orchard St	3632402	15
Park Ave	3632402	15
Halstead Ave	3632402	14
Adelphi Ave	3632402	11
Nelson Ave	3632402	11
Union Ave	3632402	11
Front St	3633139	33
Fulton Ave	3633139	32
Long Beach Rd	3633139	26
S Franklin St	3633139	26
Greenwich St	3633139	20
Baldwin Rd	3633139	19
Jerusalem Ave	3633139	18
Clinton St	3633139	17
Milburn Ave	3633139	16
Westbury Blvd	3633139	14
Campus Rd	3638077	3
Central Ave	3638077	3
Sisson Pl	3638077	2
University Ave	3638077	2
West Ave	3638077	2
Balch Dr	3638077	1
Country Club Rd	3638077	1
Donlon Hall Loop	3638077	1
East Ave	3638077	1
Farrier Rd	3638077	1
Fairmount Ave	3638264	54
E 2nd St	3638264	36
N Main St	3638264	33
Falconer St	3638264	27
Washington St	3638264	25
Foote Ave	3638264	24
W 3rd St	3638264	24
S Main St Exd	3638264	23
Forest Ave	3638264	21
Camp St	3638264	19
N Wellwood Ave	3642554	46
W Hoffman Ave	3642554	28
S Wellwood Ave	3642554	26
W Montauk Hwy	3642554	25
Albany Ave	3642554	24
Shore Rd	3642554	21
Buffalo Ave	3642554	20
Catskill Ave	3642554	20
New York Ave	3642554	19
E John St	3642554	18
W Park Ave	3643335	43
W Beech St	3643335	41
Lido Blvd	3643335	25
E Pine St	3643335	21
E Chester St	3643335	19
Ocean View Ave	3643335	18
E Walnut St	3643335	17
W Olive St	3643335	17
E Broadway	3643335	15
Franklin Blvd	3643335	15
E Main St	3647042	36
North St	3647042	26
Wisner Ave	3647042	25
Mt Hope Rd	3647042	23
Highland Ave	3647042	22
W Main St	3647042	20
Van Burenville Rd	3647042	18
Wickham Ave	3647042	18
Monhagen Ave	3647042	17
Wawayanda Ave	3647042	17
E Lincoln Ave	3649121	29
N Columbus Ave	3649121	24
Gramatan Ave	3649121	23
S Columbus Ave	3649121	22
E 5th St	3649121	19
E 3rd St	3649121	17
E Prospect Ave	3649121	17
E 4th St	3649121	16
S Fulton Ave	3649121	16
Westchester Ave	3649121	16
North Ave	3650617	71
Webster Ave	3650617	44
Boston Post Rd	3650617	39
Pelham Rd	3650617	23
Stratton Rd	3650617	22
5th Ave	3650617	21
Wilmot Rd	3650617	18
Eastchester Rd	3650617	17
Liberty Ave	3650617	16
Lincoln Ave	3650617	16
Bedford Ave	3651000	156
3rd Ave	3651000	144
Atlantic Ave	3651000	141
4th Ave	3651000	124
Flatbush Ave	3651000	118
Linden Blvd	3651000	115
5th Ave	3651000	109
Kings Hwy	3651000	109
Nostrand Ave	3651000	108
Fulton St	3651000	107
Hyde Park Blvd	3651055	80
Ferry Ave	3651055	68
Buffalo Ave	3651055	66
Pine Ave	3651055	64
Walnut Ave	3651055	57
24th St	3651055	44
Niagara St	3651055	40
27th St	3651055	39
22nd St	3651055	38
Main St	3651055	38
Payne Ave	3653682	51
Oliver St	3653682	41
Nash Rd	3653682	37
Sweeney St	3653682	26
Wurlitzer Dr	3653682	23
Shawnee Rd	3653682	21
Gilmore Ave	3653682	19
Erie Ave	3653682	18
Division St	3653682	17
Ward Rd	3653682	17
Albany Post Rd	3655530	36
Croton Ave	3655530	23
Pinesbridge Rd	3655530	19
Croton Dam Rd	3655530	14
Spring St	3655530	14
Morningside Dr	3655530	11
Somerstown Rd	3655530	11
Spring Valley Rd	3655530	11
Kitchawan Rd	3655530	10
Narragansett Ave	3655530	10
Main St	3656979	26
N Division St	3656979	20
Washington St	3656979	19
Crompond Rd	3656979	16
Hudson Ave	3656979	16
Elm St	3656979	12
Highland Ave	3656979	12
Maple Ave	3656979	11
Union Ave	3656979	11
Park St	3656979	10
South Rd	3659641	38
Main St	3659641	28
Violet Ave	3659641	28
East-West Arterial	3659641	24
Creek Rd	3659641	20
Mansion St	3659641	19
Salt Point Tpke	3659641	16
Haviland Rd	3659641	15
E Dorsey Ln	3659641	14
Fairview Ave	3659641	13
Dewey Ave	3663000	113
Chili Ave	3663000	104
Lake Ave	3663000	88
Latta Rd	3663000	71
Clifford Ave	3663000	65
Norton St	3663000	64
Clinton Ave N	3663000	60
Lyell Ave	3663000	60
Mount Read Blvd	3663000	60
Main St E	3663000	58
Hempstead Ave	3663264	40
N Long Beach Rd	3663264	32
N Village Ave	3663264	32
Demott Ave	3663264	19
Harvard Ave	3663264	19
Lakeview Ave	3663264	19
Merrick Rd	3663264	14
Morris Ave	3663264	14
Raymond St	3663264	14
Hamilton Rd	3663264	13
N George St	3663418	35
Turin Rd	3663418	34
E Dominick St	3663418	33
N James St	3663418	31
Erie Blvd W	3663418	28
Hill Rd	3663418	28
Floyd Ave	3663418	26
W Liberty St	3663418	26
N Madison St	3663418	24
W Thomas St	3663418	24
Lake Ave	3665255	48
Grand Ave	3665255	32
Church St	3665255	31
Washington St	3665255	31
Maple Ave	3665255	27
Jones Rd	3665255	25
Nelson Ave	3665255	24
Ballston Ave	3665255	21
Louden Rd	3665255	21
Caroline St	3665255	19
State St	3665508	91
Albany St	3665508	87
Consaul Rd	3665508	36
Union St	3665508	32
Nott St	3665508	25
Van Vranken Ave	3665508	21
Central Ave	3665508	19
Eastern Ave	3665508	19
Watt St	3665508	19
Erie Blvd	3665508	17
S Salina St	3673000	82
Erie Blvd E	3673000	56
James St	3673000	55
Court St	3673000	46
Grant Blvd	3673000	46
W Seneca Tpke	3673000	43
Burnet Ave	3673000	41
Midland Ave	3673000	40
E Genesee St	3673000	39
Teall Ave	3673000	39
6th Ave	3675484	64
5th Ave	3675484	53
7th Ave	3675484	36
Hoosick Rd	3675484	36
Hoosick St	3675484	35
Brunswick Rd	3675484	34
Pawling Ave	3675484	33
Tamarac Rd	3675484	32
4th St	3675484	30
2nd Ave	3675484	27
Genesee St	3676540	96
Sunset Ave	3676540	45
Whitesboro St	3676540	38
South St	3676540	32
Bleecker St	3676540	31
Trenton Rd	3676540	29
Pleasant St	3676540	28
Albany St	3676540	27
Eagle St	3676540	27
Broad St	3676540	26
Rockaway Ave	3676705	32
Emerson Pl	3676705	28
Hungry Harbor Rd	3676705	23
N Grove St	3676705	23
N Central Ave	3676705	21
N Corona Ave	3676705	21
Rockaway Pkwy	3676705	21
W Valley Stream Blvd	3676705	19
Dubois Ave	3676705	17
Dutch Broadway	3676705	16
Mamaroneck Ave	3681677	42
N Broadway	3681677	35
North St	3681677	32
Bryant Ave	3681677	27
Ridgeway	3681677	27
S Lexington Ave	3681677	20
Hillside Ave	3681677	17
W Post Rd	3681677	15
Main St	3681677	14
Old Mamaroneck Rd	3681677	14
Central Park Ave	3684000	56
Mile Square Rd	3684000	54
Midland Ave	3684000	50
Kimball Ave	3684000	45
Yonkers Ave	3684000	45
McLean Ave	3684000	43
Nepperhan Ave	3684000	41
Saw Mill River Rd	3684000	40
N Broadway	3684000	38
Park Ave	3684000	34
Ten Ten Rd	3701520	58
Olive Chapel Rd	3701520	53
Green Level Church Rd	3701520	39
N Salem St	3701520	39
Apex Barbecue Rd	3701520	31
New Hill Olive Chapel Rd	3701520	29
E Williams St	3701520	28
Kelly Rd	3701520	28
Humie Olive Rd	3701520	27
Sunset Lake Rd	3701520	24
N Fayetteville St	3702080	57
Zoo Pkwy	3702080	56
Pisgah Covered Bridge Rd	3702080	33
S Fayetteville St	3702080	30
Old Lexington Rd	3702080	29
Mack Rd	3702080	28
Old Liberty Rd	3702080	28
E Salisbury St	3702080	25
Old Cox Rd	3702080	25
Lassiter Mill Rd	3702080	23
Smokey Park Hwy	3702140	59
Hendersonville Rd	3702140	58
Pisgah Hwy	3702140	56
Tunnel Rd	3702140	55
New Leicester Hwy	3702140	52
Brevard Rd	3702140	45
Patton Ave	3702140	45
Sand Hill Rd	3702140	44
Haywood Rd	3702140	43
Riceville Rd	3702140	38
S Church St	3709060	63
Alamance Rd	3709060	45
Maple Ave	3709060	45
Huffman Mill Rd	3709060	40
N Church St	3709060	40
S Mebane St	3709060	40
Edgewood Ave	3709060	36
Burch Bridge Rd	3709060	35
W Front St	3709060	35
Haw River Hopedale Rd	3709060	31
Kildaire Farm Rd	3710740	53
Chapel Hill Rd	3710740	45
High House Rd	3710740	36
Green Level Church Rd	3710740	34
Carpenter Fire Station Rd	3710740	30
N Harrison Ave	3710740	30
Walnut St	3710740	27
W Chatham St	3710740	26
Davis Dr	3710740	24
Reedy Creek Rd	3710740	24
Old Greensboro Rd	3711800	43
Hillsborough Rd	3711800	42
Homestead Rd	3711800	31
Martin Luther King Jr Blvd	3711800	29
E Franklin St	3711800	26
Dodsons Cross Rd	3711800	25
New Hope Church Rd	3711800	25
Smith Level Rd	3711800	25
Farrington Rd	3711800	24
Jones Ferry Rd	3711800	24
Providence Rd	3712000	155
S Tryon St	3712000	150
N Tryon St	3712000	100
Park Rd	3712000	99
The Plaza	3712000	80
Monroe Rd	3712000	75
Carmel Rd	3712000	73
Steele Creek Rd	3712000	72
Beatties Ford Rd	3712000	71
South Blvd	3712000	71
Barber Mill Rd	3712860	47
Little Creek Church Rd	3712860	43
Amelia Church Rd	3712860	28
Cleveland Rd	3712860	28
Guy Rd	3712860	27
Shotwell Rd	3712860	21
Government Rd	3712860	20
Jack Rd	3712860	20
Peele Rd	3712860	19
N O'Neil St	3712860	18
Poplar Tent Rd	3714100	62
Davidson Hwy	3714100	59
Concord Pkwy N	3714100	57
Rocky River Rd	3714100	52
Union St S	3714100	48
Concord Pkwy S	3714100	47
Odell School Rd	3714100	45
Roberta Rd	3714100	41
Flowes Store Rd	3714100	39
Old Charlotte Rd SW	3714100	38
W Catawba Ave	3714700	36
Jetton Rd	3714700	22
Torrence Chapel Rd	3714700	20
Bailey Rd	3714700	17
Statesville Rd	3714700	17
Caldwell Depot Rd	3714700	15
Meetinghouse Dr	3714700	15
Bethel Church Rd	3714700	14
Ruffner Dr	3714700	14
Caldwell Track Dr	3714700	13
Fayetteville Rd	3719000	96
Angier Ave	3719000	73
Holloway St	3719000	72
Guess Rd	3719000	63
N Roxboro St	3719000	58
S Alston Ave	3719000	56
Roxboro Rd	3719000	54
Apex Hwy	3719000	53
W Cornwallis Rd	3719000	53
E Geer St	3719000	50
Camden Rd	3722920	97
Ramsey St	3722920	96
Raeford Rd	3722920	89
Gillespie St	3722920	86
Morganton Rd	3722920	61
Murchison Rd	3722920	61
Bragg Blvd	3722920	60
Cumberland Rd	3722920	50
Butler Nursery Rd	3722920	37
Hope Mills Rd	3722920	36
Kennebec Rd	3725300	60
Old Stage Rd	3725300	37
Hilltop Needmore Rd	3725300	33
N Main St	3725300	33
Johnson Pond Rd	3725300	32
Lake Wheeler Rd	3725300	31
Sunset Lake Rd	3725300	28
Purfoy Rd	3725300	27
Mount Pleasant Rd	3725300	26
W Academy St	3725300	23
Benson Rd	3725480	52
Cornwallis Rd	3725480	38
White Oak Rd	3725480	35
Jones Sausage Rd	3725480	34
Timber Dr	3725480	29
Vandora Springs Rd	3725480	28
Creech Rd	3725480	27
Aversboro Rd	3725480	23
Buffaloe Rd	3725480	21
Cleveland Rd	3725480	21
Union Rd	3725580	105
S New Hope Rd	3725580	59
Hickory Grove Rd	3725580	57
E Franklin Blvd	3725580	55
W Franklin Blvd	3725580	52
Linwood Rd	3725580	50
York Hwy	3725580	43
2200	3725580	38
Beaty Rd	3725580	32
Crowders Creek Rd	3725580	30
Old Grantham Rd	3726880	45
E Ash St	3726880	40
Wayne Memorial Dr	3726880	37
E Elm St	3726880	32
N William St	3726880	32
Rosewood Rd	3726880	32
Salem Church Rd	3726880	30
S John St	3726880	29
S Slocumb St	3726880	29
Central Heights Rd	3726880	28
W Market St	3728000	111
W Friendly Ave	3728000	95
Summit Ave	3728000	93
Randleman Rd	3728000	86
Battleground Ave	3728000	80
S Holden Rd	3728000	74
W Wendover Ave	3728000	70
W Gate City Blvd	3728000	66
N Church St	3728000	65
Spring Garden St	3728000	60
E 10th St	3728080	71
Dickinson Ave	3728080	56
Stantonsburg Rd	3728080	47
S Evans St	3728080	43
S Memorial Dr	3728080	41
Old River Rd	3728080	40
Old Creek Rd	3728080	39
Nc 43 N	3728080	35
Portertown Rd	3728080	34
E 14th St	3728080	32
N Center St	3731060	62
16th St NE	3731060	45
2nd Ave SW	3731060	41
1st Ave SW	3731060	40
Sulphur Springs Rd NE	3731060	40
Old Shelby Rd	3731060	36
Springs Rd	3731060	35
Zion Church Rd	3731060	35
S Nc 127 Hwy	3731060	33
2nd Ave NW	3731060	30
W Lexington Ave	3731400	60
Johnson St	3731400	49
Penny Rd	3731400	47
N Main St	3731400	46
N Centennial St	3731400	43
E Martin Luther King Jr Dr	3731400	42
Mock Rd	3731400	41
Eastchester Dr	3731400	40
W English Rd	3731400	40
Sandy Ridge Rd	3731400	38
Avent Ferry Rd	3732260	29
Sunset Lake Rd	3732260	24
Bass Lake Rd	3732260	21
Cass Holt Rd	3732260	19
Green Oaks Pkwy	3732260	18
Piney Grove Wilbon Rd	3732260	18
Linksland Dr	3732260	15
N Main St	3732260	15
Holly Springs Rd	3732260	14
Grigsby Ave	3732260	13
Statesville Rd	3733120	40
Beatties Ford Rd	3733120	39
Huntersville-Concord Rd	3733120	39
Sam Furr Rd	3733120	36
Gilead Rd	3733120	28
Eastfield Rd	3733120	27
Mount Holly-Huntersville Rd	3733120	27
Hambright Rd	3733120	26
Asbury Chapel Rd	3733120	24
Ramah Church Rd	3733120	23
Freedom Way	3734200	77
Gum Branch Rd	3734200	69
Richlands Hwy	3734200	65
Wilmington Hwy	3734200	58
Piney Green Rd	3734200	48
Burgaw Hwy	3734200	46
Western Blvd	3734200	41
Blue Creek Rd	3734200	39
N Marine Blvd	3734200	39
Ramsey Rd	3734200	36
N Cannon Blvd	3735200	59
S Cannon Blvd	3735200	59
Centergrove Rd	3735200	54
Dale Earnhardt Blvd	3735200	35
W C St	3735200	35
Lane St	3735200	34
N Main St	3735200	32
Brantley Rd	3735200	31
Moose Rd	3735200	30
S Main St	3735200	28
W Mountain St	3735600	52
Union Cross Rd	3735600	39
Hastings Hill Rd	3735600	32
Piney Grove Rd	3735600	31
N Main St	3735600	30
Sedge Garden Rd	3735600	30
Vance Rd	3735600	25
E Mountain St	3735600	24
Old Valley School Rd	3735600	24
Abbotts Creek Church Rd	3735600	21
River Rd SE	3737680	56
Mount Misery Rd NE	3737680	54
Lanvale Rd NE	3737680	48
Ocean Hwy E	3737680	45
Maco Rd NE	3737680	44
Village Rd NE	3737680	38
Blue Banks Loop Rd NE	3737680	34
Green Hill Rd NE	3737680	34
Andrew Jackson Hwy NE	3737680	31
Town Creek Rd NE	3737680	29
Margaret Wallace Rd	3741960	31
Matthews-Mint Hill Rd	3741960	29
Idlewild Rd	3741960	27
Matthews Township Pkwy	3741960	24
Savannah Hills Dr	3741960	23
E Independence Blvd	3741960	20
Sam Newell Rd	3741960	20
Tilley Morris Rd	3741960	20
Weddington Rd	3741960	20
E John St	3741960	18
Albemarle Rd	3743480	57
Lawyers Rd	3743480	54
Brief Rd	3743480	29
Truelight Church Rd	3743480	24
Matthews-Mint Hill Rd	3743480	23
Cabarrus Rd	3743480	22
Fairview Rd	3743480	22
E Wt Harris Blvd	3743480	20
Idlewild Rd	3743480	19
Blair Rd	3743480	18
Griffith Rd	3743920	39
Medlin Rd	3743920	38
Old Pageland Monroe Rd	3743920	33
Stack Rd	3743920	31
S Rocky River Rd	3743920	30
Waxhaw Hwy	3743920	30
E Franklin St	3743920	27
Pageland Hwy	3743920	27
Lancaster Ave	3743920	26
Wolf Pond Rd	3743920	26
Mecklenburg Hwy	3744220	46
Mt Ulla Hwy	3744220	40
Oak Ridge Farm Hwy	3744220	38
Shearers Rd	3744220	35
Faith Rd	3744220	33
Deal Rd	3744220	28
Shinnville Rd	3744220	27
Coddle Creek Hwy	3744220	24
Charlotte Hwy	3744220	23
Kistler Farm Rd	3744220	19
Chapel Hill Rd	3744520	42
Church St	3744520	35
Page Rd	3744520	31
Pleasant Grove Church Rd	3744520	22
Aviation Pkwy	3744520	20
Old Maynard Rd	3744520	20
Davis Dr	3744520	15
Airport Blvd	3744520	13
Slater Rd	3744520	13
McCrimmon Pkwy	3744520	12
Old Cherry Point Rd	3746340	64
Neuse Blvd	3746340	51
M L King Jr Blvd	3746340	37
Washington Post Rd	3746340	34
Country Club Rd	3746340	31
Old Airport Rd	3746340	31
Brices Creek Rd	3746340	25
S Glenburnie Rd	3746340	24
Saint Delights Church Rd	3746340	23
B St	3746340	21
Glenwood Ave	3755000	149
Six Forks Rd	3755000	92
New Bern Ave	3755000	90
Capital Blvd	3755000	89
Creedmoor Rd	3755000	83
Leesville Rd	3755000	80
Hillsborough St	3755000	78
Rock Quarry Rd	3755000	77
Poole Rd	3755000	76
Lake Wheeler Rd	3755000	71
Sunset Ave	3757500	68
W Nc 97	3757500	67
N Wesleyan Blvd	3757500	56
S Church St	3757500	51
Hunter Hill Rd	3757500	45
S Old Carriage Rd	3757500	40
S Halifax Rd	3757500	38
S Wesleyan Blvd	3757500	38
Dortches Blvd	3757500	31
W Mount Dr	3757500	31
Statesville Blvd	3758860	79
Bringle Ferry Rd	3758860	65
Faith Rd	3758860	65
S Main St	3758860	63
Old Concord Rd	3758860	59
Mooresville Rd	3758860	57
Stokes Ferry Rd	3758860	54
Mount Hope Church Rd	3758860	51
Old Mocksville Rd	3758860	43
W Innes St	3758860	41
Carbonton Rd	3759280	82
Hawkins Ave	3759280	77
Buckhorn Rd	3759280	70
Lower Moncure Rd	3759280	70
Deep River Rd	3759280	68
Jefferson Davis Hwy	3759280	63
Colon Rd	3759280	53
S Plank Rd	3759280	52
Sheriff Watson Rd	3759280	47
S Horner Blvd	3759280	46
Wilkesboro Hwy	3764740	77
Hickory Hwy	3764740	56
Old Mountain Rd	3764740	56
Turnersburg Hwy	3764740	51
Buffalo Shoals Rd	3764740	49
Mocksville Hwy	3764740	39
Salisbury Hwy	3764740	39
Taylorsville Hwy	3764740	38
Old Mocksville Rd	3764740	37
Amity Hill Rd	3764740	36
Kennedy Rd	3767420	42
Old Greensboro Rd	3767420	40
Denton Rd	3767420	37
Johnsontown Rd	3767420	37
E Holly Grove Rd	3767420	34
Burton Rd	3767420	32
Randolph St	3767420	29
Hasty School Rd	3767420	28
Liberty Dr	3767420	28
Unity St	3767420	28
Purnell Rd	3770540	44
Ligon Mill Rd	3770540	41
Capital Blvd	3770540	33
Wait Ave	3770540	33
S Main St	3770540	32
Forestville Rd	3770540	31
Burlington Mills Rd	3770540	30
Durham Rd	3770540	29
N Main St	3770540	27
Averette Rd	3770540	26
Carolina Beach Rd	3774440	161
Wrightsville Ave	3774440	116
Market St	3774440	110
S College Rd	3774440	107
Oleander Dr	3774440	78
Park Ave	3774440	57
River Rd	3774440	53
S 17th St	3774440	45
Shipyard Blvd	3774440	44
Myrtle Grove Rd	3774440	43
Ward Blvd	3774540	87
Nash St NW	3774540	43
Raleigh Road Pkwy W	3774540	41
Old Stantonsburg Rd	3774540	33
Martin Luther King Jr Pkwy E	3774540	28
Lamm Rd	3774540	25
Goldsboro St SW	3774540	24
Tarboro St W	3774540	24
Tilghman Rd N	3774540	24
Airport Blvd	3774540	23
Reynolda Rd	3775000	89
S Main St	3775000	73
University Pkwy	3775000	68
Yadkinville Rd	3775000	68
Country Club Rd	3775000	66
Old Lexington Rd	3775000	63
Robinhood Rd	3775000	63
S Stratford Rd	3775000	61
Peters Creek Pkwy	3775000	55
Gumtree Rd	3775000	53
43rd Ave NE	3807200	88
52nd St NE	3807200	77
71st Ave NE	3807200	67
N Washington St	3807200	63
E Century Ave	3807200	61
26th St NE	3807200	57
305th Ave NE	3807200	55
E Divide Ave	3807200	52
Lincoln Rd	3807200	49
S Washington St	3807200	46
116th Ave SW	3819620	60
109th Ave SW	3819620	51
Main S	3819620	51
35th St SW	3819620	48
32nd St SW	3819620	47
34th St SW	3819620	46
31st St SW	3819620	39
107th Ave SW	3819620	38
42nd St SW	3819620	35
10th Ave E	3819620	33
25th St S	3825700	89
University Dr S	3825700	89
7th Ave N	3825700	84
12th Ave N	3825700	79
15th St S	3825700	77
13th Ave S	3825700	65
45th St S	3825700	65
17th Ave S	3825700	64
3rd Ave N	3825700	62
Broadway	3825700	61
University Ave	3832060	58
S Washington St	3832060	52
32nd Ave S	3832060	49
17th Ave S	3832060	44
N Washington St	3832060	43
Demers Ave	3832060	40
Gateway Dr	3832060	40
6th Ave N	3832060	38
Cherry St	3832060	38
Belmont Rd	3832060	37
32nd St	3849900	32
26th Ave	3849900	28
36th St	3849900	27
Old Red Trl	3849900	27
2nd St NW	3849900	26
47th St	3849900	25
19th St SE	3849900	24
1st St NW	3849900	23
2nd St NE	3849900	22
6th Ave NW	3849900	22
2nd St SW	3853380	64
11th Ave SE	3853380	60
4th Ave NW	3853380	47
30th St SW	3853380	46
Burdick Expy E	3853380	46
27th St SE	3853380	42
13th St SE	3853380	39
5th Ave NW	3853380	37
16th St SW	3853380	36
8th St NW	3853380	35
Sheyenne St	3884780	37
9th St E	3884780	30
2nd St E	3884780	27
11th St W	3884780	26
8th St W	3884780	26
7th Ave E	3884780	23
4th Ave E	3884780	22
6th St E	3884780	22
1st St	3884780	21
7th St E	3884780	21
2nd Ave W	3886220	54
University Ave	3886220	53
1st Ave W	3886220	51
4th Ave W	3886220	40
9th Ave W	3886220	34
1st Ave E	3886220	33
4th Ave E	3886220	33
133rd Ave NW	3886220	32
6th Ave W	3886220	31
6th St W	3886220	31
W Market St	3901000	74
East Ave	3901000	62
Copley Rd	3901000	57
S Arlington St	3901000	55
S Main St	3901000	55
Brown St	3901000	46
Newton St	3901000	45
Manchester Rd	3901000	44
S Hawkins Ave	3901000	43
W Exchange St	3901000	43
E State St	3902736	55
State St	3902736	43
Long Run Rd	3902736	39
W Union St	3902736	34
S Canaan Rd	3902736	29
Salem Rd	3902736	29
Fisher Rd	3902736	27
Vore Ridge Rd	3902736	25
Radford Rd	3902736	24
Dutch Creek Rd	3902736	22
Detroit Rd	3903352	37
Nagel Rd	3903352	26
Mills Rd	3903352	25
Chester Rd	3903352	22
Jaycox Rd	3903352	22
Stoney Ridge Rd	3903352	14
Shakespeare Ln	3903352	12
Case Rd	3903352	10
Center Rd	3903352	10
French Creek Rd	3903352	9
Lake Rd	3903464	49
Electric Blvd	3903464	47
Walker Rd	3903464	40
Avon Belden Rd	3903464	25
Redwood Blvd	3903464	25
Jaycox Rd	3903464	18
Lear Rd	3903464	17
Moore Rd	3903464	17
Aqua Marine Blvd	3903464	12
Armour Rd	3903464	9
N Dayton Xenia Rd	3904720	61
N Fairfield Rd	3904720	47
Grange Hall Rd	3904720	46
Kemp Rd	3904720	33
New Germany Trebein Rd	3904720	27
Shakertown Rd	3904720	27
County Line Rd	3904720	26
Woodman Dr	3904720	25
Beaver Valley Rd	3904720	24
Hanes Rd	3904720	24
Dixie Hwy	3907972	76
Middleton Pike	3907972	37
E Wooster St	3907972	36
Haskins Rd	3907972	36
Kramer Rd	3907972	33
Liberty Hi Rd	3907972	32
E Napoleon Rd	3907972	30
Sand Ridge Rd	3907972	30
Tontogany Rd	3907972	29
Dunbridge Rd	3907972	28
Boston Rd	3909680	58
Pearl Rd	3909680	55
Center Rd	3909680	50
Laurel Rd	3909680	41
Grafton Rd	3909680	36
Sleepy Hollow Rd	3909680	25
N Carpenter Rd	3909680	24
W 130th St	3909680	21
Hadcock Rd	3909680	16
Substation Rd	3909680	16
Fulton Rd NW	3912000	85
Cleveland Ave NW	3912000	84
Tuscarawas St W	3912000	74
Navarre Rd SW	3912000	69
Mahoning Rd NE	3912000	68
Cleveland Ave SW	3912000	67
Market Ave N	3912000	67
4th St NW	3912000	66
11th St SW	3912000	63
Rowland Ave NE	3912000	62
Clyo Rd	3913190	38
Paragon Rd	3913190	34
Yankee St	3913190	34
W Alexandersville Bellbrook Rd	3913190	33
Far Hills Ave	3913190	27
Miamisburg Centerville Rd	3913190	27
W Alex Bell Rd	3913190	26
Mad River Rd	3913190	25
Dayton Lebanon Pike	3913190	23
Wilmington Pike	3913190	22
Reading Rd	3915000	105
Harrison Ave	3915000	81
Madison Rd	3915000	81
Glenway Ave	3915000	80
Vine St	3915000	67
Erie Ave	3915000	59
Hamilton Ave	3915000	58
Colerain Ave	3915000	56
Spring Grove Ave	3915000	56
W North Bend Rd	3915000	52
Saint Clair Ave	3916000	151
Lorain Ave	3916000	139
Euclid Ave	3916000	119
Lakeshore Blvd	3916000	85
Denison Ave	3916000	78
E 55th St	3916000	75
E 71st St	3916000	75
E 93rd St	3916000	74
Superior Ave	3916000	74
Cedar Ave	3916000	73
Washington Blvd	3916014	39
Fairmount Blvd	3916014	35
Lee Rd	3916014	33
Meadowbrook Blvd	3916014	32
Cedar Rd	3916014	31
Silsby Rd	3916014	28
S Taylor Rd	3916014	27
Superior Rd	3916014	24
Coventry Rd	3916014	23
Euclid Heights Blvd	3916014	15
N High St	3918000	199
Cleveland Ave	3918000	168
E Broad St	3918000	155
W Broad St	3918000	144
E Livingston Ave	3918000	130
E Main St	3918000	125
Parsons Ave	3918000	114
Sullivant Ave	3918000	111
Indianola Ave	3918000	89
S High St	3918000	87
Bailey Rd	3919778	44
State Rd	3919778	40
Sackett Ave	3919778	36
Grant Ave	3919778	31
Oakwood Dr	3919778	30
Broad Blvd	3919778	29
Portage Trl	3919778	29
Northampton Rd	3919778	28
2nd St	3919778	25
Chestnut Blvd	3919778	25
Germantown Pike	3921000	80
3rd St	3921000	78
Main St	3921000	75
N Dixie Dr	3921000	75
Salem Ave	3921000	68
Hoover Ave	3921000	57
Webster St	3921000	54
E 5th St	3921000	53
E 3rd St	3921000	52
Riverside Dr	3921000	48
Columbus Pike	3921434	41
Marysville Rd	3921434	38
W Central Ave	3921434	34
S Section Line Rd	3921434	30
Cheshire Rd	3921434	28
Olentangy River Rd	3921434	27
Braumiller Rd	3921434	25
Stratford Rd	3921434	24
Liberty Rd	3921434	22
Pollock Rd	3921434	19
Dublin Rd	3922694	51
Avery Rd	3922694	44
Sawmill Rd	3922694	38
Cosgray Rd	3922694	35
Rings Rd	3922694	31
Memorial Dr	3922694	27
Shier Rings Rd	3922694	25
Tara Hill Dr	3922694	24
Brand Rd	3922694	23
Tullymore Dr	3922694	19
Lake Ave	3925256	53
Middle Ave	3925256	47
Murray Ridge Rd	3925256	43
Oberlin Rd	3925256	40
Gulf Rd	3925256	36
West Ave	3925256	36
Chestnut Ridge Rd	3925256	34
W River Rd N	3925256	34
E Broad St	3925256	32
E River St	3925256	32
Lakeshore Blvd	3925704	60
Euclid Ave	3925704	43
N Lakeland Blvd	3925704	34
E 222nd St	3925704	32
E 260th St	3925704	30
Babbitt Rd	3925704	24
Edgecliff Dr	3925704	24
E 250th St	3925704	19
Chardon Rd	3925704	18
E 272nd St	3925704	17
S Maple Ave	3925914	33
N Broad St	3925914	26
Kauffman Ave	3925914	25
Beaver Valley Rd	3925914	23
Old Yellow Springs Rd	3925914	23
Trebein Rd	3925914	18
S Central Ave	3925914	17
Dayton Yellow Springs Rd	3925914	16
E Dayton Dr	3925914	16
Ironwood Dr	3925914	16
River Rd	3925970	54
Dixie Hwy	3925970	50
Pleasant Ave	3925970	35
John Gray Rd	3925970	28
Mack Rd	3925970	24
Symmes Rd	3925970	23
Winton Rd	3925970	19
S Gilmore Rd	3925970	16
Nilles Rd	3925970	15
Resor Rd	3925970	15
N Main St	3927048	67
S Blanchard St	3927048	47
S Main St	3927048	42
Crystal Ave	3927048	34
Carey Rd	3927048	32
Tiffin Ave	3927048	28
Western Ave	3927048	28
Lima Ave	3927048	27
W Melrose Ave	3927048	24
N Blanchard St	3927048	22
N Hamilton Rd	3929106	39
Morse Rd	3929106	34
Cherry Bottom Rd	3929106	33
E Johnstown Rd	3929106	31
Stygler Rd N	3929106	24
Thompson Rd	3929106	21
Havens Corners Rd	3929106	19
Sunbury Rd	3929106	19
Riva Ridge Blvd	3929106	18
Taylor Rd	3929106	18
Turney Rd	3929428	62
Canal Rd	3929428	38
Granger Rd	3929428	29
E 135th St	3929428	20
McCracken Rd	3929428	19
Garfield Blvd	3929428	18
Grand Division Ave	3929428	17
Rockside Rd	3929428	16
Edgepark Dr	3929428	15
Bangor Ave	3929428	12
Canton Rd	3931860	72
Massillon Rd	3931860	71
Mount Pleasant St NW	3931860	63
Portage St NW	3931860	50
S Arlington Rd	3931860	50
Cleveland Ave NW	3931860	49
Mayfair Rd	3931860	40
Albrecht Ave	3931860	37
Greensburg Rd	3931860	33
Hilbish Ave	3931860	30
Harrisburg Pike	3932592	72
London Groveport Rd	3932592	65
Hoover Rd	3932592	51
Alkire Rd	3932592	45
Jackson Pike	3932592	41
White Rd	3932592	39
Gantz Rd	3932592	33
Haughn Rd	3932592	31
Demorest Rd	3932592	30
Big Run South Rd	3932592	27
Hamilton Middletown Rd	3933012	54
Princeton Rd	3933012	46
Princeton Glendale Rd	3933012	42
Hamilton Mason Rd	3933012	39
Millville Ave	3933012	39
Stahlheber Rd	3933012	38
Hamilton New London Rd	3933012	35
Hamilton Cleves Rd	3933012	34
Tylersville Rd	3933012	34
Hamilton Eaton Rd	3933012	32
Hayden Run Rd	3935476	38
Davidson Rd	3935476	34
Alton Darby Creek Rd	3935476	30
Roberts Rd	3935476	28
Scioto Darby Rd	3935476	27
Scioto Darby Creek Rd	3935476	25
Dublin Rd	3935476	24
Hilliard Rome Rd	3935476	23
Cemetery Rd	3935476	20
Leppert Rd	3935476	20
Old Troy Pike	3936610	42
Brandt Pike	3936610	38
Taylorsville Rd	3936610	36
Harshmanville Rd	3936610	32
Bellefontaine Rd	3936610	29
Charlesgate Rd	3936610	28
Longford Rd	3936610	27
Powell Rd	3936610	26
Kitridge Rd	3936610	25
Chambersburg Rd	3936610	24
Tallmadge Rd	3939872	57
Hudson Rd	3939872	36
Kent Ravenna Rd	3939872	35
W Main St	3939872	29
Mogadore Rd	3939872	28
S Water St	3939872	23
N Mantua St	3939872	22
Ranfield Rd	3939872	22
Sunnybrook Rd	3939872	22
Franklin Ave	3939872	21
Wilmington Pike	3940040	58
Far Hills Ave	3940040	51
E Stroop Rd	3940040	48
Indian Ripple Rd	3940040	33
E Rahn Rd	3940040	30
N Marshall Rd	3940040	30
Ackerman Blvd	3940040	25
S Smithville Rd	3940040	25
Watervliet Ave	3940040	25
Shroyer Rd	3940040	24
Detroit Rd	3941664	72
Madison Ave	3941664	55
Clifton Blvd	3941664	41
Lake Ave	3941664	33
Franklin Blvd	3941664	27
Lakewood Heights Blvd	3941664	26
Edgewater Dr	3941664	24
Athens Ave	3941664	23
Hilliard Rd	3941664	23
Delaware Ave	3941664	19
N Columbus St	3941720	60
E Main St	3941720	49
W Fair Ave	3941720	45
S Broad St	3941720	44
Hamburg Rd SW	3941720	39
W Mulberry St	3941720	35
Coonpath Rd NE	3941720	34
N Memorial Dr	3941720	34
W 6th Ave	3941720	33
Sheridan Dr	3941720	31
Harding Hwy	3943554	84
N West St	3943554	77
W Market St	3943554	61
Reservoir Rd	3943554	56
Spencerville Rd	3943554	55
W Elm St	3943554	55
N Cole St	3943554	53
Ft Amanda Rd	3943554	52
Elida Rd	3943554	48
N Cable Rd	3943554	46
Oberlin Ave	3944856	69
Broadway	3944856	54
W Erie Ave	3944856	51
Ashland Ave	3944856	48
Washington Ave	3944856	42
Elyria Ave	3944856	37
Reid Ave	3944856	35
E Erie Ave	3944856	32
Meister Rd	3944856	30
Colorado Ave	3944856	28
Park Ave W	3947138	114
S Main St	3947138	79
Ashland Rd	3947138	75
Bowman Street Rd	3947138	72
Lexington Ave	3947138	65
N Main St	3947138	64
Park Ave E	3947138	64
4th St	3947138	60
Grace St	3947138	55
W Cook Rd	3947138	49
E Center St	3947754	39
Harding Hwy W	3947754	35
Bellefontaine Ave	3947754	32
Marion-Williamsport Rd E	3947754	32
W Fairground St	3947754	29
Mt Vernon Ave	3947754	27
E Church St	3947754	26
W Center St	3947754	26
Marion Edison Rd	3947754	25
E Fairground Rd	3947754	24
Watkins Rd	3948160	38
Industrial Pkwy	3948160	29
Bear Swamp Rd	3948160	22
White Stone Rd	3948160	21
Raymond Rd	3948160	19
Springdale Rd	3948160	19
Collins Ave	3948160	18
Milford Ave	3948160	17
Wolford-Maskill Rd	3948160	17
County Home Rd	3948160	16
Butler Warren Rd	3948188	58
N Mason Montgomery Rd	3948188	33
Bethany Rd	3948188	31
Snider Rd	3948188	24
S Mason Montgomery Rd	3948188	23
Irwin Simpson Rd	3948188	22
Reading Rd	3948188	20
Cox Smith Rd	3948188	19
Kings Mills Rd	3948188	19
Columbia Rd	3948188	18
Lincoln Way E	3948244	73
Lincoln St W	3948244	45
Wales Ave NW	3948244	41
Jackson Ave NW	3948244	31
Amherst Rd NE	3948244	30
Erie St S	3948244	29
1st St NE	3948244	27
3rd St SE	3948244	27
Tremont Ave SW	3948244	27
Amherst Ave NW	3948244	26
Medina Rd	3948790	40
Lafayette Rd	3948790	32
W Smith Rd	3948790	31
Granger Rd	3948790	24
Ryan Rd	3948790	23
Branch Rd	3948790	22
Remsen Rd	3948790	22
Wadsworth Rd	3948790	21
Weymouth Rd	3948790	20
N Huntington St	3948790	19
Mentor Ave	3949056	53
Johnnycake Ridge Rd	3949056	50
Lakeshore Blvd	3949056	45
Reynolds Rd	3949056	45
Hopkins Rd	3949056	40
Center St	3949056	37
Heisley Rd	3949056	25
Little Mountain Rd	3949056	25
Chillicothe Rd	3949056	24
Munson Rd	3949056	24
Yankee Rd	3949840	72
Butler Warren Rd	3949840	62
Central Ave	3949840	57
Oxford State Rd	3949840	46
S Main St	3949840	42
Tytus Ave	3949840	37
Roosevelt Blvd	3949840	36
Breiel Blvd	3949840	33
Grand Ave	3949840	33
University Blvd	3949840	33
Mount Vernon Rd	3954040	119
Fallsburg Rd NE	3954040	87
E Main St	3954040	69
W Main St	3954040	67
Montgomery Rd NE	3954040	60
N 21st St	3954040	58
W Church St	3954040	43
Marion Rd NE	3954040	40
Licking Valley Rd NE	3954040	38
Reform Rd NE	3954040	37
Lorain Rd	3956882	47
Columbia Rd	3956882	29
Clague Rd	3956882	22
Walter Rd	3956882	14
Dover Center Rd	3956882	12
Butternut Ridge Rd	3956882	11
Country Club Blvd	3956882	11
Canterbury Rd	3956882	10
McKenzie Rd	3956882	10
Barton Rd	3956882	9
Center Ridge Rd	3956966	40
Avon Belden Rd	3956966	27
Lear Nagle Rd	3956966	25
Chestnut Ridge Rd	3956966	22
Lorain Rd	3956966	21
Mills Creek Ln	3956966	21
Jaycox Rd	3956966	18
Bainbridge Rd	3956966	17
Root Rd	3956966	15
Ridgeview Blvd	3956966	13
Royalton Rd	3957008	30
Ridge Rd	3957008	27
State Rd	3957008	27
York Rd	3957008	26
Boston Rd	3957008	24
W 130th St	3957008	24
W Sprague Rd	3957008	23
Bennett Rd	3957008	19
Abbey Rd	3957008	17
Wallings Rd	3957008	14
State Rd	3961000	77
Ridge Rd	3961000	57
Broadview Rd	3961000	52
W 54th St	3961000	45
Brookpark Rd	3961000	27
Pearl Rd	3961000	24
Snow Rd	3961000	24
W 48th St	3961000	23
W 60th St	3961000	23
W 29th St	3961000	21
Fremont Pike	3962148	61
Eckel Junction Rd	3962148	44
Avenue Rd	3962148	43
Five Point Rd	3962148	41
Fort Meigs Rd	3962148	39
Roachton Rd	3962148	38
Lime City Rd	3962148	31
W River Rd	3962148	30
Hull Prairie Rd	3962148	27
Dixie Hwy	3962148	23
Refugee Rd	3962498	48
Blacklick Eastern Rd NW	3962498	37
Milnor Rd	3962498	32
Stemen Rd	3962498	17
Bentwood Farms Dr	3962498	14
Reynoldsburg Baltimore Rd NW	3962498	14
Stonecreek Dr	3962498	14
Long Rd	3962498	13
Meadows Blvd	3962498	13
W Columbus St	3962498	13
Taylor Rd SW	3966390	57
Brice Rd	3966390	45
Lancaster Ave	3966390	33
Waggoner Rd	3966390	31
E Main St	3966390	30
Kingsley Dr	3966390	30
Palmer Rd SW	3966390	30
Rosehill Rd	3966390	29
National Rd SW	3966390	28
Rodebaugh Rd	3966390	24
Shaker Blvd	3971682	40
Kinsman Rd	3971682	34
E 116th St	3971682	28
S Woodland Rd	3971682	25
Van Aken Blvd	3971682	23
Buckeye Rd	3971682	22
Larchmere Blvd	3971682	22
E 131st St	3971682	17
E 126th St	3971682	16
Scottsdale Blvd	3971682	15
N Limestone St	3974118	57
E High St	3974118	54
S Limestone St	3974118	52
E Main St	3974118	50
S Yellow Springs St	3974118	49
Moorefield Rd	3974118	40
Lagonda Ave	3974118	38
Middle Urbana Rd	3974118	38
Selma Rd	3974118	37
Upper Valley Pike	3974118	35
Graham Rd	3974944	46
Front St	3974944	40
Darrow Rd	3974944	30
Newcomer Rd	3974944	30
Norton Rd	3974944	23
Fishcreek Rd	3974944	20
Stow Rd	3974944	18
Hibbard Dr	3974944	17
Wyoga Lake Rd	3974944	17
Hudson Dr	3974944	16
Boston Rd	3975098	54
Royalton Rd	3975098	37
Pearl Rd	3975098	35
Drake Rd	3975098	30
Albion Rd	3975098	28
W 130th St	3975098	23
Whitney Rd	3975098	22
Prospect Rd	3975098	21
Westwood Dr	3975098	19
Big Creek Pkwy	3975098	17
Dorr St	3977000	127
W Bancroft St	3977000	123
Sylvania Ave	3977000	108
Monroe St	3977000	102
Nebraska Ave	3977000	92
W Central Ave	3977000	90
N Detroit Ave	3977000	86
South Ave	3977000	78
Secor Rd	3977000	76
W Laskey Rd	3977000	70
Peters Rd	3977588	46
McKaig Rd	3977588	43
W Main St	3977588	37
Arthur Rd	3977588	34
Troy Urbana Rd	3977588	30
Troy-Sidney Rd	3977588	22
Swailes Rd	3977588	21
Washington Rd	3977588	20
E Walnut Grove	3977588	19
Stonyridge Ave	3977588	19
Kenny Rd	3979002	51
Dublin Rd	3979002	44
Bethel Rd	3979002	41
Riverside Dr	3979002	40
Fishinger Rd	3979002	38
Mountview Rd	3979002	36
W Lane Ave	3979002	35
Tremont Rd	3979002	31
Zollinger Rd	3979002	27
W Henderson Rd	3979002	25
Mahoning Ave NW	3980892	56
Elm Rd NE	3980892	52
North Rd NE	3980892	35
N Park Ave	3980892	31
E Market St	3980892	29
Parkman Rd NW	3980892	29
South St SE	3980892	29
Atlantic St NE	3980892	25
Tod Ave NW	3980892	25
Highland Ave SW	3980892	22
N State St	3983342	44
Central College Rd	3983342	34
Walnut St	3983342	34
Harlem Rd	3983342	32
Worthington Rd	3983342	30
E College Ave	3983342	29
W Main St	3983342	27
Lazelle Rd	3983342	26
S Old 3c Hwy	3983342	26
County Line Rd	3983342	25
Detroit Rd	3983622	53
Center Ridge Rd	3983622	48
Hilliard Blvd	3983622	45
Bradley Rd	3983622	30
Dover Center Rd	3983622	27
Columbia Rd	3983622	21
Canterbury Rd	3983622	19
Clague Rd	3983622	19
Crocker Rd	3983622	16
Westwood Rd	3983622	15
Cleveland Rd	3986548	59
Burbank Rd	3986548	54
W Old Lincoln Way	3986548	47
Smithville Western Rd	3986548	43
Oak Hill Rd	3986548	42
Blachleyville Rd	3986548	40
S Columbus Rd	3986548	37
Millersburg Rd	3986548	35
Mechanicsburg Rd	3986548	33
Ashland Rd	3986548	30
Fairground Rd	3986772	32
S Dayton Xenia Rd	3986772	28
E Spring Valley Paintersville Rd	3986772	27
Upper Bellbrook Rd	3986772	26
N Detroit St	3986772	25
Jasper Rd	3986772	23
Lower Bellbrook Rd	3986772	23
S Detroit St	3986772	23
S Columbus St	3986772	21
Stewart Rd	3986772	21
Market St	3988000	114
Glenwood Ave	3988000	110
South Ave	3988000	84
Southern Blvd	3988000	79
Belmont Ave	3988000	72
McGuffey Rd	3988000	58
Erie St	3988000	55
Mahoning Ave	3988000	54
Hillman St	3988000	50
5th Ave	3988000	45
Dresden Rd	3988084	57
Maple Ave	3988084	54
East Pike	3988084	50
Adamsville Rd	3988084	46
Linden Ave	3988084	36
N River Rd	3988084	36
Pine St	3988084	35
Coopermill Rd	3988084	31
Maysville Pike	3988084	30
Chandlersville Rd	3988084	28
SE Adams Blvd	4004450	64
E Tuxedo Blvd	4004450	61
E Frank Phillips Blvd	4004450	55
SE Washington Blvd	4004450	50
N3960 Rd	4004450	41
W Hensley Blvd	4004450	40
Moose Lodge Rd	4004450	34
S Madison Blvd	4004450	33
N 4020 Rd	4004450	31
Nowata Rd	4004450	31
S Memorial Dr	4006400	46
S Mingo Rd	4006400	45
E 121th St	4006400	37
E 151st St S	4006400	35
S Sheridan Rd	4006400	34
E 161st St S	4006400	26
E 181st St S	4006400	25
E 111th St	4006400	24
E 191st St S	4006400	24
S Harvard Ave	4006400	24
S 161st E Ave	4009050	68
S 129th East Ave	4009050	53
S 23rd St	4009050	50
S Garnett Rd	4009050	45
S Chestnut Ave	4009050	41
S Lions Ave	4009050	41
S Oak Ave	4009050	41
S Aspen Ave	4009050	36
S Elder Ave	4009050	35
S Ash Ave	4009050	34
E 2nd St	4023200	79
E Danforth Rd	4023200	71
N Santa Fe Ave	4023200	69
N Kelly Ave	4023200	62
E Coffee Creek Rd	4023200	56
E Covell Rd	4023200	50
E Sorghum Mill Rd	4023200	50
N Bryant Ave	4023200	43
NW 220th St	4023200	40
W Danforth Rd	4023200	40
S Van Buren St	4023950	70
E0430 Rd	4023950	58
N Van Buren St	4023950	56
N Washington St	4023950	56
W Randolph Ave	4023950	54
N 4th St	4023950	52
E Chestnut Ave	4023950	46
W Chestnut Ave	4023950	42
W Willow Rd	4023950	42
E Randolph Ave	4023950	38
W 111th St S	4037800	21
W 117th St S	4037800	21
S Peoria Ave	4037800	19
S 2nd St	4037800	17
W 119th St S	4037800	16
W Main St	4037800	16
S Elwood Ave	4037800	15
S 13th E Ave	4037800	14
S 1st St	4037800	13
S Date St	4037800	13
NW Cache Rd	4041850	104
SW Lee Blvd	4041850	94
W Gore Blvd	4041850	94
SE Lee Blvd	4041850	58
E Gore Blvd	4041850	56
SE Bishop Rd	4041850	56
SW 11th St	4041850	52
NW Sheridan Rd	4041850	51
SW 15th St	4041850	50
SW 16th St	4041850	50
E Reno Ave	4048350	89
SE 15th St	4048350	65
NE 10th St	4048350	61
SE 29th St	4048350	53
S Sooner Rd	4048350	43
S Air Depot Blvd	4048350	39
S Douglas Blvd	4048350	31
S Post Rd	4048350	31
S Midwest Blvd	4048350	30
Key Blvd	4048350	25
S Broadway St	4049200	49
NE 12th St	4049200	45
N Eastern Ave	4049200	43
S Bryant Ave	4049200	42
SE 4th St	4049200	41
S Sunnylane Rd	4049200	40
S Telephone Rd	4049200	40
NW 12th St	4049200	39
N Santa Fe Ave	4049200	38
S Eastern Ave	4049200	37
S 45th St E	4050050	64
W Okmulgee Ave	4050050	64
W Shawnee St	4050050	56
Border Ave	4050050	48
S 24th St W	4050050	48
N Main St	4050050	46
E Hancock Rd	4050050	45
W Hancock Rd	4050050	45
S 35th St E	4050050	44
E 43rd St S	4050050	42
E Lindsey St	4052500	94
Alameda St	4052500	85
E Imhoff Rd	4052500	85
E Franklin Rd	4052500	82
E Rock Creek Rd	4052500	78
E Tecumseh Rd	4052500	76
E Cedar Lane Rd	4052500	67
W Robinson St	4052500	65
E Robinson St	4052500	62
36th Ave NW	4052500	59
W Reno Ave	4055000	193
N Pennsylvania Ave	4055000	192
N Western Ave	4055000	191
N May Ave	4055000	178
N County Line Rd	4055000	170
N Classen Blvd	4055000	155
SE 89th St	4055000	150
SW 89th St	4055000	147
NW 10th St	4055000	140
S Pennsylvania Ave	4055000	135
E 76th St N	4056650	53
N 129th East Ave	4056650	51
E 106th St N	4056650	44
E 86th St N	4056650	36
N 145th Ave E	4056650	36
E 96th St N	4056650	30
E 100th St N	4056650	28
N 97th East Ave	4056650	28
N Birch St	4056650	23
N Garnett Rd	4056650	22
N Kickapoo St	4066800	94
Bethel Rd	4066800	62
Hardesty Rd	4066800	61
Garretts Lake Rd	4066800	52
Brangus Rd	4066800	49
N Bryan St	4066800	47
N Market Ave	4066800	47
N Harrison St	4066800	46
Coker Rd	4066800	45
E W 116	4066800	45
N3340 Rd	4070300	116
E0610 Rd	4070300	102
W 6th Ave	4070300	102
E 6th Ave	4070300	95
E0600 Rd	4070300	89
E0670 Rd	4070300	81
N3300 Rd	4070300	71
E 19th St	4070300	63
E0660 Rd	4070300	62
N3320 Rd	4070300	61
S Sheridan Rd	4075000	146
E 31st St S	4075000	122
E 15th St	4075000	121
E 41st St S	4075000	115
E 15th St N	4075000	112
S 33rd E Ave	4075000	112
S Lewis Ave	4075000	111
Riverside Dr	4075000	106
E 12th St	4075000	103
S Louisville Ave	4075000	102
Santiam Hwy SE	4101000	45
NW Springhill Dr	4101000	43
Knox Butte Rd E	4101000	36
Columbus St SE	4101000	35
Geary St SE	4101000	34
Jackson St SE	4101000	34
NW Scenic Dr	4101000	33
Scravel Hill Rd NE	4101000	30
NW Independence Hwy	4101000	28
Pacific Blvd SE	4101000	28
SW Farmington Rd	4105350	90
SW Scholls Ferry Rd	4105350	68
SW Murray Blvd	4105350	66
SW Walker Rd	4105350	48
SW Hart Rd	4105350	46
SW 155th Ave	4105350	41
SW Allen Blvd	4105350	41
SW Hall Blvd	4105350	39
SW Beaverton-Hillsdale Hwy	4105350	38
SW Baseline Rd	4105350	34
McKenzie-bend Hwy	4105800	86
Central Oregon Hwy	4105800	59
NE Butler Market Rd	4105800	45
Bear Creek Rd	4105800	39
Skyliners Rd	4105800	39
NE Purcell Blvd	4105800	37
Deschutes Market Rd	4105800	28
NE 6th St	4105800	26
Old Bend Redmond Hwy	4105800	26
Hunnell Rd	4105800	25
SW 3rd St	4115800	48
NW Harrison Blvd	4115800	38
SW Western Blvd	4115800	38
NW Monroe Ave	4115800	31
SW 53rd St	4115800	31
NW 9th St	4115800	30
NW Highland Dr	4115800	30
NW Van Buren Ave	4115800	30
SW Philomath Blvd	4115800	30
NW Polk Ave	4115800	29
Willamette St	4123850	73
Fox Hollow Rd	4123850	70
Franklin Blvd	4123850	69
W 11th Ave	4123850	68
Lorane Hwy	4123850	63
Hilyard St	4123850	60
W 18th Ave	4123850	59
Gilham Rd	4123850	57
Coburg Rd	4123850	53
Territorial Hwy	4123850	53
Nehalem Hwy	4126200	33
Pacific Ave	4126200	30
Willamina Ave	4126200	30
Cedar St	4126200	27
Main St	4126200	27
19th Ave	4126200	24
Elm St	4126200	24
B St	4126200	23
Douglas St	4126200	22
NW Thatcher Rd	4126200	20
Redwood Hwy	4130550	91
Murphy-Williams Hwy	4130550	82
Applegate Ave	4130550	78
Lower River Rd	4130550	73
Rogue River Hwy	4130550	69
Cloverlawn Dr	4130550	66
Redwood Ave	4130550	66
Monument Dr	4130550	63
New Hope Rd	4130550	55
Fish Hatchery Rd	4130550	43
SE Stark St	4131250	32
SE 282nd Ave	4131250	31
SE Hogan Ave	4131250	29
SE Orient Dr	4131250	29
W Powell Blvd	4131250	29
NW Division St	4131250	26
NE Division St	4131250	25
NE Kane Dr	4131250	24
SE Powell Valley Rd	4131250	24
NW 1st St	4131250	23
SE Clatsop St	4132050	66
SE Sunnyside Rd	4132050	56
SE 172nd Ave	4132050	41
SE 82nd Ave	4132050	39
SE 132nd Ave	4132050	33
SE Mather Rd	4132050	28
SE 82nd Dr	4132050	25
SE William Otty Rd	4132050	23
SE 126th Ave	4132050	22
SE 152nd Ave	4132050	22
E Main St	4134100	41
NW Cornelius Pass Rd	4134100	39
SE Maple St	4134100	35
SW Hillsboro Hwy	4134100	33
SW Bald Peak Rd	4134100	32
NW Evergreen Rd	4134100	29
NW West Union Rd	4134100	28
SE Walnut St	4134100	28
NE Lincoln St	4134100	27
SW Baseline Rd	4134100	26
River Rd N	4138500	47
Wheatland Rd N	4138500	43
River Rd NE	4138500	37
Chemawa Rd NE	4138500	25
Cherry Ave NE	4138500	24
Chemawa Rd N	4138500	23
Windsor Island Rd N	4138500	22
Clear Lake Rd NE	4138500	17
Verda Ln NE	4138500	17
Perkins Rd NE	4138500	15
Boones Ferry Rd	4140550	45
SW Childs Rd	4140550	43
Goodall Rd	4140550	34
Carman Dr	4140550	31
Lakeview Blvd	4140550	30
SW Bryant Rd	4140550	28
Pilkington Rd	4140550	26
SW Country Club Rd	4140550	26
Washington Ct	4140550	23
Knaus Rd	4140550	21
NW Baker Creek Rd	4145000	45
SW Peavine Rd	4145000	31
W 2nd St	4145000	29
NE Evans St	4145000	23
NE Riverside Dr	4145000	23
SW Fellows St	4145000	23
SW Redmond Hill Rd	4145000	23
NE Lafayette Ave	4145000	21
NW Wallace Rd	4145000	21
NW Westside Rd	4145000	20
S Pacific Hwy	4147000	58
S Stage Rd	4147000	58
Hillcrest Rd	4147000	57
Jacksonville Hwy	4147000	48
Dark Hollow Rd	4147000	47
Crater Lake Ave	4147000	46
Biddle Rd	4147000	36
Delta Waters Rd	4147000	36
E Barnett Rd	4147000	35
Griffin Creek Rd	4147000	35
NE North Valley Rd	4152100	38
Yamhill-Newberg Hwy	4152100	34
NE Chehalem Dr	4152100	33
N Main St	4152100	32
N College St	4152100	28
NE Wilsonville Rd	4152100	23
N Springbrook Rd	4152100	22
N Meridian St	4152100	21
E 2nd St	4152100	20
NE Hillsboro Hwy	4152100	19
S Redland Rd	4155200	58
Cascade Hwy	4155200	40
S End Rd	4155200	40
S Holcomb Blvd	4155200	40
S Leland Rd	4155200	38
S Beavercreek Rd	4155200	37
S Central Point Rd	4155200	34
Washington St	4155200	33
S Forsythe Rd	4155200	32
S Maple Lane Rd	4155200	30
E Burnside St	4159000	193
SE Division St	4159000	189
SE Stark St	4159000	183
NE Glisan St	4159000	172
NE Halsey St	4159000	171
NE Fremont St	4159000	158
NE Sandy Blvd	4159000	155
SE Powell Blvd	4159000	152
N Lombard St	4159000	141
SE Holgate Blvd	4159000	123
SW Canal Blvd	4161200	36
SW Obsidian Ave	4161200	36
NW 10th St	4161200	31
W Antler Ave	4161200	29
McKenzie Hwy	4161200	28
The Dalles-California Hwy	4161200	28
NW 8th St	4161200	27
SW Salmon Ave	4161200	27
NE O'Neil Hwy	4161200	26
SW 27th St	4161200	26
State St	4164900	109
Liberty Rd S	4164900	95
Center St NE	4164900	90
Sunnyview Rd NE	4164900	83
Commercial St SE	4164900	74
Portland Rd NE	4164900	72
Lancaster Dr NE	4164900	68
Silverton Rd NE	4164900	61
Macleay Rd SE	4164900	58
Cordon Rd NE	4164900	57
Main St	4169600	93
E St	4169600	62
McKenzie Hwy	4169600	51
Jasper Rd	4169600	49
A St	4169600	47
Marcola Rd	4169600	45
Hayden Bridge Rd	4169600	41
D St	4169600	38
B St	4169600	37
Camp Creek Rd	4169600	37
SW Hall Blvd	4173650	58
SW Pacific Hwy	4173650	46
SW Bull Mountain Rd	4173650	40
SW 72nd Ave	4173650	39
SW Beef Bend Rd	4173650	38
SW North Dakota St	4173650	35
SW Garden Home Rd	4173650	31
SW Locust St	4173650	31
SW 121st Ave	4173650	30
SW Oleson Rd	4173650	30
SW 65th Ave	4174950	54
SW Boones Ferry Rd	4174950	34
SW Martinazzi Ave	4174950	25
SW 108th Ave	4174950	23
SW Tualatin Rd	4174950	23
SW Tualatin Sherwood Rd	4174950	19
SW Avery St	4174950	18
SW Borland Rd	4174950	18
SW 106th Ave	4174950	17
SW Stafford Rd	4174950	17
Pacific Hwy	4180150	47
Rosemont Rd	4180150	38
Willamette Falls Dr	4180150	31
Bland Cir	4180150	19
Sunset Ave	4180150	19
Suncrest Dr	4180150	18
SW Mountain Rd	4180150	17
Carriage Way	4180150	15
SW Borland Rd	4180150	15
SW Petes Mountain Rd	4180150	15
SW Wilsonville Rd	4182800	47
Wilsonville Rd	4182800	39
SW Parkway Ave	4182800	27
SW Barber St	4182800	23
SW Grahams Ferry Rd	4182800	21
SW Boeckman Rd	4182800	20
SW Boones Ferry Rd	4182800	20
Canyon Creek Rd	4182800	15
SW Arbor Lake Dr	4182800	14
SW Advance Rd	4182800	12
N Pacific Hwy	4183750	24
W Hayes St	4183750	24
Arbor Grove Rd NE	4183750	22
Monitor McKee Rd NE	4183750	22
N Front St	4183750	22
Crosby Rd NE	4183750	20
Portland Rd NE	4183750	19
Hillsboro-Silverton Hwy	4183750	18
S Monte Cristo Rd	4183750	18
Brown St	4183750	17
W Liberty St	4202000	91
W Chew St	4202000	86
W Tilghman St	4202000	86
W Walnut St	4202000	80
Early St	4202000	66
Andrew St	4202000	63
Page St	4202000	61
James St	4202000	60
Utica St	4202000	60
W Washington St	4202000	60
Kettle Rd	4202184	56
E Pleasant Valley Blvd	4202184	50
5th Ave	4202184	48
4th Ave	4202184	46
6th Ave	4202184	44
3rd St	4202184	43
4th St	4202184	42
Pleasant Valley Blvd	4202184	42
7th Ave	4202184	39
9th St	4202184	39
Washington Rd	4206064	73
Library Rd	4206064	58
S Park Rd	4206064	31
Berryman Ave	4206064	26
Bethel Church Rd	4206064	26
Fort Couch Rd	4206064	24
Ridge Rd	4206064	24
Kings School Rd	4206064	22
Logan Rd	4206064	22
Corrigan Dr	4206064	20
Linden St	4206088	60
Main St	4206088	52
Schoenersville Rd	4206088	44
Broadway	4206088	41
Center St	4206088	40
Easton Ave	4206088	40
W North St	4206088	37
W Union Blvd	4206088	37
W Market St	4206088	32
W Raspberry St	4206088	32
W 2nd St	4213208	51
Mary St	4213208	36
W 3rd St	4213208	36
W 7th St	4213208	36
W 9th St	4213208	34
W 10th St	4213208	33
Concord Ave	4213208	31
Upland St	4213208	27
W 6th St	4213208	26
W 12th St	4213208	25
Northampton St	4221648	46
Ferry St	4221648	37
Spring Garden St	4221648	32
Bushkill St	4221648	29
Pine St	4221648	29
Morgan Hill Rd	4221648	27
Butler St	4221648	26
Lehigh St	4221648	26
S Delaware Dr	4221648	25
Church St	4221648	24
Peach St	4224000	104
W Lake Rd	4224000	72
W 38th St	4224000	70
W 26th St	4224000	68
Cherry St	4224000	67
W 12th St	4224000	67
W 32nd St	4224000	63
W 6th St	4224000	61
Buffalo Rd	4224000	57
State St	4224000	53
N 6th St	4232800	74
N Front St	4232800	70
N 3rd St	4232800	67
N 2nd St	4232800	63
Walnut St	4232800	60
Green St	4232800	52
Herr St	4232800	50
N 4th St	4232800	44
Market St	4232800	43
Boas St	4232800	42
N Laurel St	4233408	35
S Church St	4233408	34
N Church St	4233408	33
N Vine St	4233408	30
N Locust St	4233408	29
N Wyoming St	4233408	28
S Poplar St	4233408	25
N James St	4233408	24
N Manhattan Ct	4233408	24
W 13th St	4233408	24
Marietta Ave	4241216	59
Columbia Ave	4241216	50
Lititz Pike	4241216	41
Lincoln Hwy E	4241216	36
Wabank Rd	4241216	36
Harrisburg Pike	4241216	35
Old Philadelphia Pike	4241216	35
Lampeter Rd	4241216	34
Manheim Pike	4241216	33
Rohrerstown Rd	4241216	31
N 7th St	4242168	57
Lehman St	4242168	47
Church St	4242168	33
Guilford St	4242168	32
Mount Zion Rd	4242168	31
N 8th St	4242168	27
E Lehman St	4242168	26
Willow St	4242168	25
Mifflin St	4242168	24
E Maple St	4242168	20
Haymaker Rd	4250528	38
William Penn Hwy	4250528	32
Northern Pike	4250528	27
Old William Penn Hwy	4250528	22
Monroeville Blvd	4250528	21
Center Rd	4250528	20
Garden City Dr	4250528	18
James St	4250528	16
Tilbrook Rd	4250528	16
Old Frankstown Rd	4250528	14
Markley St	4254656	26
Stanbridge St	4254656	25
W Airy St	4254656	25
Arch St	4254656	23
Dekalb St	4254656	23
W Elm St	4254656	23
Green St	4254656	22
Old Arch Rd	4254656	20
Swede Rd	4254656	20
W Lafayette St	4254656	20
Frankford Ave	4260000	199
Germantown Ave	4260000	188
Ridge Ave	4260000	161
N Broad St	4260000	160
Roosevelt Blvd	4260000	137
N 16th St	4260000	121
Rising Sun Ave	4260000	121
W Girard Ave	4260000	115
Jackson St	4260000	114
N 20th St	4260000	113
Penn Ave	4261000	107
5th Ave	4261000	96
Forbes Ave	4261000	80
Liberty Ave	4261000	79
Beechwood Blvd	4261000	69
Centre Ave	4261000	64
Perrysville Ave	4261000	60
Brighton Rd	4261000	57
Arlington Ave	4261000	56
Chartiers Ave	4261000	55
Saltsburg Rd	4261536	55
Hulton Rd	4261536	32
Verona Rd	4261536	32
New Texas Rd	4261536	21
Center Ave	4261536	19
Old Frankstown Rd	4261536	17
Old Leechburg Rd	4261536	17
Unity Center Rd	4261536	17
2nd St	4261536	16
Golden Mile Hwy	4261536	16
Elm St	4263624	42
Walnut St	4263624	42
Spruce St	4263624	41
Chestnut St	4263624	38
Franklin St	4263624	38
Buttonwood St	4263624	37
N Front St	4263624	37
N 11th St	4263624	35
Spring St	4263624	34
N 13th St	4263624	32
N Main Ave	4269000	66
Hamm Ct	4269000	48
Donnelly Ct	4269000	46
Kirst Ct	4269000	45
N Washington Ave	4269000	45
Pittston Ave	4269000	43
Luzerne St	4269000	42
Herz Ct	4269000	41
Cedar Ave	4269000	40
Vine St	4269000	39
S Atherton St	4273808	31
W College Ave	4273808	28
E College Ave	4273808	27
S Allen St	4273808	25
W Whitehall Rd	4273808	23
University Dr	4273808	20
S Pugh St	4273808	19
W Beaver Ave	4273808	19
Westerly Pkwy	4273808	18
W Foster Ave	4273808	17
Bear Creek Blvd	4285152	52
Scott St	4285152	49
N Main St	4285152	41
E Northampton St	4285152	36
N River St	4285152	31
N Washington St	4285152	30
S River St	4285152	30
S Main St	4285152	28
Carey Ave	4285152	25
E Main St	4285152	25
W 4th St	4285312	71
Rt 87 Hwy	4285312	48
Memorial Ave	4285312	47
Lycoming Creek Rd	4285312	40
Market St	4285312	40
E 3rd St	4285312	39
Northway Rd	4285312	34
W 3rd St	4285312	34
Hepburn St	4285312	33
High St	4285312	33
W Market St	4287048	52
W Philadelphia St	4287048	39
W Clarke Ave	4287048	37
W King St	4287048	34
W Princess St	4287048	34
Roosevelt Ave	4287048	33
W Mason Ave	4287048	32
W College Ave	4287048	29
Greenbriar Rd	4287048	27
N Beaver St	4287048	20
Cranston St	4419180	89
Pontiac Ave	4419180	85
Phenix Ave	4419180	65
Park Ave	4419180	54
Oaklawn Ave	4419180	48
Scituate Ave	4419180	48
Reservoir Ave	4419180	40
Atwood Ave	4419180	33
Budlong Rd	4419180	27
Dyer Ave	4419180	27
Pawtucket Ave	4422960	109
Willett Ave	4422960	52
Warren Ave	4422960	49
Waterman Ave	4422960	46
Bullocks Point Ave	4422960	39
Wampanoag Trl	4422960	32
Roger Williams Ave	4422960	30
Taunton Ave	4422960	29
Veterans Memorial Pkwy	4422960	29
N Broadway	4422960	23
Armistice Blvd	4454640	59
Newport Ave	4454640	51
Main St	4454640	47
Central Ave	4454640	41
Cottage St	4454640	36
Beverage Hill Ave	4454640	35
Benefit St	4454640	33
Broadway	4454640	33
Power Rd	4454640	32
York Ave	4454640	32
Broad St	4459000	128
Hartford Ave	4459000	103
Smith St	4459000	100
Elmwood Ave	4459000	78
Douglas Ave	4459000	73
Chalkstone Ave	4459000	71
Hope St	4459000	68
Charles St	4459000	65
Mineral Spring Ave	4459000	61
N Main St	4459000	59
Post Rd	4474300	177
W Shore Rd	4474300	127
Warwick Ave	4474300	98
Greenwich Ave	4474300	44
Narragansett Pkwy	4474300	44
Centerville Rd	4474300	40
Middle Rd	4474300	39
Warwick Neck Ave	4474300	39
Cowesett Rd	4474300	36
Sandy Ln	4474300	36
Mendon Rd	4480780	34
Diamond Hill Rd	4480780	27
Cass Ave	4480780	25
Logee St	4480780	22
Elm St	4480780	21
Park Ave	4480780	20
Social St	4480780	19
Bernon St	4480780	18
S Main St	4480780	17
N Main St	4480780	15
Silver Bluff Rd	4500550	80
Augusta Aiken Rd	4500550	79
Whiskey Rd	4500550	74
Williston Rd	4500550	59
Edgefield Hwy	4500550	58
Banks Mill Rd	4500550	44
Powderhouse Rd SE	4500550	37
Colleton Ave SE	4500550	36
S Boundary Ave SE	4500550	36
Wagener Rd	4500550	35
N Main St	4501360	46
Abbeville Hwy	4501360	39
E River St	4501360	39
W Whitner St	4501360	36
Concord Rd	4501360	35
Airline Rd	4501360	34
S Main St	4501360	34
E Calhoun St	4501360	33
Old Williamston Rd	4501360	33
Clemson Blvd	4501360	32
May River Rd	4507210	56
Fording Island Rd	4507210	35
Alljoy Rd	4507210	26
Hampton Lake Dr	4507210	20
Goethe Rd	4507210	19
Bluffton Rd	4507210	18
Buck Island Rd	4507210	18
Farnsleigh Ave	4507210	18
Simmonsville Rd	4507210	18
Mount Pelia Rd	4507210	16
River Rd	4513330	120
Ashley River Rd	4513330	106
Folly Rd	4513330	92
Savannah Hwy	4513330	88
Maybank Hwy	4513330	78
Chisolm Rd	4513330	77
King St	4513330	66
Seabrook Island Rd	4513330	63
Riverland Dr	4513330	61
Fort Johnson Rd	4513330	60
Garners Ferry Rd	4516000	153
Farrow Rd	4516000	83
Bluff Rd	4516000	80
Monticello Rd	4516000	80
Broad River Rd	4516000	79
Bush River Rd	4516000	66
Leesburg Rd	4516000	64
Rosewood Dr	4516000	62
Blossom St	4516000	60
N Main St	4516000	59
Long Ave Exd	4516405	57
Pee Dee Hwy	4516405	54
Church St	4516405	50
Oak St	4516405	45
9th Ave	4516405	44
Broad St	4516405	43
Old Reaves Ferry Rd	4516405	39
Cates Bay Hwy	4516405	37
Juniper Bay Rd	4516405	37
Dunn Short Cut Rd	4516405	33
Calhoun Memorial Hwy	4521985	63
Saluda Dam Rd	4521985	46
Farrs Bridge Rd	4521985	40
Dacusville Hwy	4521985	39
Dacusville Rd	4521985	36
Jameson Rd	4521985	25
Gentry Memorial Hwy	4521985	24
Robert P Jeanes Rd	4521985	23
Hunts Bridge Rd	4521985	22
Highland Rd	4521985	19
E Palmetto St	4525810	85
W Palmetto St	4525810	82
Pamplico Hwy	4525810	61
E National Cemetery Rd	4525810	56
S Irby St	4525810	54
3rd Loop Rd	4525810	52
2nd Loop Rd	4525810	48
N Williston Rd	4525810	46
W Sumter St	4525810	41
E Old Marion Hwy	4525810	38
Dobys Bridge Rd	4526890	34
Regent Pkwy	4526890	23
Steele St	4526890	23
King's Bottom Dr	4526890	20
Charlotte Hwy	4526890	19
Spratt St	4526890	18
Tom Hall St	4526890	16
Williams Rd	4526890	16
Banks Rd	4526890	15
Felts Pkwy	4526890	14
Saint James Ave	4529815	55
Red Bank Rd	4529815	52
State Rd	4529815	52
Jedburg Rd	4529815	31
Calamus Pond Rd	4529815	26
N Main St	4529815	26
Old Back River Rd	4529815	26
Hamlet Cir	4529815	23
College Park Rd	4529815	22
Crowfield Blvd	4529815	22
Laurens Rd	4530850	58
N Pleasantburg Dr	4530850	50
Poinsett Hwy	4530850	48
Rutherford Rd	4530850	43
Old Buncombe Rd	4530850	39
Woodruff Rd	4530850	36
E North St	4530850	35
Paris Mountain Rd	4530850	32
State Park Rd	4530850	30
Parkins Mill Rd	4530850	28
County Rd	4530985	53
S Buncombe Rd	4530985	42
W Wade Hampton Blvd	4530985	41
Brockman McClimon Rd	4530985	40
Abner Creek Rd	4530985	39
Brushy Creek Rd	4530985	33
Victor Hill Rd	4530985	32
E Wade Hampton Blvd	4530985	31
Devenger Rd	4530985	29
S Main St	4530985	27
William Hilton Pkwy	4534045	46
Seabrook Dr	4534045	30
Long Cove Dr	4534045	27
Marshland Rd	4534045	26
Mooring Buoy	4534045	23
Fort Howell Dr	4534045	22
Spanish Wells Rd	4534045	22
Wedgefield Dr	4534045	20
Greenwood Dr	4534045	19
S Sea Pines Dr	4534045	19
Sunset Blvd	4541335	48
Old Cherokee Rd	4541335	47
N Lake Dr	4541335	38
Augusta Hwy	4541335	31
Old Chapin Rd	4541335	30
Barr Rd	4541335	27
Park Rd	4541335	27
Calks Ferry Rd	4541335	23
Corley Mill Rd	4541335	23
S Lake Dr	4541335	23
Ashmore Bridge Rd	4545115	24
E Butler Rd	4545115	23
Brooks Rd	4545115	15
Bethel Dr	4545115	14
Adams Mill Rd	4545115	13
Old Mill Rd	4545115	12
Central Ave	4545115	8
N Main St	4545115	8
W Butler Rd	4545115	8
Baldwin Cir	4545115	7
Rifle Range Rd	4548535	54
Long Point Rd	4548535	39
Commonwealth Dr	4548535	34
Mathis Ferry Rd	4548535	31
Omni Blvd	4548535	30
Old Georgetown Rd	4548535	28
Porchers Bluff Rd	4548535	26
Venning Rd	4548535	24
Frontage Rd	4548535	22
Chuck Dawley Blvd	4548535	21
N Kings Hwy	4549075	117
N Ocean Blvd	4549075	85
S Kings Hwy	4549075	51
Oak St	4549075	35
Kings Rd	4549075	34
S Ocean Blvd	4549075	30
Yaupon Dr	4549075	30
Porcher Dr	4549075	23
48th Ave N	4549075	20
Howard Ave	4549075	20
Edgefield Rd	4550695	64
Georgia Ave	4550695	42
W Martintown Rd	4550695	33
Five Notch Rd	4550695	32
Audubon Cir	4550695	20
E Buena Vista Ave	4550695	20
W Woodlawn Ave	4550695	20
Cherokee Dr	4550695	19
E Martintown Rd	4550695	19
Ridge Rd	4550695	19
Dorchester Rd	4550875	195
Rivers Ave	4550875	152
Ashley Phosphate Rd	4550875	52
Meeting Street Rd	4550875	45
Remount Rd	4550875	44
Ladson Rd	4550875	43
Spruill Ave	4550875	41
W Montague Ave	4550875	41
Old Trolley Rd	4550875	36
Sumner Ave	4550875	31
Mount Gallant Rd	4561405	92
Celanese Rd	4561405	54
India Hook Rd	4561405	51
McConnells Hwy	4561405	49
N Cherry Rd	4561405	43
W Main St	4561405	39
S Anderson Rd	4561405	38
Ogden Rd	4561405	35
Saluda Rd	4561405	33
Porter Rd	4561405	31
W Georgia Rd	4566580	44
New Neely Ferry Rd	4566580	41
Fairview Rd	4566580	29
Fork Shoals Rd	4566580	20
Farming Creek Dr	4566580	18
Grandview Dr	4566580	18
Davenport Rd	4566580	17
Brentwood Way	4566580	16
Harrison Bridge Rd	4566580	15
E Standing Springs Rd	4566580	12
Reidville Rd	4568290	74
S Pine St	4568290	63
Southport Rd	4568290	60
S 31	4568290	56
E Main St	4568290	52
Union St	4568290	40
Country Club Rd	4568290	33
Carolina Country Club Rd	4568290	32
S Church St	4568290	31
Willis Rd	4568290	27
Orangeburg Rd	4570270	58
Boone Hill Rd	4570270	46
Central Ave	4570270	46
W 5th North St	4570270	24
W Butternut Rd	4570270	22
N Main St	4570270	20
Embassy Dr	4570270	19
Renau Blvd	4570270	19
N Maple St	4570270	17
Simmons Ave	4570270	17
Broad St	4570405	113
N Main St	4570405	89
Myrtle Beach Hwy	4570405	84
Boulevard Rd	4570405	51
Oswego Hwy	4570405	49
Camden Hwy	4570405	47
Old Manning Rd	4570405	45
Loring Mill Rd	4570405	43
Alice Dr	4570405	41
S Guignard Dr	4570405	36
382nd Ave	4600100	38
132nd St	4600100	37
133rd St	4600100	35
391st Ave	4600100	33
South Dakota St	4600100	33
140th St	4600100	31
387th Ave	4600100	31
389th Ave	4600100	31
390th Ave	4600100	31
383rd Ave	4600100	30
470th Ave	4607580	52
471st Ave	4607580	44
473rd Ave	4607580	36
472nd Ave	4607580	35
469th Ave	4607580	33
6th St	4607580	33
Medary Ave S	4607580	31
8th St S	4607580	30
Main Ave S	4607580	29
207th St	4607580	26
Sheridan Lake Rd	4652980	84
Jackson Blvd	4652980	57
E 53rd St	4652980	53
Country Rd	4652980	46
Nemo Rd	4652980	46
W Main St	4652980	40
Jolly Ln	4652980	38
Longview Rd	4652980	37
Haines Ave	4652980	33
5th St	4652980	32
E 26th St	4659020	75
W 12th St	4659020	73
E 18th St	4659020	60
W 26th St	4659020	59
E 10th St	4659020	58
W 41st St	4659020	58
E 33rd St	4659020	54
W 18th St	4659020	52
W 57th St	4659020	49
469th Ave	4659020	48
Stage Rd	4703440	42
Memphis Arlington Rd	4703440	39
Appling Rd	4703440	31
Old Brownsville Rd	4703440	26
Reese Rd	4703440	23
Egypt Central Rd	4703440	19
Saint Elmo Rd	4703440	19
Altruria Rd	4703440	18
Covington Pike	4703440	15
Ellis Rd	4703440	15
Concord Rd	4708280	37
Old Hickory Blvd	4708280	34
Franklin Rd	4708280	31
Governors Way	4708280	31
Wilson Pike	4708280	30
Sunset Rd	4708280	25
Moores Ln	4708280	24
Granny White Pike	4708280	23
Maryland Way	4708280	21
Murray Ln	4708280	18
Volunteer Pkwy	4708540	106
Weaver Pike	4708540	67
W State St	4708540	48
Bluff City Hwy	4708540	44
Old Jonesboro Rd	4708540	43
Carl Moore Pkwy	4708540	37
Hickory Tree Rd	4708540	37
Blountville Hwy	4708540	33
Bristol Caverns Hwy	4708540	33
Broad St	4708540	29
Hixson Pike	4714000	123
Dayton Blvd	4714000	105
Shallowford Rd	4714000	77
E Brainerd Rd	4714000	71
Bonny Oaks Dr	4714000	59
E Main St	4714000	57
Broad St	4714000	51
Dodds Ave	4714000	50
Central Ave	4714000	49
Lee Hwy	4714000	47
Fort Campbell Blvd	4715160	83
Madison St	4715160	80
Ashland City Rd	4715160	69
Wilma Rudolph Blvd	4715160	53
Dover Rd	4715160	40
Memorial Dr	4715160	38
Peachers Mill Rd	4715160	37
Rossview Rd	4715160	37
Trenton Rd	4715160	33
Dotsonville Rd	4715160	32
Georgetown Rd NW	4715400	70
Keith St NW	4715400	56
Blue Springs Rd	4715400	52
N Ocoee St	4715400	52
Mouse Creek Rd NW	4715400	45
Harrison Pike	4715400	38
Peerless Rd NW	4715400	38
S Lee Hwy	4715400	35
Lead Mine Valley Rd SW	4715400	32
Freewill Rd NW	4715400	31
W Poplar Ave	4716420	34
Halle Pkwy	4716420	31
E Shelby Dr	4716420	28
Peterson Lake Rd	4716420	22
W Powell Rd	4716420	20
S Byhalia Rd	4716420	19
Sycamore Rd	4716420	19
Collierville Arlington Rd	4716420	18
E Harpers Ferry Rd	4716420	16
Holmes Rd	4716420	16
Bear Creek Pike	4716540	57
Santa Fe Pike	4716540	56
Trotwood Ave	4716540	52
Hampshire Pike	4716540	49
Campbellsville Pike	4716540	47
Nashville Hwy	4716540	45
Main St	4716540	38
Theta Pike	4716540	38
Williamsport Pike	4716540	37
Carters Creek Pike	4716540	34
W Broad St	4716920	77
S Jefferson Ave	4716920	64
Buffalo Valley Rd	4716920	58
S Willow Ave	4716920	52
E Spring St	4716920	51
N Washington Ave	4716920	50
Hilham Rd	4716920	45
Fisk Rd	4716920	42
Gainesboro Grade	4716920	42
E 10th St	4716920	37
Lovell Rd	4725760	40
Kingston Pike	4725760	35
Hardin Valley Rd	4725760	32
N Campbell Station Rd	4725760	27
Everett Rd	4725760	20
Yarnell Rd	4725760	20
Concord Rd	4725760	19
Turkey Creek Rd	4725760	17
Snyder Rd	4725760	16
Brochardt Blvd	4725760	15
Murfreesboro Rd	4727740	58
Lewisburg Pike	4727740	57
Hillsboro Rd	4727740	37
Old Hillsboro Rd	4727740	36
W Main St	4727740	33
Championship Blvd	4727740	32
Liberty Pike	4727740	31
Clovercroft Rd	4727740	30
Columbia Ave	4727740	30
Mallory Ln	4727740	29
S Water Ave	4728540	43
Hartsville Pike	4728540	40
Nashville Pike	4728540	36
Long Hollow Pike	4728540	29
E Main St	4728540	26
Airport Rd	4728540	23
Dobbins Pike	4728540	22
Red River Rd	4728540	22
N Water Ave	4728540	21
Lock 4 Park Rd	4728540	20
Poplar Ave	4728960	70
Poplar Pike	4728960	61
Dogwood Rd	4728960	42
Wolf River Blvd	4728960	34
Farmington Blvd	4728960	33
Kimbrough Rd	4728960	31
Riverdale Rd	4728960	31
S Germantown Rd	4728960	31
Johnson Rd	4728960	30
Neshoba Rd	4728960	27
New Shackle Island Rd	4733280	33
Indian Lake Rd	4733280	31
Walton Ferry Rd	4733280	31
Sanders Ferry Rd	4733280	27
E Main St	4733280	24
Saundersville Rd	4733280	24
Center Point Rd	4733280	23
Tyree Springs Rd	4733280	23
Long Hollow Pike	4733280	22
W Main St	4733280	22
N Highland Ave	4737640	96
Airways Blvd	4737640	56
Hollywood Dr	4737640	53
N Royal St	4737640	46
Campbell St	4737640	45
North Pkwy	4737640	45
E Chester St	4737640	44
Old Humboldt Rd	4737640	42
Ashport Rd	4737640	41
Lower Brownsville Rd	4737640	40
W Market St	4738320	80
N Roan St	4738320	77
Gray Station Rd	4738320	53
Knob Creek Rd	4738320	52
Carroll Creek Rd	4738320	47
Austin Springs Rd	4738320	42
Bristol Hwy	4738320	42
Cherokee Rd	4738320	40
W Walnut St	4738320	39
E Oakland Ave	4738320	38
Fort Henry Dr	4739560	103
Bloomingdale Pike	4739560	90
E Stone Dr	4739560	77
Memorial Blvd	4739560	62
Lynn Garden Dr	4739560	50
Rock Springs Rd	4739560	49
Orebank Rd	4739560	44
E Center St	4739560	43
W Stone Dr	4739560	35
Moreland Dr	4739560	31
Kingston Pike	4740000	116
Asheville Hwy	4740000	107
S Northshore Dr	4740000	105
Chapman Hwy	4740000	82
N Broadway St	4740000	79
Strawberry Plains Pike	4740000	75
Washington Pike NE	4740000	70
Westland Dr	4740000	70
Thorn Grove Pike	4740000	68
Middlebrook Pike	4740000	63
Murfreesboro Rd	4741200	49
Waldron Rd	4741200	24
Bill Stewart Blvd	4741200	21
Davids Way	4741200	20
Holland Ridge Dr	4741200	20
Stones River Rd	4741200	20
Old Nashville Hwy	4741200	19
Jefferson Pike	4741200	18
Hollandale Rd	4741200	16
Floyd Mayfield Dr	4741200	12
Cainsville Rd	4741520	80
Murfreesboro Rd	4741520	62
Coles Ferry Pike	4741520	58
Hartsville Pike	4741520	51
Franklin Rd	4741520	49
W Main St	4741520	47
Cairo Bend Rd	4741520	45
Bluebird Rd	4741520	43
Hickory Ridge Rd	4741520	43
Carthage Hwy	4741520	41
Sevierville Rd	4746380	80
Old Niles Ferry Rd	4746380	71
Morganton Rd	4746380	59
Montvale Rd	4746380	58
W Lamar Alexander Pkwy	4746380	57
Calderwood Hwy	4746380	55
E Broadway Ave	4746380	54
Tuckaleechee Pike	4746380	52
Big Springs Rd	4746380	51
Wildwood Rd	4746380	47
Winchester Rd	4748000	164
Poplar Ave	4748000	157
Jackson Ave	4748000	154
E Shelby Dr	4748000	132
Macon Rd	4748000	127
Lamar Ave	4748000	111
E Holmes Rd	4748000	109
E Raines Rd	4748000	109
S 3rd St	4748000	103
S Pkwy E	4748000	102
W Andrew Johnson Hwy	4750280	94
E Morris Blvd	4750280	77
S Davy Crockett Pkwy	4750280	41
Cherokee Dr	4750280	33
E Andrew Johnson Hwy	4750280	33
Sulphur Springs Rd	4750280	32
Brights Pike	4750280	27
Kidwell Ridge Rd	4750280	25
Panther Creek Rd	4750280	25
W 1st North St	4750280	25
Lebanon Rd	4750780	62
Central Pike	4750780	56
Beckwith Rd	4750780	50
Benders Ferry Rd	4750780	41
Belinda Pkwy	4750780	38
Saundersville Rd	4750780	37
N Mount Juliet Rd	4750780	36
Stewarts Ferry Pike	4750780	36
Nonaville Rd	4750780	34
S Rutland Rd	4750780	31
Sulphur Springs Rd	4751560	60
NW Broad St	4751560	54
Franklin Rd	4751560	47
E Main St	4751560	40
Florence Rd	4751560	37
Memorial Blvd	4751560	37
Bradyville Pike	4751560	36
Middle Tennessee Blvd	4751560	36
S Church St	4751560	36
Manchester Pike	4751560	34
Old Hickory Blvd	4752006	169
Charlotte Pike	4752006	124
Nolensville Pike	4752006	107
Murfreesboro Pike	4752006	86
Dickerson Pike	4752006	81
McGavock Pike	4752006	81
Memphis-Bristol Hwy	4752006	72
Brick Church Pike	4752006	63
Clarksville Pike	4752006	63
Whites Creek Pike	4752006	60
Oak Ridge Tpke	4755120	65
W Outer Dr	4755120	31
Robertsville Rd	4755120	28
S Illinois Ave	4755120	21
East Dr	4755120	19
Emory Valley Rd	4755120	17
Pennsylvania Ave	4755120	16
Lafayette Dr	4755120	15
Outer Dr	4755120	15
New York Ave	4755120	14
Fairfield Pike	4767760	47
N Main St	4767760	44
Madison St	4767760	34
Midland Rd	4767760	31
Old Nashville Dirt Rd	4767760	26
S Cannon Blvd	4767760	25
New Center Church Rd	4767760	21
Warner Bridge Rd	4767760	21
Horse Mountain Rd	4767760	20
Hilltop Rd	4767760	19
Rock Springs Rd	4769420	53
Almaville Rd	4769420	37
Rocky Fork Rd	4769420	35
S Lowry St	4769420	34
Old Nashville Hwy	4769420	28
Florence Rd	4769420	27
Sam Davis Rd	4769420	22
Rocky Fork Almaville Rd	4769420	21
Saint Francis Ave	4769420	19
W Sam Ridley Pkwy	4769420	19
Greens Mill Rd	4770580	29
Duplex Rd	4770580	27
Beechcroft Rd	4770580	26
Jim Warren Rd	4770580	24
Kedron Rd	4770580	21
Miles Johnson Pkwy	4770580	21
Clara Mathis Rd	4770580	17
Buckner Ln	4770580	16
Sugar Ridge Rd	4770580	16
Lasea Rd	4770580	15
Sayles Blvd	4801000	67
S Clack St	4801000	65
S 7th St	4801000	64
Grape St	4801000	60
S 14th St	4801000	59
N 10th St	4801000	58
Buffalo Gap Rd	4801000	57
S 3rd St	4801000	51
N 14th St	4801000	50
Ambler Ave	4801000	48
W McDermott Dr	4801924	43
Twin Creeks Dr	4801924	24
N Alma Dr	4801924	17
W Exchange Pkwy	4801924	16
Comanche Dr	4801924	14
Ridgeview Dr	4801924	14
Bray Central Dr	4801924	12
Glen Rose Dr	4801924	10
Lexington Ave	4801924	10
W Bethany Dr	4801924	10
FM 2917	4802272	30
W South St	4802272	27
E FM 1462 Rd	4802272	26
S Gordon St	4802272	25
Alvin Byp	4802272	24
Mustang Rd	4802272	24
W Adoue St	4802272	23
N Gordon St	4802272	22
W Sealy St	4802272	22
Heights Rd	4802272	21
Canyon Dr	4803000	120
W 34th Ave	4803000	95
S Western St	4803000	70
S Georgia St	4803000	69
Bell St	4803000	57
SW 45th Ave	4803000	52
S Washington St	4803000	42
SE 34th Ave	4803000	33
SE 29th Ave	4803000	30
S Osage St	4803000	28
Houston St	4803300	25
E Houston St	4803300	22
N Powell Pkwy	4803300	15
E FM 455	4803300	11
FM 3133	4803300	10
Cherry Blossom St	4803300	8
FM 2862	4803300	8
FM 3356	4803300	8
FM 455	4803300	8
Lakeshore Dr	4803300	8
S Cooper St	4804000	93
New York Ave	4804000	86
S Collins St	4804000	83
W Arkansas Ln	4804000	70
S Bowen Rd	4804000	68
E Abram St	4804000	63
W Pioneer Pkwy	4804000	59
W Pleasant Ridge Rd	4804000	58
Matlock Rd	4804000	57
Sherry St	4804000	52
N Lamar Blvd	4805000	128
Brodie Ln	4805000	103
Guadalupe St	4805000	90
E Riverside Dr	4805000	88
W William Cannon Dr	4805000	86
Manchaca Rd	4805000	85
W Slaughter Ln	4805000	83
S 1st St	4805000	81
W Parmer Ln	4805000	81
Congress Ave S	4805000	78
S Peachtree Rd	4805372	34
Hickory Tree Rd	4805372	29
Seagoville Rd	4805372	28
Lake June Rd	4805372	26
Pioneer Rd	4805372	26
Elam Rd	4805372	20
Platte Dr	4805372	18
Shepherd Ln	4805372	16
Spring Oak Dr	4805372	13
Ambassador Way	4805372	12
Garth Rd	4806128	95
N Main St	4806128	90
N Alexander Dr	4806128	58
Decker Dr	4806128	50
East Fwy	4806128	45
W Baker Rd	4806128	44
Bayway Dr	4806128	41
W Cedar Bayou Lynchburg Rd	4806128	38
Cedar Bayou Rd	4806128	33
Park St	4806128	30
College St	4807000	78
Washington Blvd	4807000	74
Calder Ave	4807000	69
S M L King Jr Pkwy	4807000	60
Concord Rd	4807000	50
Phelan Blvd	4807000	50
Ave A	4807000	48
Pine St	4807000	48
Eastex Fwy	4807000	47
N Major Dr	4807000	46
Harwood Rd	4807132	56
Airport Fwy	4807132	46
Cummings Dr	4807132	44
Central Dr	4807132	41
Forest Ridge Dr	4807132	41
Bedford Rd	4807132	35
Brown Trl	4807132	31
Murphy Dr	4807132	25
Shady Brook Dr	4807132	24
Martin Dr	4807132	17
FM 439	4807492	46
N Main St	4807492	38
Morgan's Point Rd	4807492	34
Sparta Rd	4807492	34
Elm Grove Rd	4807492	26
FM 1123	4807492	25
N Beal St	4807492	25
S Wall St	4807492	23
N Penelope St	4807492	22
Great W Lp	4807492	21
Boca Chica Blvd	4810768	113
Southmost Rd	4810768	95
Paredes Line Rd	4810768	75
Old Alice Rd	4810768	64
E 14th St	4810768	59
International Blvd	4810768	48
E Ocean Blvd	4810768	43
Old Port Isabel Rd	4810768	40
Military Hwy	4810768	34
General Brant Rd	4810768	33
Tabor Rd	4810912	68
Sandy Point Rd	4810912	56
N Earl Rudder Fwy	4810912	54
Texas Ave	4810912	52
Dilly Shaw Tap Rd	4810912	47
FM 1179	4810912	47
E Wm J Bryan Pkwy	4810912	45
E 29th St	4810912	40
S College Ave	4810912	39
Mumford Rd	4810912	36
E Renfro St	4811428	48
SW Wilshire Blvd	4811428	42
Burleson Retta Rd	4811428	27
S Burleson Blvd	4811428	24
E Rendon Crowley Rd	4811428	23
Retta Mansfield Rd	4811428	23
NW Renfro St	4811428	22
SE John Jones Dr	4811428	21
N Burleson Blvd	4811428	20
NW Summercrest	4811428	19
N Josey Ln	4813024	103
Old Denton Rd	4813024	55
Rosemeade Pkwy E	4813024	51
E Hebron Pkwy	4813024	48
E Frankford Rd	4813024	36
W Hebron Pkwy	4813024	35
Furneaux Ln	4813024	30
Peters Colony Rd E	4813024	28
Keller Springs Rd	4813024	27
Willowgate Ln	4813024	27
S Highland Dr	4813492	31
S Joe Wilson Rd	4813492	26
Straus Rd	4813492	24
W Belt Line Rd	4813492	21
Weaver St	4813492	21
High Pointe Ln	4813492	20
Capricorn Dr	4813492	18
Matterhorn St	4813492	16
E Belt Line Rd	4813492	15
Joe Wilson Rd	4813492	15
Brushy Creek Rd	4813552	24
Old Mill Rd	4813552	23
W Whitestone Blvd	4813552	22
E Whitestone Blvd	4813552	20
Little Elm Trl	4813552	19
N Bell Blvd	4813552	18
Nelson Ranch Loop	4813552	18
S Bell Blvd	4813552	17
El Salido Pkwy	4813552	16
S Lakeline Blvd	4813552	16
FM 455	4813684	66
FM 2478	4813684	25
N Louisiana Dr	4813684	23
W FM 428	4813684	23
S Preston Rd	4813684	20
FM 428	4813684	17
Choate Pkwy	4813684	15
Smiley Rd	4813684	15
N Preston Rd	4813684	13
Sunset Blvd	4813684	13
Green Valley Rd	4814920	39
Haeckerville Rd	4814920	35
FM 1103	4814920	24
Schaefer Rd	4814920	20
Country Ln	4814920	17
Columbia	4814920	16
Lower Seguin Rd	4814920	16
E FM 78	4814920	14
Old Wiederstein Rd	4814920	14
Cherry Tree Dr	4814920	13
E Henderson St	4815364	68
N Main St	4815364	64
FM 1434	4815364	52
Woodard Ave	4815364	38
S Nolan River Rd	4815364	36
N Wilhite St	4815364	32
Country Club Rd	4815364	31
Granbury St	4815364	30
S Main St	4815364	29
N Anglin St	4815364	28
FM 2154 Rd	4815976	48
Rock Prairie Rd	4815976	39
Welsh Ave	4815976	39
Raymond Stotzer Pkwy	4815976	28
Southwest Pkwy	4815976	27
Wellborn Rd	4815976	27
Deacon Dr	4815976	26
N Dowling Rd	4815976	26
Greens Prairie Rd W	4815976	25
Hardy Weedon Rd	4815976	24
W Glade Rd	4815988	39
Blvd 26	4815988	36
Pleasant Run Rd	4815988	27
John McCain Rd	4815988	24
Bransford Rd	4815988	19
Cheek Sparger Rd	4815988	15
W L D Lockett Rd	4815988	14
W McDonwell School Rd	4815988	13
Hall Johnson Rd	4815988	11
Martin Pkwy	4815988	11
N Frazier St	4816432	55
FM 1314 Rd	4816432	54
FM 1484 Rd	4816432	54
FM 3083 Rd	4816432	54
FM 2854	4816432	52
Longmire Rd	4816432	47
N Thompson St	4816432	35
Willis Waukegan Rd	4816432	32
W Davis St	4816432	29
League Line Rd	4816432	28
FM 1516	4816468	22
Toepperwein Rd	4816468	20
FM 78	4816468	19
Binz-Engleman Rd	4816468	12
Green Rd	4816468	12
Weichold	4816468	11
Lone Shadow	4816468	10
Red Iron Creek	4816468	10
S Seguin Rd	4816468	10
Boenig Dr	4816468	9
E Bethel School Rd	4816612	29
E Belt Line Rd	4816612	18
W Sandy Lake Rd	4816612	18
Samuel Blvd	4816612	15
Deforest Rd	4816612	14
Freeport Pkwy	4816612	14
N Denton Tap Rd	4816612	14
Parkway Blvd	4816612	14
S Coppell Rd	4816612	14
S Macarthur Blvd	4816612	14
FM 1113	4816624	35
Lutheran Church Rd	4816624	22
E Robertson Ave	4816624	21
Veterans Ave	4816624	21
Phyllis Dr	4816624	19
S FM 116	4816624	18
Lindsey Dr	4816624	17
N Main St	4816624	15
W Ave B	4816624	15
Bowen Ave	4816624	14
Leopard St	4817000	183
S Padre Island Dr	4817000	150
S Staples St	4817000	116
Mc Ardle Rd	4817000	102
S Alameda St	4817000	98
Ayers St	4817000	83
Gollihar Rd	4817000	82
Up River Rd	4817000	78
Ocean Dr	4817000	77
Holly Rd	4817000	73
W 7th Ave	4817060	51
W 2nd Ave	4817060	42
N Beaton St	4817060	34
W 4th Ave	4817060	34
E 5th Ave	4817060	32
FM 744	4817060	29
W Collin St	4817060	29
W 13th Ave	4817060	26
W 5th Ave	4817060	26
FM 1839	4817060	25
Harry Hines Blvd	4819000	140
N Central Expy	4819000	140
S Westmoreland Rd	4819000	135
Preston Rd	4819000	129
Abrams Rd	4819000	120
Greenville Ave	4819000	117
Skillman St	4819000	115
Walnut Hill Ln	4819000	109
Buckner Blvd	4819000	105
Royal Ln	4819000	105
Center St	4819624	60
Luella Ave	4819624	42
E Pasadena Blvd	4819624	30
W 13th St	4819624	19
E 13th St	4819624	18
Georgia Ave	4819624	17
E P Ave	4819624	14
Ivy Ave	4819624	14
Park Shadow Ln	4819624	12
Arbor Dr	4819624	11
Ave F	4819792	47
N Main St	4819792	29
Barrera Ave	4819792	25
Kings Way	4819792	24
N Bedell Ave	4819792	24
W Garfield St	4819792	24
McLymont St	4819792	23
Plaza Ave	4819792	23
Broadbent Ave	4819792	21
Gillis St	4819792	21
W Crawford St	4819900	46
FM 1753	4819900	37
S Fannin Ave	4819900	36
S Austin Ave	4819900	31
S Mirick Ave	4819900	31
S Scullin Ave	4819900	31
W Day St	4819900	30
W Morton St	4819900	29
W Walker St	4819900	27
W Woodard St	4819900	25
W University Dr	4819972	66
E McKinney St	4819972	59
Teasley Ln	4819972	46
N Locust St	4819972	41
E University Dr	4819972	33
Fort Worth Dr	4819972	30
N Bell Ave	4819972	30
W Oak St	4819972	30
E Windsor St	4819972	29
N Elm St	4819972	28
N Hampton Rd	4820092	43
E Pleasant Run Rd	4820092	31
W Pleasant Run Rd	4820092	28
Mockingbird Ln	4820092	23
The Meadows Pkwy	4820092	22
E Belt Line Rd	4820092	21
N Polk St	4820092	21
Silver Creek Dr	4820092	20
N Westmoreland Rd	4820092	19
N Parks Dr	4820092	18
S Main St	4821628	29
S Greenstone Ln	4821628	22
S Santa Fe Trl	4821628	22
W Camp Wisdom Rd	4821628	21
Hill City Dr	4821628	20
N Cedar Ridge Dr	4821628	20
S Cockrell Hill Rd	4821628	20
Oriole Blvd	4821628	17
Big Stone Gap Rd	4821628	16
Green Tree Ln	4821628	16
Del Rio Blvd	4821892	55
Eidson Rd	4821892	40
El Indio Hwy	4821892	40
2nd St	4821892	29
Rosita Valley Rd	4821892	29
Ferry St	4821892	24
Main St	4821892	24
Las Quintas Blvd	4821892	23
E Garrison St	4821892	22
N Bibb Ave	4821892	22
S Closner Blvd	4822660	45
S Sugar Rd	4822660	36
N Closner Blvd	4822660	27
N Sugar Rd	4822660	26
W Monte Cristo Rd	4822660	26
W University Dr	4822660	26
W Schunior St	4822660	25
W Freddy Gonzalez Dr	4822660	24
W Mile 17 1/2 Rd	4822660	24
W Sprague St	4822660	24
Dyer St	4824000	192
Montana Ave	4824000	174
Alameda Ave	4824000	168
N Mesa St	4824000	160
E Paisano Dr	4824000	118
Montwood Dr	4824000	115
N Yarbrough Dr	4824000	113
N Loop Dr	4824000	104
Edgemere Blvd	4824000	101
Gateway Blvd E	4824000	92
FM 660	4824348	41
FM 1181	4824348	38
Ensign Rd	4824348	34
FM 85	4824348	32
FM 1722	4824348	24
FM 984	4824348	22
NE Main St	4824348	21
E Ennis Ave	4824348	20
Liska Rd	4824348	20
N Preston St	4824348	20
N Main St	4824768	44
S Pipeline Rd	4824768	44
E Euless Blvd	4824768	40
W Airport Fwy	4824768	34
Trinity Blvd	4824768	29
Fuller Wiser Rd	4824768	28
S Main St	4824768	17
W Pipeline Rd	4824768	16
E Harwood Rd	4824768	14
Westpark Way	4824768	14
Josey Ln	4825452	67
Forest Ln	4825452	59
Valley View Ln	4825452	50
Webb Chapel Rd	4825452	35
Marsh Ln	4825452	33
Welch Rd	4825452	33
Midway Rd	4825452	30
Valwood Pkwy	4825452	29
N Stemmons Fwy	4825452	26
Rosser Rd	4825452	23
William E Crawford Ave	4825572	5
Brown Ave	4825572	4
Cherry Tree Ln	4825572	2
Dogwood Trl	4825572	2
Cherrytree Ln	4825572	1
Daisy Dr	4825572	1
Derick Dr	4825572	1
E Fate Main Pl	4825572	1
Elmhurst Ln	4825572	1
Greenhill Ln	4825572	1
Cross Timbers Rd	4826232	82
Long Prairie Rd	4826232	63
Flower Mound Rd	4826232	49
Morriss Rd	4826232	30
Colony St	4826232	19
Spinks Rd	4826232	18
Wichita Trl	4826232	18
Lakeside Pkwy	4826232	17
College Pkwy	4826232	16
Garden Ridge Rd	4826232	16
FM 548	4826604	38
Helms Trl	4826604	33
FM 741	4826604	32
FM 740 N	4826604	28
FM 1641	4826604	27
FM 2932	4826604	23
Ranch Rd	4826604	21
FM 740	4826604	20
Lake Ray Hubbard Dr	4826604	19
University Dr	4826604	19
South Fwy	4827000	176
E Lancaster Ave	4827000	138
White Settlement Rd	4827000	129
N Beach St	4827000	125
S Hulen St	4827000	116
Jacksboro Hwy	4827000	99
McCart Ave	4827000	94
E Rosedale St	4827000	90
Hemphill St	4827000	87
Meadowbrook Dr	4827000	84
S Friendswood Dr	4827648	31
Blackhawk Blvd	4827648	27
W Parkwood Ave	4827648	26
FM 2351 Rd	4827648	18
Pilgrims Point Dr	4827648	15
Beamer Rd	4827648	14
Sunset Dr	4827648	14
W Castlewood Ave	4827648	14
Constitution Ln	4827648	13
Eagle Lakes Dr	4827648	13
Main St	4827684	69
Hillcrest Rd	4827684	43
Lebanon Rd	4827684	33
Stonebrook Pkwy	4827684	32
Legacy Dr	4827684	30
FM 423	4827684	28
Eldorado Pkwy	4827684	26
Canoe Rd	4827684	22
Independence Pkwy	4827684	22
Preston Rd	4827684	22
Bowser Rd	4827876	17
FM 1093	4827876	17
Weston Dr	4827876	16
Westerdale Dr	4827876	13
Pool Hill Rd	4827876	12
James Ln	4827876	9
N Main St	4827876	8
Rogers Rd	4827876	8
Wellspring Lake Dr	4827876	8
Wentworth Dr	4827876	8
Broadway St	4828068	82
Seawall Blvd	4828068	80
Stewart Rd	4828068	69
Ave L	4828068	59
Ave K	4828068	50
Ave M	4828068	50
Avenue N	4828068	48
37th St	4828068	46
29th St	4828068	44
Ave Q	4828068	44
N Garland Ave	4829000	63
W Walnut St	4829000	58
Broadway Blvd	4829000	55
W Miller Rd	4829000	52
S 1st St	4829000	50
O Banion Rd	4829000	48
E Centerville Rd	4829000	43
N Shiloh Rd	4829000	42
W Buckingham Rd	4829000	42
Broadmoor Dr	4829000	41
FM 2338	4829336	39
FM 971	4829336	33
Whispering Wind Dr	4829336	29
S Austin Ave	4829336	28
Andice Rd	4829336	27
Shell Rd	4829336	27
FM 1105	4829336	24
Williams Dr	4829336	23
FM 1460	4829336	22
E University Ave	4829336	21
S Carrier Pkwy	4830464	69
N Carrier Pkwy	4830464	48
S Belt Line Rd	4830464	48
E Main St	4830464	46
Robinson Rd	4830464	46
SE 14th St	4830464	37
Corn Valley Rd	4830464	33
SW 3rd St	4830464	30
SE 4th St	4830464	28
W Jefferson St	4830464	28
William D Tate Ave	4830644	23
Dove Rd	4830644	22
Pool Rd	4830644	21
Timberline Dr	4830644	21
W Wall St	4830644	19
Ira E Woods Ave	4830644	18
S Main St	4830644	18
Mustang Dr	4830644	16
W College St	4830644	16
W Northwest Hwy	4830644	14
Wesley St	4830920	75
Stonewall St	4830920	48
Sayle St	4830920	43
Lee St	4830920	38
King St	4830920	37
Oneal St	4830920	33
Bourland St	4830920	31
Johnson St	4830920	28
Walnut St	4830920	27
Washington St	4830920	27
Haltom Rd	4831928	53
Airport Fwy	4831928	45
Denton Hwy	4831928	40
Carson St	4831928	30
W Broadway Ave	4831928	30
E Belknap St	4831928	27
Layton St	4831928	23
Gene Ln	4831928	21
Rita Ln	4831928	21
Midway Rd	4831928	18
Indian Trl	4832312	28
E FM 2410 Rd	4832312	20
S Ann Blvd	4832312	19
E Veterans Memorial Blvd	4832312	18
Harley Dr	4832312	17
Verna Lee Blvd	4832312	15
Prospector Trl	4832312	14
Cedar Oaks Ln	4832312	13
Nola Ruth Blvd	4832312	13
S Amy Ln	4832312	13
Bass Blvd	4832372	72
Combes Rio Hondo Rd	4832372	40
Briggs Coleman Rd	4832372	35
Altas Palmas Rd	4832372	33
E Harrison Ave	4832372	32
N 1st St	4832372	32
Primera Rd	4832372	32
S Tamm Ln	4832372	32
N Commerce St	4832372	30
Rangerville Rd	4832372	30
Horizon Blvd	4834832	48
Darrington Rd	4834832	30
Ascencion St	4834832	23
Runway Ave	4834832	16
Bret Harte Dr	4834832	15
Lavina St	4834832	15
Mark Twain Ave	4834832	15
Roslyn Dr	4834832	15
Emerald Creek Dr	4834832	14
Desert Sage Dr	4834832	13
Westheimer Rd	4835000	278
Katy Fwy	4835000	234
Sam Houston Pkwy	4835000	231
Memorial Dr	4835000	220
Gulf Fwy	4835000	212
Richmond Ave	4835000	190
Cullen Blvd	4835000	189
Eastex Fwy	4835000	176
S Loop Fwy	4835000	176
Airline Dr	4835000	175
S Sam Houston Ave	4835528	45
FM 980	4835528	39
FM 1374 Rd	4835528	33
FM 1696 Rd W	4835528	32
FM 1791	4835528	32
Ave Q	4835528	31
Four Notch Rd	4835528	28
Ave M	4835528	26
Fish Hatchery Rd	4835528	24
Normal Park Dr	4835528	23
Hurstview Dr	4835576	57
Norwood Dr	4835576	52
Precinct Line Rd	4835576	48
W Bedford Euless Rd	4835576	31
W Pipeline Rd	4835576	29
W Redbud Dr	4835576	28
Bedford Ct W	4835576	23
Cavender Dr	4835576	22
Brown Trl	4835576	20
Melbourne Rd	4835576	20
FM 1660	4835624	69
Limmer Loop	4835624	24
Mager Ln	4835624	16
Carol Dr	4835624	11
East St	4835624	11
Kates Way	4835624	11
Mitchell Dr	4835624	11
Simmental Loop	4835624	11
Gray Fox Loop	4835624	10
Main St	4835624	10
N Macarthur Blvd	4837000	102
W Northgate Dr	4837000	59
W Pioneer Dr	4837000	55
N Belt Line Rd	4837000	54
W Airport Fwy	4837000	50
W Rochelle Rd	4837000	44
Valley View Ln	4837000	41
N Story Rd	4837000	40
W Walnut Hill Ln	4837000	40
W Royal Ln	4837000	39
FM 1463 Rd	4838476	34
Westheimer Pkwy	4838476	33
Katy Hockley Cut Off Rd	4838476	32
Ave D	4838476	24
Katy Fwy	4838476	24
Kingsland Blvd	4838476	23
Cinco Ranch Blvd	4838476	18
Clay Rd	4838476	18
Katy Gaston Rd	4838476	18
Katy Hockley Rd	4838476	18
Rufe Snow Dr	4838632	30
Bear Creek Pkwy	4838632	23
Keller Smithfield Rd S	4838632	23
E Price St	4838632	20
Shady Grove Rd	4838632	19
Johnson Rd	4838632	18
Rapp Rd	4838632	15
S Main St	4838632	13
Chase Oaks Dr	4838632	12
Highland Oaks Dr	4838632	11
Medina Hwy	4839040	68
Ranchero Rd	4839040	40
Junction Hwy	4839040	39
Bandera Hwy	4839040	37
Harper Rd	4839040	33
Upper Turtle Creek Rd	4839040	33
Goat Creek Rd	4839040	31
Fredericksburg Rd	4839040	23
Bushwack Rd	4839040	20
Memorial Blvd	4839040	20
W Trimmier Rd	4839148	53
E Rancier Ave	4839148	41
S Fort Hood St	4839148	35
E Veterans Memorial Blvd	4839148	34
Lake Rd	4839148	34
W Central Texas Expy	4839148	32
Chaparral Rd	4839148	31
Westcliff Rd	4839148	30
Old Copperas Cove Rd	4839148	29
Clear Creek Rd	4839148	27
Goforth Rd	4839952	25
High Rd	4839952	22
Amberwood Loop	4839952	20
W Center St	4839952	18
Hartson	4839952	17
Cotton Gin Rd	4839952	16
E FM 150	4839952	16
Hometown Pkwy	4839952	16
Cam Real	4839952	15
S Old Stagecoach Rd	4839952	14
Lake Rd	4840588	25
Oleander St	4840588	22
Sycamore St	4840588	20
Walnut St	4840588	18
Center Way	4840588	17
Dixie Dr N	4840588	17
That Way St	4840588	16
Willow Dr	4840588	15
Forest Dr	4840588	13
This Way	4840588	13
W Pleasant Run Rd	4841212	47
N Dallas Ave	4841212	30
W Main St	4841212	28
N Houston School Rd	4841212	22
Nokomis Rd	4841212	21
Pinto Rd	4841212	19
W Belt Line Rd	4841212	19
W Wintergreen Rd	4841212	19
S R L Thornton Fwy	4841212	17
N Jefferson St	4841212	16
S Broadway St	4841440	42
E Main St	4841440	30
W Fairmont Pkwy	4841440	28
N L St	4841440	24
E Barbours Cut Blvd	4841440	22
Park Dr	4841440	22
W Barbours Cut Blvd	4841440	21
Bayshore Dr	4841440	18
Carlow Ln	4841440	18
W Main St	4841440	18
San Dario Ave	4841464	78
Springfield Ave	4841464	63
Clark Blvd	4841464	60
McPherson Ave	4841464	53
San Francisco Ave	4841464	52
N Bartlett Ave	4841464	51
N Meadow Ave	4841464	50
E Saunders St	4841464	49
Santa Maria Ave	4841464	47
Marcella Ave	4841464	45
W Main St	4841980	51
S Shore Blvd	4841980	27
E Main St	4841980	21
Marina Bay Dr	4841980	17
Calder Dr	4841980	16
Coryell St	4841980	15
E Walker St	4841980	15
Masters Dr	4841980	15
Texas Ave	4841980	15
3rd St	4841980	14
Lime Creek Rd	4842016	34
Nameless Rd	4842016	30
FM 2769	4842016	25
Ronald W Reagan Blvd	4842016	24
Trails End Rd	4842016	23
Crystal Falls Pkwy	4842016	22
High Lonesome	4842016	22
S Bagdad Rd	4842016	22
E Crystal Falls Pkwy	4842016	20
W South St	4842016	16
S Stemmons Fwy	4842508	55
W Main St	4842508	30
N Mill St	4842508	28
N Stemmons Fwy	4842508	22
S Old Orchard Ln	4842508	18
S Edmonds Ln	4842508	17
W Corporate Dr	4842508	16
N Cowan Ave	4842508	15
E Round Grove Rd	4842508	14
W Round Grove Rd	4842508	14
W Eldorado Pkwy	4843012	27
Castle Creek Dr	4843012	15
FM 720	4843012	15
Lakeshore Blvd	4843012	14
Lakeshore Dr	4843012	13
Doe Creek Rd	4843012	11
Emerald Sound Blvd	4843012	11
Garza Ln	4843012	11
Shahan Prairie Rd	4843012	11
Crestwood Pl	4843012	10
Gilmer Rd	4843888	67
Judson Rd	4843888	61
W Marshall Ave	4843888	54
McCann Rd	4843888	53
Tryon Rd	4843888	46
Pine Tree Rd	4843888	43
S Martin Luther King Jr Blvd	4843888	43
Bill Owens Pkwy	4843888	41
N 4th St	4843888	40
W Loop 281	4843888	40
University Ave	4845000	155
Quaker Ave	4845000	138
19th St	4845000	130
Slide Rd	4845000	127
Indiana Ave	4845000	126
Ave P	4845000	107
34th St	4845000	99
Chicago Ave	4845000	91
Ave U	4845000	90
Elgin Ave	4845000	88
FM 2021	4845072	52
S 1st St	4845072	49
FM 326 N	4845072	44
E Denman Ave	4845072	40
S Chestnut St	4845072	38
N Timberland Dr	4845072	36
FM 58	4845072	35
Kurth Dr	4845072	35
Bethlehem Rd	4845072	34
FM 842 E	4845072	34
N 23rd St	4845384	78
N 4th St	4845384	69
N Main St	4845384	69
N 10th St	4845384	67
N 29th St	4845384	57
N 6th St	4845384	55
N Bentsen Rd	4845384	55
N Ware Rd	4845384	55
N 16th St	4845384	54
N 8th St	4845384	54
Virginia Pkwy	4845744	66
W University Dr	4845744	59
New Hope Rd E	4845744	39
W Eldorado Pkwy	4845744	39
Stacy Rd	4845744	34
Bois D Arc Rd	4845744	29
N McDonald St	4845744	27
Wilmeth Rd	4845744	27
E University Dr	4845744	25
N College St	4845744	25
E Broad St	4846452	40
N Walnut Creek Dr	4846452	22
N Main St	4846452	20
Newt Patterson Rd	4846452	20
Gertie Barrett Rd	4846452	19
S Main St	4846452	19
Bennett Lawson Rd	4846452	18
E Debbie Ln	4846452	18
E Dallas St	4846452	16
Cancun Dr	4846452	15
E Melissa Rd	4847496	27
Milrany Ln	4847496	23
McKinney St	4847496	13
Telephone Rd	4847496	13
McKinley St	4847496	11
Sequoia Ln	4847496	10
Berry Rd	4847496	9
Independence Dr	4847496	9
Cooper St	4847496	8
Fannin Rd	4847496	8
N Galloway Ave	4847892	85
S Belt Line Rd	4847892	48
N Town East Blvd	4847892	47
Gus Thomasson Rd	4847892	46
Motley Dr	4847892	36
Pioneer Rd	4847892	34
Brookcase Dr	4847892	33
Oates Dr	4847892	29
W Bruton Rd	4847892	29
Faithon P Lucas Sr Blvd	4847892	28
W Illinois Ave	4848072	57
N Lamesa Rd	4848072	55
N Midkiff Rd	4848072	54
W Loop 250 N	4848072	50
W Wall St	4848072	49
N Big Spring St	4848072	48
Neely Ave	4848072	46
W Industrial Ave	4848072	45
W Wadley Ave	4848072	45
S Midkiff Rd	4848072	44
Plainview Rd	4848096	39
Shiloh Rd	4848096	34
S Joe Wilson Rd	4848096	30
FM 1387	4848096	28
FM 663	4848096	26
Mt Zion Rd	4848096	25
FM 875	4848096	23
McAlpin Rd	4848096	23
Mockingbird Ln	4848096	23
Old Fort Worth Rd	4848096	23
W Business Highway 83	4848768	30
N Conway Blvd	4848768	29
N Holland Ave	4848768	23
N Bryan Rd	4848768	22
E Griffin Pkwy	4848768	21
N Shary Rd	4848768	21
Miller Ave	4848768	19
Barnes St	4848768	18
N Los Ebanos Rd	4848768	18
W Griffin Pkwy	4848768	17
Cartwright Rd	4848804	54
Lexington Blvd	4848804	32
Texas Pkwy	4848804	32
Alvin-Sugarland Rd	4848804	29
Turtle Creek Dr	4848804	24
Blueridge Rd	4848804	23
Fondren Rd	4848804	23
Glenn Lakes Ln	4848804	20
W Fuqua Dr	4848804	19
5th St	4848804	18
North St	4850256	78
Woden Rd	4850256	56
E Main St	4850256	44
FM 95	4850256	41
S FM 225	4850256	40
FM 226	4850256	37
Center Rd	4850256	35
South St	4850256	33
FM 343	4850256	32
Appleby Sand Rd	4850256	31
W San Antonio St	4850820	37
FM 1044	4850820	33
FM 725	4850820	29
Gruene Rd	4850820	29
W County Line Rd	4850820	25
E Common St	4850820	23
FM 1101	4850820	23
S Seguin Ave	4850820	20
S Walnut Ave	4850820	20
N Walnut Ave	4850820	18
Davis Blvd	4852356	51
Precinct Line Rd	4852356	49
Glenview Dr	4852356	45
Blvd 26	4852356	42
Rufe Snow Dr	4852356	38
Smithfield Rd	4852356	36
Holiday Ln	4852356	29
NE Loop 820	4852356	27
Starnes Rd	4852356	26
Chapman Dr	4852356	22
S Grant Ave	4853388	67
Andrews Hwy	4853388	65
E University Blvd	4853388	61
N Dixie Blvd	4853388	57
E 8th St	4853388	37
N Tom Green Ave	4853388	37
N Grandview Ave	4853388	36
Maple Ave	4853388	35
E 17th St	4853388	34
E 42nd St	4853388	34
Pine Mill Rd	4855080	57
FM 195	4855080	48
Bonham St	4855080	43
Clarksville St	4855080	41
FM 1497	4855080	38
N Main St	4855080	37
Lamar Rd	4855080	32
Graham St	4855080	31
Lamar Ave	4855080	29
NE Loop 286	4855080	27
Red Bluff Rd	4856000	105
Spencer Hwy	4856000	94
Pasadena Blvd	4856000	88
Fairmont Pkwy	4856000	71
Burke Rd	4856000	70
Shaver St	4856000	59
Strawberry Rd	4856000	59
Southmore Ave	4856000	49
Sam Houston Pkwy	4856000	45
Genoa Red Bluff Rd	4856000	41
Broadway St	4856348	59
E Broadway St	4856348	33
Harkey Rd	4856348	29
Brookside Rd	4856348	26
S Main St	4856348	26
McLean Rd	4856348	25
Old Alvin Rd	4856348	23
Pearland Sites Rd	4856348	22
Westminister St	4856348	22
Springfield Ave	4856348	21
Cameron Rd	4857176	27
Weiss Ln	4857176	21
Pecan St W	4857176	19
Tudor House Rd	4857176	19
FM 685	4857176	18
Settlers Valley Dr	4857176	18
Black Locust Dr W	4857176	17
Rowe Ln	4857176	17
Heatherwilde Blvd	4857176	16
Kelly Ln	4857176	16
S Cage Blvd	4857200	89
N Sugar Rd	4857200	46
S Jackson Rd	4857200	34
N Cage Blvd	4857200	31
N Jackson Rd	4857200	26
N Cypress St	4857200	21
N Gumwood St	4857200	20
W Thomas Rd	4857200	19
N Dahlia St	4857200	18
N Huisache St	4857200	18
W Parker Rd	4858016	132
W Plano Pkwy	4858016	108
Coit Rd	4858016	106
Custer Rd	4858016	105
W Park Blvd	4858016	101
Alma Dr	4858016	94
K Ave	4858016	73
Legacy Dr	4858016	71
W Spring Creek Pkwy	4858016	65
Independence Pkwy	4858016	61
9th Ave	4858820	87
Gulfway Dr	4858820	77
Procter St	4858820	69
Thomas Blvd	4858820	69
7th St	4858820	59
5th St	4858820	54
13th St	4858820	53
10th St	4858820	50
8th St	4858820	48
6th St	4858820	47
FM 982	4859576	60
Longneck Rd	4859576	30
W Princeton Dr	4859576	23
E Princeton Dr	4859576	22
FM 1377	4859576	22
FM 3364	4859576	21
S 2nd St	4859576	15
N 4th St	4859576	13
N 6th St	4859576	13
Pecan Dr	4859576	12
E Prosper Trl	4859696	17
E First St	4859696	16
E Frontier Pkwy	4859696	14
N Coleman St	4859696	12
N Preston Rd	4859696	12
Parvin Rd	4859696	12
Fishtrap Rd	4859696	11
W First St	4859696	11
W Frontier Pkwy	4859696	11
Carey Rd	4859696	10
N Glenville Dr	4861796	39
N Plano Rd	4861796	38
W Campbell Rd	4861796	34
Custer Pkwy	4861796	33
E Renner Rd	4861796	32
N Yale Blvd	4861796	32
N Floyd Rd	4861796	31
N Greenville Ave	4861796	31
N Collins Blvd	4861796	30
Mimosa Dr	4861796	29
N Goliad St	4862828	29
Williams St	4862828	28
N FM 549	4862828	24
S Lakeshore Dr	4862828	24
S Goliad St	4862828	21
Shores Blvd	4862828	17
Dalton Rd	4862828	16
E FM 552	4862828	16
Ridge Rd	4862828	16
S Alamo Rd	4862828	16
Ave I	4863284	63
Ave H	4863284	58
36th Division Memorial Hwy	4863284	52
Minonite Rd	4863284	52
Ave J	4863284	46
Avenue N	4863284	43
FM 1093	4863284	42
Ave K	4863284	34
1st St	4863284	33
Band Rd	4863284	32
Red Bud Ln	4863500	39
Sam Bass Rd	4863500	38
Gattis School Rd	4863500	33
N Mays St	4863500	32
E Old Settlers Blvd	4863500	31
University Blvd	4863500	31
Rusk Rd	4863500	24
Louis Henna Blvd	4863500	23
Great Oaks Dr	4863500	22
Eagles Nest St	4863500	20
Dalrock Rd	4863572	108
Chiesa Rd	4863572	54
Rowlett Rd	4863572	48
Miller Rd	4863572	40
Lakeview Pkwy	4863572	33
Liberty Grove Rd	4863572	31
Scenic Dr	4863572	23
Chaha Rd	4863572	16
Princeton Rd	4863572	15
Kirby Rd	4863572	14
S FM 548	4863668	48
FM 1565	4863668	41
FM 35	4863668	32
Blackland Rd	4863668	25
FM 2453	4863668	19
E County Line Rd	4863668	18
FM 1777	4863668	16
F-M 35	4863668	15
S FM 551	4863668	15
Circle Ln	4863668	13
Sachse Rd	4864064	25
Pleasant Valley Rd	4864064	18
Rosewood Ln	4864064	17
Country Club Dr	4864064	15
Lee Hutson Ln	4864064	14
Murphy Rd	4864064	12
Ranch Rd	4864064	12
7th St	4864064	10
Creek Crossing Ln	4864064	9
Quail Hollow Dr	4864064	9
Knickerbocker Rd	4864472	88
N Chadbourne St	4864472	56
FM 765	4864472	41
W Ave N	4864472	40
N Oakes St	4864472	39
Paint Rock Rd	4864472	38
FM 380	4864472	36
Pecan St	4864472	36
FM 388	4864472	35
S Chadbourne St	4864472	35
Blanco Rd	4865000	222
Bandera Rd	4865000	212
Culebra Rd	4865000	182
San Pedro Ave	4865000	165
Pleasanton Rd	4865000	136
Broadway	4865000	131
Mc Cullough Ave	4865000	127
N New Braunfels Ave	4865000	126
Vance Jackson Rd	4865000	126
Palo Alto Rd	4865000	118
Raul Longoria Rd	4865516	43
N Veterans Blvd	4865516	22
S San Antonio Ave	4865516	17
N Cesar Chavez Rd	4865516	16
S Nebraska Ave	4865516	16
E Sioux Rd	4865516	14
S Kansas Ave	4865516	14
S Standard Ave	4865516	14
Grandora St	4865516	13
Stewart Rd	4865516	12
Hunter Rd	4865600	34
S Old Bastrop Hwy	4865600	29
Guadalupe St	4865600	25
W San Antonio St	4865600	25
FM 1979	4865600	23
McCarty Ln	4865600	23
FM 1978	4865600	22
Lime Kiln Rd	4865600	22
Post Rd	4865600	22
Staples Rd	4865600	20
Access Rd	4866128	29
FM 1518	4866128	25
Roy Richard Dr	4866128	20
Schertz Pkwy	4866128	19
Oak St	4866128	18
Trainer Hale Rd	4866128	18
Lower Seguin Rd	4866128	15
Lookout Rd	4866128	13
Savannah Dr	4866128	12
John E Peterson Blvd	4866128	11
Capote Rd	4866644	51
FM 467	4866644	44
N Austin St	4866644	44
FM 725	4866644	39
FM 1117	4866644	38
W Kingsbury St	4866644	38
Old Seguin Luling Rd	4866644	36
N Guadalupe St	4866644	35
Stagecoach Rd	4866644	31
FM 20	4866644	30
Texoma Pkwy	4867496	49
N Travis St	4867496	46
N Sam Rayburn Fwy	4867496	42
W Houston St	4867496	42
W Washington St	4867496	42
FM 1417	4867496	38
N Grand Ave	4867496	35
W Lamberth Rd	4867496	35
N Woods St	4867496	32
S Crockett St	4867496	31
Socorro Rd	4868636	63
N Loop Dr	4868636	45
Alameda Ave	4868636	42
Horizon Blvd	4868636	20
N Moon Rd	4868636	15
Bauman Rd	4868636	13
Gateway Blvd E	4868636	13
N Rio Vista Rd	4868636	13
Buford Rd	4868636	11
Winn Rd	4868636	11
Byron Nelson Pkwy	4869032	21
E Continental Blvd	4869032	20
E Southlake Blvd	4869032	20
Randol Mill Ave	4869032	20
W Southlake Blvd	4869032	20
N Carroll Ave	4869032	19
N White Chapel Blvd	4869032	19
N Kimball Ave	4869032	18
E Dove Rd	4869032	17
W Continental Blvd	4869032	16
Old Richmond Rd	4870808	40
Alvin-Sugarland Rd	4870808	38
Lexington Blvd	4870808	31
Austin Pkwy	4870808	27
Sugar Creek Blvd	4870808	24
Eldridge Rd	4870808	22
University Blvd	4870808	22
Dulles Ave	4870808	20
Longview Dr	4870808	19
Clodine Rd	4870808	17
W Adams Ave	4872176	79
S 31st St	4872176	48
S General Bruce Dr	4872176	46
S 5th St	4872176	41
N General Bruce Dr	4872176	38
Airport Rd	4872176	37
W Ave H	4872176	37
FM 2086	4872176	36
N 3rd St	4872176	36
SW H K Dodgen Loop	4872176	35
N State Line Ave	4872368	110
W 7th St	4872368	77
S Lake Dr	4872368	68
Summerhill Rd	4872368	60
Richmond Rd	4872368	58
Texas Blvd	4872368	49
Buchanan Loop Rd	4872368	44
Olive St	4872368	41
N Kings Hwy	4872368	38
New Boston Rd	4872368	38
Texas Ave	4872392	107
23rd St N	4872392	73
21st St N	4872392	62
FM 517 Rd E	4872392	52
N Logan St	4872392	49
6th St N	4872392	46
Emmett F Lowry Expy	4872392	46
29th St N	4872392	43
9th St N	4872392	43
5th Ave N	4872392	39
Paige Rd	4872530	44
N Colony Blvd	4872530	41
Main St	4872530	39
Blair Oaks Dr	4872530	24
King Arthur Blvd	4872530	19
Merlin Dr	4872530	19
S Colony Blvd	4872530	16
Windhaven Pkwy	4872530	15
Western	4872530	13
Creek Hollow Way	4872530	11
S Broadway Ave	4874144	65
Frankston Hwy	4874144	61
E 5th St	4874144	60
W Front St	4874144	59
Old Noonday Rd	4874144	53
Old Omen Rd	4874144	52
E Southeast Loop 323	4874144	48
Paluxy Dr	4874144	48
Old Bullard Rd	4874144	46
Troup Hwy	4874144	45
FM 1686	4875428	59
Upper Mission Valley Rd	4875428	52
N Laurent St	4875428	48
N Ben Jordan St	4875428	46
Lower Mission Valley Rd	4875428	45
N Navarro St	4875428	45
San Antonio River Rd	4875428	44
Sam Houston Dr	4875428	42
Salem Rd	4875428	38
E Red River St	4875428	37
Bosque Blvd	4876000	91
W Waco Dr	4876000	90
Gholson Rd	4876000	68
Sanger Ave	4876000	48
Trice Ave	4876000	44
Woodway Dr	4876000	44
N 19th St	4876000	43
N 27th St	4876000	43
Colcord Ave	4876000	41
Franklin Ave	4876000	41
Brown St	4876816	35
FM 55	4876816	30
Old Buena Vista Rd	4876816	29
Bells Chapel Rd	4876816	27
Shawnee Rd	4876816	23
Dallas Hwy	4876816	22
Old Maypearl Rd	4876816	22
Wyatt St	4876816	22
Gibson Rd	4876816	21
John Arden Dr	4876816	21
Fort Worth Hwy	4876864	96
E Bankhead Hwy	4876864	58
Upper Denton Rd	4876864	53
Tin Top Rd	4876864	46
N Main St	4876864	45
N FM 51	4876864	41
Veal Station Rd	4876864	40
White Settlement Rd	4876864	40
Old Dennis Rd	4876864	32
Bethel Rd	4876864	30
N Texas Blvd	4877272	37
E Expy 83	4877272	31
Mile 3 Rd W	4877272	31
Westgate	4877272	29
N Mile 6 1/2 W	4877272	28
W Mile 5 N	4877272	28
E 34th St	4877272	27
S Bridge Ave	4877272	26
S Border Ave	4877272	25
N Mile 4 W	4877272	23
Kell Blvd	4879000	76
Central Fwy	4879000	75
Kemp Blvd	4879000	60
Southwest Pkwy	4879000	60
Seymour Hwy	4879000	56
Jacksboro Hwy	4879000	43
10th St	4879000	39
Harrison St	4879000	38
9th St	4879000	37
Grant St	4879000	35
Parker Rd	4880356	38
S Ballard Ave	4880356	31
E Stone St	4880356	28
Vinson Rd	4880356	26
E Brown St	4880356	20
Troy Rd	4880356	20
E Oak St	4880356	16
FM 544	4880356	15
Paul Wilson Rd	4880356	14
Riva Rdg	4880356	14
W 9600 N	4901310	41
W 10400 North St	4901310	38
N 6800 W	4901310	37
N 6000 West St	4901310	36
N Alpine Hwy	4901310	34
N 4800 W	4901310	33
E 300 North St	4901310	30
W Timpanogos Hwy	4901310	29
N 1100 E	4901310	21
E 700 N	4901310	20
Bountiful Blvd	4907690	46
S Davis Blvd	4907690	42
Orchard Dr	4907690	40
S 400 E	4907690	37
S 500 W	4907690	34
S 200 W	4907690	31
E 400 N	4907690	25
S Main St	4907690	22
E 1800 S	4907690	21
N 400 E	4907690	21
Minersville Hwy	4911320	64
N 3100 W	4911320	54
Bauer Rd	4911320	40
N 380 W	4911320	35
N 3900 W	4911320	31
N Main St	4911320	31
S Westview Dr	4911320	29
E Midvalley Rd	4911320	26
W 3000 N	4911320	26
Cedar St	4911320	25
W 1300 N	4913850	62
W 1800 N	4913850	53
W 2300 N	4913850	48
W 300 N	4913850	46
W 800 N	4913850	40
W 550 N	4913850	32
N 250 W	4913850	29
N 1000 W	4913850	26
N 1500 W	4913850	23
N 3000 W	4913850	21
S 300 E	4920120	34
Pioneer Rd	4920120	33
S Fort St	4920120	23
E 13800 S	4920120	20
Traverse Ridge Rd	4920120	20
E 12300 S	4920120	18
S 1300 E	4920120	17
Steep Mountain Dr	4920120	17
S 700 E	4920120	16
Southfork Dr	4920120	15
Lake Mountain Rd	4920810	25
Pony Express Pkwy	4920810	11
N Ranches Pkwy	4920810	10
Sparrowhawk Way	4920810	10
Mount Airey Dr	4920810	9
Barton Creek Dr	4920810	8
E Shadow Dr	4920810	8
E Summer Way	4920810	8
Ruby Valley Dr	4920810	8
Cedar Dr	4920810	7
S 200 E	4924740	26
N Main St	4924740	23
W Glovers Ln	4924740	21
Shepard Ln	4924740	17
W Clark Ln	4924740	16
650 W	4924740	15
N 1525 W	4924740	14
N 1500 W	4924740	11
S 1100 W	4924740	11
N Compton Rd	4924740	10
Hwy U-111	4934970	24
W Rose Canyon Rd	4934970	24
W 13400 S	4934970	17
S Knapper Point Cv	4934970	15
W 12600 S	4934970	15
S 6000 W	4934970	14
Shaggy Peak Dr	4934970	14
W 11800 S	4934970	14
S 7530 W	4934970	12
S 7300 W	4934970	11
E 4500 S	4936070	39
Murray Holladay Rd	4936070	34
Highland Dr	4936070	27
S 1300 E	4936070	27
S 900 E	4936070	22
S Holladay Blvd	4936070	19
Wander Ln	4936070	16
E Casto Ln	4936070	11
Hillsden Dr	4936070	11
Cresthill Dr	4936070	10
State St	4937170	40
W 100 N	4937170	26
N Main St	4937170	19
W 2700 S	4937170	19
W 400 S	4937170	19
S 700 W	4937170	17
N 200 W	4937170	16
W 100 S	4937170	16
S 180 W	4937170	15
W 400 N	4937170	15
S 50 W	4940360	26
S 500 E	4940360	25
S Main St	4940360	24
E Crestwood Rd	4940360	22
W 200 N	4940360	20
1200	4940360	19
E 200 N	4940360	18
E Nicholls Rd	4940360	16
N Main St	4940360	16
N 1300 E	4940360	15
W Gentile St	4943660	48
Church St	4943660	39
W Gordon Ave	4943660	39
N Fairfield Rd	4943660	38
E Hill Field Rd	4943660	32
N Main St	4943660	29
Hill Field Rd	4943660	28
N Fort Ln	4943660	28
E Gordon Ave	4943660	26
1200	4943660	25
N 1200 E	4944320	36
N 300 West St	4944320	36
W 8170 N	4944320	34
W 2100 N	4944320	31
W Cedar Fort Rd	4944320	30
W Main St	4944320	30
W 300 N	4944320	28
N 8730 W	4944320	27
N Center St	4944320	27
N 300 E	4944320	26
S 1000 W	4945860	30
Main St	4945860	26
E 1000 N	4945860	25
W 200 N	4945860	24
N 600 W	4945860	23
E 700 N	4945860	22
W 3200 S	4945860	22
S Hollow Rd	4945860	21
W 1000 N	4945860	21
E 100 S	4945860	20
S 8400 W	4947290	37
W 3100 S	4947290	32
S 7200 W	4947290	29
W 3500 S	4947290	29
S 8000 W	4947290	26
W 2700 S	4947290	21
W 2820 S	4947290	16
S Centennial Rd	4947290	13
Washington Rd	4947290	13
S 9200 W	4947290	12
E 7800 S	4949710	38
State St	4949710	35
S 700 E	4949710	25
S 300 E	4949710	24
Fort Union Blvd	4949710	23
S 1000 E	4949710	18
S 900 E	4949710	16
S 1300 E	4949710	15
S Allen St	4949710	15
E 7500 S	4949710	13
E 3900 S	4950150	51
S 2300 E	4950150	51
S 2000 E	4950150	50
S 2700 E	4950150	44
E 2100 S	4950150	30
E 3300 S	4950150	25
E Evergreen Ave	4950150	20
S 1300 E	4950150	19
Upland Dr	4950150	18
E 4430 S	4950150	17
S State St	4953230	46
S 700 E	4953230	23
Commerce Dr	4953230	22
E 4500 S	4953230	20
E 4800 S	4953230	20
E Vine St	4953230	20
E 5900 S	4953230	19
S Main St	4953230	16
E 3900 S	4953230	15
S 300 W	4953230	15
Harrison Blvd	4955980	50
Adams Ave	4955980	34
Madison Ave	4955980	34
27th St	4955980	29
Jefferson Ave	4955980	29
36th St	4955980	28
28th St	4955980	25
Skyline Dr	4955980	23
Taylor Ave	4955980	23
29th St	4955980	22
N 400 East St	4957300	43
S 400 W	4957300	36
N 800 West St	4957300	34
N Main St	4957300	33
N State St	4957300	29
S 800 E	4957300	29
W 1200 N	4957300	28
E 200 S	4957300	27
E 400 N	4957300	26
S Main St	4957300	26
Canyon Rd	4960930	28
W 1100 N	4960930	23
N 100 E	4960930	21
E 1100 N	4960930	20
N 4000 W	4960930	20
E Battle Creek Dr	4960930	19
N 1300 West St	4960930	19
N 600 W	4960930	19
E Center St	4960930	16
Grove Creek Dr	4960930	15
N Canyon Rd	4962470	72
N University Ave	4962470	48
W Center St	4962470	44
Timpview Dr	4962470	35
S State St	4962470	34
N 900 East St	4962470	33
W 200 N	4962470	25
N Geneva Rd	4962470	23
W 800 N	4962470	23
S Slate Canyon Dr	4962470	22
S 1900 W	4965110	43
4800 South St	4965110	42
W 6000 S	4965110	41
W 5600 S	4965110	39
W 5500 S	4965110	34
W 5200 S	4965110	31
W 5700 S	4965110	31
S 3100 W	4965110	25
S Midland Dr	4965110	25
W 4600 S	4965110	25
S River Rd	4965330	50
S Dixie Dr	4965330	34
S 400 E	4965330	24
Bloomington Hills Dr	4965330	20
E 900 S	4965330	20
S Main St	4965330	20
E 350 N	4965330	19
E Riverside Dr	4965330	19
Diagonal St	4965330	17
E 700 S	4965330	17
S 900 E	4967000	102
S 500 E	4967000	99
S 700 E	4967000	90
S 1100 E	4967000	57
S 600 E	4967000	51
S 800 East St	4967000	50
E 2700 S	4967000	45
S 13th E	4967000	41
S 900 West St	4967000	40
W 500 N	4967000	39
S 700 E	4967440	64
Wasatch Blvd	4967440	56
Sego Lily Dr	4967440	53
E 11400 S	4967440	50
S 1000 E	4967440	49
State St	4967440	49
E 9400 S	4967440	46
E Creek Rd	4967440	46
S 1700 E	4967440	46
E 9800 S	4967440	41
Centennial Blvd	4967825	14
Redwood Rd	4967825	12
S Colt Dr	4967825	11
W 7600 N	4967825	11
N 11600 W	4967825	10
N Redwood Rd	4967825	10
S Saratoga Dr	4967825	10
Hillside Dr	4967825	9
Palomino Dr	4967825	9
S School House Rd	4967825	9
W South Jordan Pkwy	4970850	46
S 1300 W	4970850	40
W 10200 S	4970850	40
W 11400 S	4970850	38
S 2700 W	4970850	32
W 9800 S	4970850	32
S 1700 W	4970850	30
Yorkshire Dr	4970850	30
S 2200 W	4970850	27
W 11800 S	4970850	27
S 300 E	4971070	74
S State St	4971070	57
S West Temple	4971070	56
S 200 E	4971070	49
S Main St	4971070	49
S 300 W	4971070	40
S 4th E	4971070	32
S 400 E	4971070	16
S Edison St	4971070	12
E 1700 S	4971070	11
E Canyon Rd	4971290	32
S 3200 W	4971290	31
W 6400 S	4971290	25
N Main St	4971290	24
W 7300 S	4971290	22
E Center St	4971290	19
W 6800 S	4971290	19
E Powerhouse Rd	4971290	18
Scenic Dr	4971290	18
N 300 West St	4971290	17
N 400 E	4972280	23
E Center St	4972280	22
S 400 E	4972280	21
S State St	4972280	20
E 400 S	4972280	19
E 700 S	4972280	18
S Main St	4972280	18
W Center St	4972280	16
Canyon Rd	4972280	14
E 400 N	4972280	14
S 2000 W	4974810	37
W 2700 S	4974810	33
S 3000 W	4974810	32
W 1700 S	4974810	32
S 1000 W	4974810	29
S Bluff Rd	4974810	22
W 700 S	4974810	18
Doral Dr	4974810	17
S 1525 W	4974810	16
W 2175 S	4974810	16
S 2200 W	4975360	47
S 1300 W	4975360	37
S 2700 W	4975360	35
W 5400 S	4975360	31
S Redwood Rd	4975360	29
W 6200 S	4975360	28
S 3200 W	4975360	26
S 4015 W	4975360	25
W 4800 S	4975360	24
W 4700 S	4975360	23
Droubay Rd	4976680	31
Lakeside Dr	4976680	28
W Erda Way	4976680	26
Country Club	4976680	21
Upland Dr	4976680	20
Bates Canyon Rd	4976680	19
N Broadway Ave	4976680	18
W Regatta Ln	4976680	18
N Main St	4976680	17
S 900 W	4976680	17
Cam Real	4981960	22
S Washington Fields Rd	4981960	20
E Washington Dam Rd	4981960	12
N Casitas Hills Loop	4981960	12
S 100 E	4981960	12
W Middleton Dr	4981960	11
Arabian Way	4981960	10
Buena Vista Blvd	4981960	10
E Telegraph Rd	4981960	10
Harvest Ln	4981960	10
W 2550 S	4982930	44
W 3300 S	4982930	42
S 3500 W	4982930	41
26th St	4982930	34
20th St	4982930	32
21st St	4982930	30
23rd St	4982930	30
22nd St	4982930	29
25th St	4982930	29
Lincoln Ave	4982930	28
W 7800 S	4982950	73
W 7000 S	4982950	50
W 9000 S	4982950	49
S 3200 W	4982950	44
S 1300 W	4982950	43
S 2700 W	4982950	43
S 1700 W	4982950	40
Old Bingham Hwy	4982950	38
S 2200 W	4982950	35
S 4800 W	4982950	35
W 3100 S	4983470	94
W 4100 S	4983470	83
W 3500 S	4983470	69
S 5600 W	4983470	61
S 4800 W	4983470	43
S 3600 W	4983470	39
S 3200 W	4983470	38
S Redwood Rd	4983470	38
W 5400 S	4983470	38
W 6200 S	4983470	37
North Ave	5010675	56
Main St	5010675	29
Pine St	5010675	23
S Willard St	5010675	23
North St	5010675	20
Shelburne Rd	5010675	20
Colchester Ave	5010675	18
S Prospect St	5010675	18
Pearl St	5010675	17
S Union St	5010675	15
Duke St	5101000	91
King St	5101000	61
Commonwealth Ave	5101000	47
W Braddock Rd	5101000	43
Russell Rd	5101000	42
Mount Vernon Ave	5101000	37
Jefferson Davis Hwy	5101000	36
Seminary Rd	5101000	30
George Washington Memorial Pkwy	5101000	27
Cameron Mills Rd	5101000	22
Mount Tabor Rd	5107784	78
S Main St	5107784	61
Prices Fork Rd	5107784	56
McCoy Rd	5107784	48
Catawba Rd	5107784	47
N Main St	5107784	46
Merrimac Rd	5107784	42
Lusters Gate Rd	5107784	41
Mt Zion Rd	5107784	40
Craig Creek Rd	5107784	34
Jefferson Park Ave	5114968	37
Emmet St N	5114968	35
Market St E	5114968	25
Rugby Rd	5114968	25
Preston Ave	5114968	24
5th St SW	5114968	23
Cherry Ave	5114968	22
High St E	5114968	22
6th St SE	5114968	20
Park St	5114968	20
S Military Hwy	5116000	128
Cedar Rd	5116000	76
Bainbridge Blvd	5116000	69
Battlefield Blvd S	5116000	66
Mount Pleasant Rd	5116000	60
Ballahack Rd	5116000	51
Johnstown Rd	5116000	50
Campostella Rd	5116000	47
George Washington Hwy N	5116000	44
Benefit Rd	5116000	41
Westover Dr	5121344	77
Riverside Dr	5121344	73
W Main St	5121344	57
S Boston Rd	5121344	56
N Main St	5121344	53
Piney Forest Rd	5121344	49
Halifax Rd	5121344	26
Claiborne St	5121344	23
Franklin Tpke	5121344	23
S Main St	5121344	20
Lafayette Blvd	5129744	44
Princess Anne St	5129744	33
Jefferson Davis Hwy	5129744	29
Fall Hill Ave	5129744	27
Caroline St	5129744	26
Charles St	5129744	25
Idlewild Blvd	5129744	25
William St	5129744	23
Hanover St	5129744	18
Washington Ave	5129744	17
W Mercury Blvd	5135000	86
Victoria Blvd	5135000	85
N Armistead Ave	5135000	77
Big Bethel Rd	5135000	71
N Mallory St	5135000	68
Shell Rd	5135000	64
Kecoughtan Rd	5135000	60
E Pembroke Ave	5135000	55
Old Buckroe Rd	5135000	49
W Pembroke Ave	5135000	47
S Main St	5135624	66
E Market St	5135624	42
Reservoir St	5135624	38
W Market St	5135624	31
N Liberty St	5135624	26
S High St	5135624	26
N Main St	5135624	25
Port Republic Rd	5135624	24
Virginia Ave	5135624	22
S Dogwood Dr	5135624	21
Leesburg Pike	5136648	39
Elden St	5136648	29
Herndon Pkwy	5136648	25
Van Buren St	5136648	24
Dranesville Rd	5136648	20
Alabama Dr	5136648	18
Monroe St	5136648	18
Sadlers Wells Dr	5136648	15
Spring St	5136648	14
Grant St	5136648	13
James Monroe Hwy	5144984	69
Evergreen Mills Rd	5144984	47
Watson Rd	5144984	33
Cochran Mill Rd	5144984	29
Spinks Ferry Rd	5144984	27
Edwards Ferry Rd NE	5144984	26
Riverpoint Dr	5144984	25
Gleedsville Rd	5144984	24
Harmony Church Rd	5144984	20
S King St	5144984	19
Fort Ave	5147672	65
Rivermont Ave	5147672	57
Campbell Ave	5147672	55
Boonsboro Rd	5147672	49
Lakeside Dr	5147672	47
Old Forest Rd	5147672	40
Langhorne Rd	5147672	39
Timberlake Rd	5147672	39
12th St	5147672	34
Wiggington Rd	5147672	34
Liberia Ave	5148952	30
Stonewall Rd	5148952	26
Sudley Rd	5148952	26
Grant Ave	5148952	24
Center St	5148952	23
Centreville Rd	5148952	20
Godwin Dr	5148952	19
Peabody St	5148952	17
Wellington Rd	5148952	16
Portner Ave	5148952	15
Warwick Blvd	5156000	295
Jefferson Ave	5156000	271
Orcutt Ave	5156000	63
Chestnut Ave	5156000	61
Marshall Ave	5156000	59
Roanoke Ave	5156000	53
Madison Ave	5156000	52
Denbigh Blvd	5156000	48
Huntington Ave	5156000	48
Harpersville Rd	5156000	42
Granby St	5157000	188
Tidewater Dr	5157000	145
Chesapeake Blvd	5157000	144
Hampton Blvd	5157000	131
E Little Creek Rd	5157000	104
E Princess Anne Rd	5157000	87
E Virginia Beach Blvd	5157000	84
Sewells Point Rd	5157000	79
E Ocean View Ave	5157000	67
Azalea Garden Rd	5157000	64
S Crater Rd	5161832	100
S Sycamore St	5161832	45
E Washington St	5161832	44
W Washington St	5161832	35
County Dr	5161832	30
Halifax St	5161832	30
Dupuy Rd	5161832	26
W South Blvd	5161832	19
E Bank St	5161832	18
Johnson Rd	5161832	18
Portsmouth Blvd	5164000	104
Victory Blvd	5164000	76
High St	5164000	63
Airline Blvd	5164000	60
Elm Ave	5164000	55
Deep Creek Blvd	5164000	50
County St	5164000	47
Greenwood Dr	5164000	46
Effingham St	5164000	44
George Washington Hwy	5164000	44
W Broad St	5167000	91
Grove Ave	5167000	90
Patterson Ave	5167000	80
Forest Hill Ave	5167000	73
Jefferson Davis Hwy	5167000	64
Monument Ave	5167000	60
Midlothian Tpke	5167000	55
Hull St	5167000	50
Decatur St	5167000	46
W Cary St	5167000	46
Melrose Ave NW	5168000	79
Franklin Rd SW	5168000	67
Williamson Rd NE	5168000	66
10th St NW	5168000	54
Orange Ave NE	5168000	54
Shenandoah Ave NW	5168000	51
S Jefferson St	5168000	43
Hershberger Rd NW	5168000	41
Brandon Ave SW	5168000	39
Salem Tpke NW	5168000	37
W Main St	5170000	52
E Main St	5170000	40
Roanoke Blvd	5170000	38
Apperson Dr	5170000	26
Electric Rd	5170000	22
S Colorado St	5170000	17
W Riverside Dr	5170000	16
7th St	5170000	15
Academy St	5170000	15
Front Ave	5170000	15
W Beverley St	5175216	46
N Augusta St	5175216	38
Churchville Ave	5175216	29
N Coalter St	5175216	27
Spring Hill Rd	5175216	26
Greenville Ave	5175216	20
Richmond Ave	5175216	17
Middlebrook Ave	5175216	14
W Johnson St	5175216	14
Donaghe St	5175216	13
Holland Rd	5176432	113
Godwin Blvd	5176432	86
Carolina Rd	5176432	85
Whaleyville Blvd	5176432	82
Manning Rd	5176432	70
E Washington St	5176432	60
White Marsh Rd	5176432	60
Nansemond Pkwy	5176432	59
Bridge Rd	5176432	58
Indian Trl	5176432	56
Princess Anne Rd	5182000	222
Virginia Beach Blvd	5182000	197
Indian River Rd	5182000	122
Atlantic Ave	5182000	109
Shore Dr	5182000	99
Holland Rd	5182000	81
Lynnhaven Pkwy	5182000	74
Blackwater Rd	5182000	69
Ocean Front Ave	5182000	69
Independence Blvd	5182000	66
Valley Ave	5186720	51
Amherst St	5186720	26
S Pleasant Valley Rd	5186720	25
S Loudoun St	5186720	24
N Loudoun St	5186720	22
S Braddock St	5186720	21
Berryville Ave	5186720	18
Papermill Rd	5186720	17
N Braddock St	5186720	16
National Ave	5186720	16
51st Ave S	5303180	53
Military Rd S	5303180	51
42nd Ave S	5303180	45
A St SE	5303180	44
SE Auburn-Black Diamond Rd	5303180	43
55th Ave S	5303180	38
SE Green Valley Rd	5303180	37
Auburn Way S	5303180	34
M St SE	5303180	33
56th Ave S	5303180	32
NE 8th St	5305210	71
140th Ave NE	5305210	54
NE 24th St	5305210	52
92nd Ave NE	5305210	46
NE 12th St	5305210	44
Main St	5305210	43
156th Ave SE	5305210	42
SE 16th St	5305210	42
123rd Ave SE	5305210	41
SE 60th St	5305210	40
Alabama St	5305280	68
E Smith Rd	5305280	55
Lakeway Dr	5305280	48
Northwest Dr	5305280	47
Mount Baker Hwy	5305280	42
Sudden Valley Dr	5305280	41
Aldrich Rd	5305280	40
Chuckanut Dr	5305280	38
Samish Way	5305280	38
E Kelly Rd	5305280	36
228th St SE	5307380	44
104th Ave NE	5307380	36
45th Ave SE	5307380	32
39th Ave SE	5307380	27
240th St SE	5307380	24
88th Ave NE	5307380	24
100th Ave NE	5307380	23
96th Ave NE	5307380	23
NE 180th St	5307380	23
92nd Ave NE	5307380	22
6th St	5307695	37
Trenton Ave NE	5307695	36
Chico Way NW	5307695	34
Rocky Point Rd NW	5307695	33
11th St	5307695	32
Burwell St	5307695	31
15th St	5307695	30
Kitsap Way	5307695	29
NW Holly Rd	5307695	29
13th St	5307695	28
4th Ave SW	5308850	74
8th Ave SW	5308850	59
6th Ave SW	5308850	51
2nd Ave SW	5308850	47
SW 100th St	5308850	47
1st Ave S	5308850	45
Ambaum Blvd SW	5308850	45
Marine View Dr SW	5308850	45
12th Ave SW	5308850	43
SW 104th St	5308850	43
NE Everett St	5309480	24
NE 3rd Ave	5309480	23
NW Astor St	5309480	19
NW Norwood St	5309480	17
NE 28th St	5309480	16
NW Lacamas Dr	5309480	16
SE Crown Rd	5309480	16
NE Lessard Rd	5309480	15
NW 12th Ave	5309480	15
NW 16th Ave	5309480	15
Marine View Dr S	5317635	53
16th Ave S	5317635	46
Pacific Hwy S	5317635	39
10th Ave S	5317635	38
S 208th St	5317635	37
S 200th St	5317635	35
S 216th St	5317635	34
S 240th St	5317635	29
13th Ave S	5317635	28
14th Ave S	5317635	28
76th Ave W	5320750	65
80th Ave W	5320750	46
84th Ave W	5320750	45
88th Ave W	5320750	41
Olympic View Dr	5320750	37
238th St SW	5320750	32
72nd Ave W	5320750	32
220th St SW	5320750	30
92nd Ave W	5320750	30
224th St SW	5320750	26
Broadway Ave	5322640	57
Colby Ave	5322640	57
Wetmore Ave	5322640	55
Rucker Ave	5322640	48
Hoyt Ave	5322640	42
W Mukilteo Blvd	5322640	42
Grand Ave	5322640	41
Lombard Ave	5322640	41
4th Ave W	5322640	40
Rockefeller Ave	5322640	38
Pacific Hwy S	5323515	70
1st Ave S	5323515	54
21st Ave SW	5323515	45
20th Ave S	5323515	43
SW Dash Point Rd	5323515	40
28th Ave S	5323515	39
8th Ave S	5323515	37
6th Ave SW	5323515	36
8th Ave SW	5323515	34
30th Ave SW	5323515	28
SE Issaquah Fall City Rd	5333805	30
242nd Ave SE	5333805	19
25th Ave NE	5333805	16
E Lake Sammamish Pkwy SE	5333805	15
SE Duthie Hill Rd	5333805	15
NE Katsura St	5333805	14
SE Black Nugget Rd	5333805	14
NE Park Dr	5333805	12
SE 43rd Way	5333805	12
Providence Point Dr SE	5333805	10
W 10th Ave	5335275	91
W 4th Ave	5335275	68
W Clearwater Ave	5335275	49
W Kennewick Ave	5335275	49
W Canal Dr	5335275	44
W 5th Ave	5335275	43
W 1st Ave	5335275	37
W 6th Ave	5335275	37
W 7th Ave	5335275	35
W Deschutes Ave	5335275	34
124th Ave SE	5335415	72
108th Ave SE	5335415	70
116th Ave SE	5335415	64
104th Ave SE	5335415	51
100th Ave SE	5335415	42
120th Ave SE	5335415	42
68th Ave S	5335415	35
112th Ave SE	5335415	33
S 272nd St	5335415	31
Military Rd S	5335415	29
124th Ave NE	5335940	68
132nd Ave NE	5335940	67
116th Ave NE	5335940	66
NE 132nd St	5335940	57
NE 124th St	5335940	56
108th Ave NE	5335940	50
128th Ave NE	5335940	50
126th Ave NE	5335940	47
100th Ave NE	5335940	39
Juanita Dr NE	5335940	39
Carpenter Rd SE	5336745	46
College St SE	5336745	45
Martin Way E	5336745	43
Pacific Ave SE	5336745	40
Ruddell Rd SE	5336745	37
Marvin Rd NE	5336745	35
Johnson Point Rd NE	5336745	34
Mullen Rd SE	5336745	28
Marvin Rd SE	5336745	24
25th Ave SE	5336745	20
Vernon Rd	5337900	41
123rd Ave NE	5337900	36
S Lake Stevens Rd	5337900	32
84th St NE	5337900	30
20th St SE	5337900	25
Hillcrest Dr	5337900	25
103rd Ave SE	5337900	24
28th St NE	5337900	23
15th Pl SE	5337900	20
4th St SE	5337900	19
Steilacoom Blvd SW	5338038	46
Bridgeport Way SW	5338038	43
Gravelly Lake Dr SW	5338038	42
112th St SW	5338038	37
Farwest Dr SW	5338038	32
108th St SW	5338038	31
100th St SW	5338038	26
Onyx Dr SW	5338038	24
S Tacoma Way	5338038	23
104th St SW	5338038	21
Ocean Beach Hwy	5340245	68
Columbia Heights Rd	5340245	44
30th Ave	5340245	36
Coal Creek Rd	5340245	31
Pacific Way	5340245	31
Maple St	5340245	30
Beech St	5340245	28
32nd Ave	5340245	27
Hudson St	5340245	27
Washington Way	5340245	26
Larch Way	5340840	51
44th Ave W	5340840	48
196th St SW	5340840	45
36th Ave W	5340840	44
Pacific Hwy	5340840	43
204th St SW	5340840	40
52nd Ave W	5340840	40
56th Ave W	5340840	35
176th St SW	5340840	34
188th St SW	5340840	31
51st Ave NE	5343955	71
67th Ave NE	5343955	50
Smokey Point Blvd	5343955	41
47th Ave NE	5343955	40
55th Ave NE	5343955	39
Grove St	5343955	39
83rd Ave NE	5343955	38
88th St NE	5343955	36
Tulalip Rd	5343955	36
27th Ave NE	5343955	30
W Mercer Way	5345005	85
Island Crest Way	5345005	52
84th Ave SE	5345005	48
E Mercer Way	5345005	45
86th Ave SE	5345005	27
78th Ave SE	5345005	26
SE 40th St	5345005	26
80th Ave SE	5345005	25
92nd Ave SE	5345005	21
90th Ave SE	5345005	20
Stratford Rd NE	5347245	43
W Peninsula Dr	5347245	39
N Frontage Rd E	5347245	34
W Broadway Ave	5347245	31
E Wheeler Rd	5347245	29
Rd L NE	5347245	28
Rd N NE	5347245	27
Mae Valley Rd NE	5347245	22
W Lakeside Dr	5347245	22
Rd K NE	5347245	21
48th Ave W	5347490	38
44th Ave W	5347490	33
52nd Ave W	5347490	33
56th Ave W	5347490	28
228th St SW	5347490	26
236th St SW	5347490	25
58th Ave W	5347490	24
212th St SW	5347490	21
220th St SW	5347490	21
232nd St SW	5347490	21
E Fir St	5347560	31
E College Way	5347560	29
Memorial Hwy	5347560	28
McLean Rd	5347560	26
Bayview Edison Rd	5347560	21
Best Rd	5347560	21
Hoag Rd	5347560	20
N Laventure Rd	5347560	20
Dike Rd	5347560	19
Fir Island Rd	5347560	18
Cooper Point Rd NW	5351300	67
Boston Harbor Rd NE	5351300	44
Steamboat Island Rd NW	5351300	42
Libby Rd NE	5351300	41
Sleater Kinney Rd NE	5351300	34
S Bay Rd NE	5351300	32
Division St NW	5351300	29
4th Ave E	5351300	25
Summit Lake Shore Rd NW	5351300	25
Lilly Rd NE	5351300	24
Pasco Kahlotus Rd	5353545	87
W Sylvester St	5353545	52
W Court St	5353545	50
W Argent St	5353545	38
W Sagemoor Rd	5353545	37
W Pearl St	5353545	34
Taylor Flats Rd	5353545	31
N 4th Ave	5353545	29
W A St	5353545	26
Court St	5353545	25
SW Center St	5356625	18
NW State St	5356625	15
Old Moscow Rd	5356625	15
S Grand Ave	5356625	15
SE Spring St	5356625	14
N Grand Ave	5356625	13
NW Davis Way	5356625	13
Johnson Rd	5356625	12
NE Stadium Way	5356625	12
NW Terre View Dr	5356625	12
Meridian Ave E	5356695	27
W Pioneer Ave	5356695	26
W Stewart Ave	5356695	22
96th St E	5356695	21
9th St SW	5356695	21
Canyon Rd E	5356695	19
W Main Ave	5356695	19
7th Ave SW	5356695	18
84th St E	5356695	18
S Meridian	5356695	18
Redmond Way	5357535	47
172nd Ave NE	5357535	46
148th Ave NE	5357535	41
Avondale Rd NE	5357535	40
W Lake Sammamish Pkwy NE	5357535	38
NE 95th St	5357535	36
166th Ave NE	5357535	35
180th Ave NE	5357535	34
NE 116th St	5357535	31
164th Ave NE	5357535	28
Talbot Rd S	5357745	56
Edmonds Ave NE	5357745	39
Park Ave N	5357745	31
Lind Ave SW	5357745	29
Morris Ave S	5357745	29
NE 12th St	5357745	29
NE Sunset Blvd	5357745	28
108th Ave SE	5357745	27
SE May Creek Park Dr	5357745	27
Lake Washington Blvd N	5357745	26
George Washington Way	5358235	64
Thayer Dr	5358235	37
Stevens Dr	5358235	35
Cottonwood Dr	5358235	30
Van Giesen St	5358235	28
Wright Ave	5358235	28
Keene Rd	5358235	27
Saint St	5358235	26
Swift Blvd	5358235	26
Goethals Dr	5358235	25
NE 8th St	5361115	33
E Lake Sammamish Pkwy SE	5361115	32
NE Inglewood Hill Rd	5361115	32
SE 8th St	5361115	30
228th Ave SE	5361115	28
E Lake Sammamish Pkwy NE	5361115	28
SE 24th St	5361115	28
NE 25th Way	5361115	26
212th Ave SE	5361115	23
244th Ave NE	5361115	23
Perimeter Rd	5362288	4
S 170th St	5362288	3
Host Rd	5362288	2
S 161st St	5362288	2
S 166th St	5362288	2
Air Cargo Rd	5362288	1
Air Cargo Rd S	5362288	1
Alaska Svc Rd	5362288	1
Pacific Hwy S	5362288	1
S 156th Way	5362288	1
Aurora Ave N	5363000	117
Beacon Ave S	5363000	116
Rainier Ave S	5363000	105
Martin Luther King Jr Way S	5363000	85
NE 65th St	5363000	83
5th Ave NE	5363000	80
Roosevelt Way NE	5363000	76
15th Ave NE	5363000	71
1st Ave NE	5363000	70
8th Ave NE	5363000	68
Aurora Ave N	5363960	73
Meridian Ave N	5363960	69
1st Ave NW	5363960	61
Fremont Ave N	5363960	61
3rd Ave NW	5363960	53
Dayton Ave N	5363960	53
Ashworth Ave N	5363960	51
Corliss Ave N	5363960	48
Greenwood Ave N	5363960	48
Linden Ave N	5363960	48
N Division St	5367000	136
N Perry St	5367000	131
N Standard St	5367000	128
N Cincinnati St	5367000	117
N Cedar St	5367000	106
N Pittsburg St	5367000	97
N Crestline St	5367000	96
N Nevada St	5367000	96
N Morton St	5367000	95
N Helena St	5367000	93
E Trent Ave	5367167	126
E Mission Ave	5367167	89
E 8th Ave	5367167	87
E Sprague Ave	5367167	87
E 4th Ave	5367167	78
E Broadway Ave	5367167	73
E 16th Ave	5367167	69
E Valleyway Ave	5367167	59
E Upriver Dr	5367167	55
E 12th Ave	5367167	51
Pacific Ave	5370000	69
S 12th St	5370000	67
S Sheridan Ave	5370000	65
S 19th St	5370000	63
A St	5370000	62
S J St	5370000	62
6th Ave	5370000	61
E Portland Ave	5370000	59
S Tacoma Way	5370000	59
S Yakima Ave	5370000	59
Littlerock Rd SW	5372905	66
Delphi Rd SW	5372905	63
Boulevard Rd SE	5372905	40
Capitol Blvd SW	5372905	40
Maytown Rd SW	5372905	40
Tilley Rd SE	5372905	36
Henderson Blvd SE	5372905	35
18th Ave SE	5372905	34
Waddell Creek Rd SW	5372905	33
Case Rd SW	5372905	30
Bridgeport Way W	5373465	45
S 19th St	5373465	42
Cirque Dr W	5373465	40
Orchard St	5373465	35
Grandview Dr W	5373465	34
67th Ave W	5373465	33
35th St W	5373465	29
Alameda Ave W	5373465	27
44th St W	5373465	25
27th St W	5373465	22
SE Evergreen Hwy	5374060	68
E Mill Plain Blvd	5374060	55
NE 124th Ave	5374060	54
NE 49th St	5374060	52
NE 152nd Ave	5374060	51
E Fourth Plain Blvd	5374060	50
Columbia St	5374060	44
Main St	5374060	44
NE 58th St	5374060	44
NE 28th St	5374060	43
S 3rd Ave	5375775	43
E Isaacs Ave	5375775	33
E Alder St	5375775	31
S Wilbur Ave	5375775	31
Mill Creek Rd	5375775	30
Old Milton Hwy	5375775	29
School Ave	5375775	27
S 2nd Ave	5375775	25
S Howard St	5375775	25
Bryant St	5375775	23
N Western Ave	5377105	43
5th St	5377105	37
Squilchuck Rd	5377105	35
S Methow St	5377105	32
S Miller St	5377105	28
S Wenatchee Ave	5377105	26
S Mission St	5377105	25
Stemilt Creek Rd	5377105	23
Washington St	5377105	23
Springwater Ave	5377105	22
W Chestnut Ave	5380010	91
Summitview Ave	5380010	88
W Lincoln Ave	5380010	75
W Nob Hill Blvd	5380010	68
W Tieton Dr	5380010	68
Englewood Ave	5380010	56
Tieton Dr	5380010	51
W Yakima Ave	5380010	44
W Viola Ave	5380010	42
W Mead Ave	5380010	39
Pennsylvania Ave	5414600	88
Maccorkle Ave SE	5414600	74
Washington St W	5414600	61
Kanawha Ave SE	5414600	55
Kanawha Blvd E	5414600	48
Washington St E	5414600	46
7th Ave	5414600	40
Greenbrier St	5414600	38
Smith Rd	5414600	32
Virginia Ave SE	5414600	30
5th Ave	5439460	54
3rd Ave	5439460	48
Norway Ave	5439460	45
6th Ave	5439460	42
16th St Rd	5439460	38
28th St	5439460	38
4th Ave	5439460	38
7th Ave	5439460	38
8th Ave	5439460	38
Washington Blvd	5439460	35
University Ave	5455756	72
Hartman Run Rd	5455756	24
Stewart St	5455756	24
Van Voorhis Rd	5455756	24
Collins Ferry Rd	5455756	22
Stewartstown Rd	5455756	22
Chestnut Ridge Rd	5455756	20
Richwood Ave	5455756	20
Willowdale Rd	5455756	17
Sabraton Ave	5455756	15
Emerson Ave	5462140	99
Camden Ave	5462140	76
7th St	5462140	58
Pike St	5462140	43
Murdoch Ave	5462140	41
16th St	5462140	40
Gihon Rd	5462140	40
Old Saint Marys Pike	5462140	40
23rd St	5462140	39
Avery St	5462140	39
National Rd	5486452	88
Eoff St	5486452	47
Jacob St	5486452	47
Warwood Ave	5486452	43
Market St	5486452	35
Chapline St	5486452	34
Wood St	5486452	33
Greggsville Clinton and Potomac Rd	5486452	31
Richland Ave	5486452	31
N Main St	5486452	27
W Prospect Ave	5502375	99
N Richmond St	5502375	69
N Meade St	5502375	53
W Wisconsin Ave	5502375	52
French Rd	5502375	49
W College Ave	5502375	44
W Capitol Dr	5502375	42
W Spencer St	5502375	41
N Mason St	5502375	39
Oneida St	5502375	39
Park Ave	5506500	53
Prairie Ave	5506500	42
Shirland Ave	5506500	42
S Riverside Dr	5506500	40
Milwaukee Rd	5506500	39
Shopiere Rd	5506500	39
S Afton Rd	5506500	38
E Colley Rd	5506500	35
W Beloit Newark Rd	5506500	35
Cranston Rd	5506500	32
W North Ave	5510025	74
W Capitol Dr	5510025	66
N Calhoun Rd	5510025	57
W Greenfield Ave	5510025	55
N Brookfield Rd	5510025	54
W Bluemound Rd	5510025	52
Gebhardt Rd	5510025	45
N 124th St	5510025	42
Pilgrim Rd	5510025	34
N Barker Rd	5510025	27
Douglas Ave	5511950	53
Erie St	5511950	49
N Main St	5511950	40
Charles St	5511950	39
La Salle St	5511950	34
Six Mile Rd	5511950	29
Four Mile Rd	5511950	22
N Wisconsin St	5511950	21
South St	5511950	20
4 1/2 Mile Rd	5511950	19
E Hamilton Ave	5522300	44
S Lowes Creek Rd	5522300	38
State St	5522300	35
N Shore Dr	5522300	31
Fairfax St	5522300	30
Eddy Ln	5522300	29
Birch St	5522300	28
Vine St	5522300	28
Cameron St	5522300	27
W Folsom St	5522300	27
Co Hwy Mm	5525950	30
Monroe St	5525950	29
Raymond Rd	5525950	26
Lacy Rd	5525950	25
Co Hwy M	5525950	24
Fish Hatchery Rd	5525950	24
Richardson St	5525950	23
S Whitney Way	5525950	23
Odana Rd	5525950	22
Verona Rd	5525950	22
Co Rd K	5526275	54
S Main St	5526275	41
Fond du Lac Ave	5526275	40
Forest Ave	5526275	39
Golf Course Dr	5526275	36
E Johnson St	5526275	35
Winnebago Dr	5526275	35
Lakeshore Dr	5526275	32
Co Rd V	5526275	31
Rogersville Rd	5526275	31
S 35th St	5527300	37
W Loomis Rd	5527300	33
W Rawson Ave	5527300	32
W Drexel Ave	5527300	31
S 27th St	5527300	28
S 76th St	5527300	27
W Ryan Rd	5527300	27
S 68th St	5527300	21
W Forest Hill Ave	5527300	21
S 92nd St	5527300	20
Main St	5531000	46
Humboldt Rd	5531000	38
Finger Rd	5531000	36
O Na Ste Ln	5531000	35
Velp Ave	5531000	35
Nicolet Dr	5531000	33
Shawano Ave	5531000	32
Bellevue St	5531000	31
Dousman St	5531000	31
University Ave	5531000	31
W Morgan Ave	5531175	66
W Coldspring Rd	5531175	60
W Howard Ave	5531175	56
W Layton Ave	5531175	50
S 124th St	5531175	40
W Plainfield Ave	5531175	36
W Forest Home Ave	5531175	34
W Wilbur Ave	5531175	34
S 43rd St	5531175	31
W Crawford Ave	5531175	29
Milton Ave	5537825	56
N Washington St	5537825	48
Rockport Rd	5537825	45
E Milwaukee St	5537825	43
W Court St	5537825	41
E Racine St	5537825	37
Humes Rd	5537825	36
N Wright Rd	5537825	35
Afton Rd	5537825	33
N Co Rd H	5537825	31
22nd Ave	5539225	103
Sheridan Rd	5539225	102
18th Ave	5539225	66
14th Ave	5539225	55
17th Ave	5539225	53
19th Ave	5539225	52
25th Ave	5539225	52
7th Ave	5539225	52
26th Ave	5539225	46
21st Ave	5539225	45
Losey Blvd S	5540775	58
Cass St	5540775	41
West Ave S	5540775	40
Gillette St	5540775	37
Mormon Coulee Rd	5540775	37
Farnam St	5540775	34
Nakomis Ave	5540775	33
Rose St	5540775	33
State Rd	5540775	31
Bainbridge St	5540775	30
University Ave	5548000	72
E Washington Ave	5548000	67
N Sherman Ave	5548000	60
Milwaukee St	5548000	57
Mineral Point Rd	5548000	45
Commercial Ave	5548000	44
Regent St	5548000	41
Northport Dr	5548000	37
E Buckeye Rd	5548000	36
E Johnson St	5548000	36
Waldo Blvd	5548500	56
Calumet Ave	5548500	40
Viebahn St	5548500	40
S 10th St	5548500	35
W Custer St	5548500	35
Division St	5548500	31
S 26th St	5548500	29
Menasha Ave	5548500	28
Michigan Ave	5548500	27
N Rapids Rd	5548500	25
Appleton Ave	5551000	65
Pilgrim Rd	5551000	64
County Line Rd	5551000	60
Menomonee Ave	5551000	44
Lilly Rd	5551000	40
Silver Spring Dr	5551000	39
Lisbon Rd	5551000	36
W Good Hope Rd	5551000	34
Main St	5551000	27
Shady Ln	5551000	27
W County Line Rd	5551150	70
W Mequon Rd	5551150	59
Highland Rd	5551150	44
W Donges Bay Rd	5551150	37
N Port Washington Rd	5551150	36
N Wausaukee Rd	5551150	32
W Bonniwell Rd	5551150	31
N River Rd	5551150	29
Cedarburg Rd	5551150	25
Wauwatosa Rd	5551150	25
W Capitol Dr	5553000	161
W Burleigh St	5553000	129
W Center St	5553000	123
W Congress St	5553000	117
W Fond du Lac Ave	5553000	113
W Hampton Ave	5553000	105
W Locust St	5553000	103
W Silver Spring Dr	5553000	103
N 76th St	5553000	98
W Hadley St	5553000	94
County Line Rd	5554875	98
Washington Ave	5554875	64
Durand Ave	5554875	58
16th St	5554875	41
S Green Bay Rd	5554875	37
90th St	5554875	34
Taylor Ave	5554875	32
Northwestern Ave	5554875	29
12th St	5554875	26
N Emmertsen Rd	5554875	26
Janesville Rd	5555275	50
Woods Rd	5555275	38
Lannon Dr	5555275	22
Racine Ave	5555275	22
Eight Mile Rd	5555275	20
Crowbar Dr	5555275	18
Hillendale Dr	5555275	18
W College Ave	5555275	16
Gold Dr	5555275	14
Martin Dr	5555275	12
S Commercial St	5555750	39
County Trk II	5555750	33
Breezewood Ln	5555750	32
Shady Ln	5555750	31
S Park Ave	5555750	28
Winneconne Ave	5555750	27
Marathon Ave	5555750	25
Henry St	5555750	24
Irish Rd	5555750	23
Tullar Rd	5555750	23
S Moorland Rd	5556375	66
S 124th St	5556375	64
S Sunnyslope Rd	5556375	55
W Greenfield Ave	5556375	49
S Calhoun Rd	5556375	47
W Cleveland Ave	5556375	47
W National Ave	5556375	40
W Lincoln Ave	5556375	30
W Beloit Rd	5556375	27
W Grange Ave	5556375	25
S 13th St	5558800	31
S 27th St	5558800	30
S Pennsylvania Ave	5558800	29
S Chicago Rd	5558800	26
S Howell Ave	5558800	25
S Shepard Ave	5558800	23
E Puetz Rd	5558800	22
S Nicholson Rd	5558800	20
E Elm Rd	5558800	18
E Oakwood Rd	5558800	18
Jackson St	5560500	68
Elm Eaa Ave	5560500	64
Fond du Lac Rd	5560500	62
W 9th Street Rd	5560500	59
Knapp St	5560500	58
Oregon St	5560500	53
Algoma Blvd	5560500	44
N Main St	5560500	42
W 20th Ave	5560500	39
Bowen St	5560500	38
Hwy C	5566000	36
Lathrop Ave	5566000	30
N Green Bay Rd	5566000	30
Washington Ave	5566000	29
Oregon St	5566000	28
16th St	5566000	26
N Memorial Dr	5566000	26
Indiana St	5566000	25
Kinzie Ave	5566000	24
Northwestern Ave	5566000	24
Superior Ave	5572975	59
S Business Dr	5572975	58
Lakeshore Rd	5572975	52
Geele Ave	5572975	50
S 12th St	5572975	50
Erie Ave	5572975	41
Indiana Ave	5572975	40
N 6th St	5572975	40
Union Ave	5572975	39
Weeden Creek Rd	5572975	39
Main St	5577200	51
Brilowski Rd	5577200	38
Michigan Ave	5577200	33
Northpoint Dr	5577200	30
Water St	5577200	30
McDill Ave	5577200	29
Heffron St	5577200	28
Minnesota Ave	5577200	28
Church St	5577200	25
Co Rd J	5577200	25
Co Hwy N	5578600	34
W Main St	5578600	31
Stonehaven Dr	5578600	25
N Bird St	5578600	23
Columbus St	5578600	22
N Thompson Rd	5578600	22
St Albert the Great Dr	5578600	22
Co Hwy T	5578600	21
Wilburn Rd	5578600	21
Town Hall Dr	5578600	20
Co Rd B	5578650	57
Ogden Ave	5578650	56
Hammond Ave	5578650	55
Belknap St	5578650	54
Co Rd C	5578650	54
E 2nd St	5578650	50
John Ave	5578650	49
E 3rd St	5578650	48
N 21st St	5578650	48
Tower Ave	5578650	48
Sunset Dr	5584250	43
S Grand Ave	5584250	42
N University Dr	5584250	40
Northview Rd	5584250	38
E Broadway St	5584250	34
Oakdale Dr	5584250	34
Summit Ave	5584250	34
N Grandview Blvd	5584250	33
Pewaukee Rd	5584250	33
Madison St	5584250	31
N 6th St	5584475	45
Franklin St	5584475	35
N 10th St	5584475	32
N 7th St	5584475	32
Townline Rd	5584475	31
Grand Ave	5584475	29
N 5th St	5584475	29
E Wausau Ave	5584475	25
McIntosh St	5584475	23
N 13th St	5584475	21
W Bluemound Rd	5584675	69
W North Ave	5584675	61
W Wisconsin Ave	5584675	55
N 124th St	5584675	46
W Clarke St	5584675	41
W Meinecke Ave	5584675	39
W Wright St	5584675	35
N 68th St	5584675	30
N 70th St	5584675	30
W Garfield Ave	5584675	28
W Greenfield Ave	5585300	81
W National Ave	5585300	78
S 124th St	5585300	56
W Washington St	5585300	54
W Lapham St	5585300	42
S 84th St	5585300	41
W Mitchell St	5585300	37
W Walker St	5585300	35
W Orchard St	5585300	34
W Lincoln Ave	5585300	33
Co Hwy Nn	5585350	37
E Washington St	5585350	32
N Main St	5585350	26
Pleasant Valley Rd	5585350	23
S Silverbrook Dr	5585350	22
Decorah Rd	5585350	21
W Washington St	5585350	21
Chestnut St	5585350	20
W Paradise Dr	5585350	20
Green Tree Rd	5585350	19
Cy Ave	5613150	51
E 12th St	5613150	50
Poison Spider Rd	5613150	48
E 2nd St	5613150	41
S Robertson Rd	5613150	36
W Zero Rd	5613150	32
E 15th St	5613150	29
W 13th St	5613150	28
S Beverly St	5613150	27
W Yellowstone Hwy	5613150	26
E Pershing Blvd	5613900	76
E Lincolnway	5613900	56
Carey Ave	5613900	41
Bent Ave	5613900	36
S Greeley Hwy	5613900	35
Central Ave	5613900	34
Snyder Ave	5613900	33
Warren Ave	5613900	33
E 12th St	5613900	32
Cleveland Ave	5613900	31
S Douglas Hwy	5631855	68
Hilight Rd	5631855	58
Clarkelen Rd	5631855	47
Collins Rd	5631855	46
Lawver Rd	5631855	46
Echeta Rd	5631855	34
Middle Prong Rd	5631855	31
N Garner Lake Rd	5631855	30
Napier Rd	5631855	30
E Boxelder Rd	5631855	28
N 15th St	5645050	44
Sand Creek Rd	5645050	42
Wayside Rd	5645050	40
Monument Rd	5645050	39
Platte River Access Rd	5645050	39
Roger Canyon Rd	5645050	39
E Sheridan St	5645050	35
N 9th St	5645050	35
E Garfield St	5645050	34
Snowy Range Rd	5645050	34
