code	locality
105 04	Solna
110 00	Stockholm
110 01	Stockholm
110 02	Stockholm
110 03	Stockholm
110 04	Stockholm
110 05	Stockholm
110 06	Stockholm
110 07	Stockholm
110 08	Stockholm
110 09	Stockholm
110 10	Stockholm
110 11	Stockholm
110 12	Stockholm
110 13	Stockholm
110 15	Stockholm
110 16	Stockholm
110 17	Stockholm
110 19	Stockholm
110 20	Stockholm
110 22	Stockholm
110 23	Stockholm
110 25	Stockholm
110 26	Stockholm
110 27	Stockholm
110 29	Stockholm
110 30	Stockholm
110 34	Stockholm
110 37	Stockholm
110 39	Stockholm
110 43	Stockholm
110 45	Stockholm
110 46	Stockholm
110 49	Stockholm
110 50	Stockholm
110 51	Stockholm
110 52	Stockholm
110 53	Stockholm
110 54	Stockholm
110 55	Stockholm
110 56	Stockholm
110 57	Stockholm
110 58	Stockholm
110 59	Stockholm
110 60	Stockholm
110 69	Stockholm
110 70	Stockholm
110 75	Stockholm
110 76	Stockholm
110 77	Stockholm
110 78	Stockholm
110 79	Stockholm
110 80	Stockholm
110 81	Stockholm
110 82	Stockholm
110 83	Stockholm
110 84	Stockholm
110 85	Stockholm
110 86	Stockholm
110 87	Stockholm
110 88	Stockholm
110 89	Stockholm
110 90	Stockholm
110 91	Stockholm
110 92	Stockholm
110 93	Stockholm
110 94	Stockholm
110 95	Stockholm
110 96	Stockholm
110 97	Stockholm
110 98	Stockholm
110 99	Stockholm
111 01	Stockholm
111 02	Stockholm
111 15	Stockholm
111 20	Stockholm
111 21	Stockholm
111 22	Stockholm
111 23	Stockholm
111 24	Stockholm
111 27	Stockholm
111 28	Stockholm
111 29	Stockholm
111 30	Stockholm
111 31	Stockholm
111 34	Stockholm
111 35	Stockholm
111 36	Stockholm
111 37	Stockholm
111 38	Stockholm
111 39	Stockholm
111 40	Stockholm
111 43	Stockholm
111 44	Stockholm
111 45	Stockholm
111 46	Stockholm
111 47	Stockholm
111 48	Stockholm
111 49	Stockholm
111 51	Stockholm
111 52	Stockholm
111 53	Stockholm
111 56	Stockholm
111 57	Stockholm
111 60	Stockholm
111 61	Stockholm
111 64	Stockholm
111 71	Stockholm
111 73	Stockholm
111 74	Stockholm
111 75	Stockholm
111 76	Stockholm
111 77	Stockholm
111 81	Stockholm
111 82	Stockholm
111 83	Stockholm
111 84	Stockholm
111 85	Stockholm
111 86	Stockholm
111 87	Stockholm
111 88	Stockholm
111 89	Stockholm
111 91	Stockholm
111 92	Stockholm
111 93	Stockholm
111 94	Stockholm
111 95	Stockholm
111 96	Stockholm
111 97	Stockholm
111 98	Stockholm
111 99	Stockholm
112 01	Stockholm
112 02	Stockholm
112 03	Stockholm
112 04	Stockholm
112 06	Stockholm
112 13	Stockholm
112 14	Stockholm
112 15	Stockholm
112 16	Stockholm
112 17	Stockholm
112 18	Stockholm
112 19	Stockholm
112 20	Stockholm
112 21	Stockholm
112 22	Stockholm
112 23	Stockholm
112 24	Stockholm
112 25	Stockholm
112 26	Stockholm
112 27	Stockholm
112 28	Stockholm
112 29	Stockholm
112 30	Stockholm
112 31	Stockholm
112 32	Stockholm
112 33	Stockholm
112 34	Stockholm
112 35	Stockholm
112 36	Stockholm
112 37	Stockholm
112 38	Stockholm
112 39	Stockholm
112 40	Stockholm
112 41	Stockholm
112 42	Stockholm
112 43	Stockholm
112 44	Stockholm
112 45	Stockholm
112 46	Stockholm
112 47	Stockholm
112 48	Stockholm
112 49	Stockholm
112 50	Stockholm
112 51	Stockholm
112 52	Stockholm
112 53	Stockholm
112 54	Stockholm
112 55	Stockholm
112 56	Stockholm
112 57	Stockholm
112 58	Stockholm
112 59	Stockholm
112 60	Stockholm
112 61	Stockholm
112 62	Stockholm
112 63	Stockholm
112 64	Stockholm
112 65	Stockholm
112 66	Stockholm
112 67	Stockholm
112 69	Stockholm
112 72	Stockholm
112 73	Stockholm
112 74	Stockholm
112 75	Stockholm
112 76	Stockholm
112 77	Stockholm
112 78	Stockholm
112 79	Stockholm
112 80	Stockholm
112 81	Stockholm
112 82	Stockholm
112 83	Stockholm
112 84	Stockholm
112 85	Stockholm
112 86	Stockholm
112 87	Stockholm
112 88	Stockholm
112 89	Stockholm
112 92	Stockholm
112 93	Stockholm
112 94	Stockholm
112 96	Stockholm
112 97	Stockholm
112 98	Stockholm
113 01	Stockholm
113 02	Stockholm
113 03	Stockholm
113 04	Stockholm
113 20	Stockholm
113 21	Stockholm
113 22	Stockholm
113 23	Stockholm
113 24	Stockholm
113 25	Stockholm
113 26	Stockholm
113 27	Stockholm
113 28	Stockholm
113 29	Stockholm
113 30	Stockholm
113 31	Stockholm
113 32	Stockholm
113 33	Stockholm
113 34	Stockholm
113 35	Stockholm
113 36	Stockholm
113 37	Stockholm
113 38	Stockholm
113 39	Stockholm
113 40	Stockholm
113 41	Stockholm
113 42	Stockholm
113 43	Stockholm
113 44	Stockholm
113 45	Stockholm
113 46	Stockholm
113 47	Stockholm
113 48	Stockholm
113 49	Stockholm
113 50	Stockholm
113 51	Stockholm
113 52	Stockholm
113 53	Stockholm
113 54	Stockholm
113 55	Stockholm
113 56	Stockholm
113 57	Stockholm
113 58	Stockholm
113 59	Stockholm
113 60	Stockholm
113 61	Stockholm
113 62	Stockholm
113 63	Stockholm
113 64	Stockholm
113 65	Stockholm
113 66	Stockholm
113 67	Stockholm
113 68	Stockholm
113 69	Stockholm
113 76	Stockholm
113 78	Stockholm
113 79	Stockholm
113 80	Stockholm
113 81	Stockholm
113 82	Stockholm
113 83	Stockholm
113 84	Stockholm
113 85	Stockholm
113 86	Stockholm
113 87	Stockholm
113 88	Stockholm
113 89	Stockholm
113 90	Stockholm
113 91	Stockholm
113 92	Stockholm
113 93	Stockholm
113 94	Stockholm
113 95	Stockholm
113 96	Stockholm
113 97	Stockholm
113 98	Stockholm
113 99	Stockholm
114 01	Stockholm
114 02	Stockholm
114 11	Stockholm
114 15	Stockholm
114 16	Stockholm
114 17	Stockholm
114 18	Stockholm
114 19	Stockholm
114 20	Stockholm
114 21	Stockholm
114 22	Stockholm
114 23	Stockholm
114 24	Stockholm
114 25	Stockholm
114 26	Stockholm
114 27	Stockholm
114 28	Stockholm
114 29	Stockholm
114 30	Stockholm
114 31	Stockholm
114 32	Stockholm
114 33	Stockholm
114 34	Stockholm
114 35	Stockholm
114 36	Stockholm
114 37	Stockholm
114 38	Stockholm
114 39	Stockholm
114 40	Stockholm
114 41	Stockholm
114 42	Stockholm
114 43	Stockholm
114 44	Stockholm
114 45	Stockholm
114 46	Stockholm
114 47	Stockholm
114 48	Stockholm
114 49	Stockholm
114 50	Stockholm
114 51	Stockholm
114 52	Stockholm
114 53	Stockholm
114 54	Stockholm
114 55	Stockholm
114 56	Stockholm
114 57	Stockholm
114 58	Stockholm
114 59	Stockholm
114 60	Stockholm
114 73	Stockholm
114 75	Stockholm
114 76	Stockholm
114 78	Stockholm
114 79	Stockholm
114 80	Stockholm
114 81	Stockholm
114 82	Stockholm
114 83	Stockholm
114 84	Stockholm
114 85	Stockholm
114 86	Stockholm
114 87	Stockholm
114 88	Stockholm
114 89	Stockholm
114 90	Stockholm
114 92	Stockholm
114 94	Stockholm
114 95	Stockholm
114 97	Stockholm
114 98	Stockholm
114 99	Stockholm
115 01	Stockholm
115 02	Stockholm
115 20	Stockholm
115 21	Stockholm
115 22	Stockholm
115 23	Stockholm
115 24	Stockholm
115 25	Stockholm
115 26	Stockholm
115 27	Stockholm
115 28	Stockholm
115 29	Stockholm
115 30	Stockholm
115 31	Stockholm
115 32	Stockholm
115 33	Stockholm
115 34	Stockholm
115 35	Stockholm
115 36	Stockholm
115 37	Stockholm
115 38	Stockholm
115 39	Stockholm
115 40	Stockholm
115 41	Stockholm
115 42	Stockholm
115 43	Stockholm
115 44	Stockholm
115 45	Stockholm
115 46	Stockholm
115 47	Stockholm
115 48	Stockholm
115 49	Stockholm
115 50	Stockholm
115 51	Stockholm
115 53	Stockholm
115 56	Stockholm
115 57	Stockholm
115 58	Stockholm
115 59	Stockholm
115 60	Stockholm
115 71	Stockholm
115 73	Stockholm
115 74	Stockholm
115 76	Stockholm
115 77	Stockholm
115 78	Stockholm
115 79	Stockholm
115 80	Stockholm
115 82	Stockholm
115 83	Stockholm
115 84	Stockholm
115 87	Stockholm
115 88	Stockholm
115 89	Stockholm
115 90	Stockholm
115 91	Stockholm
115 92	Stockholm
115 93	Stockholm
115 94	Stockholm
115 95	Stockholm
115 96	Stockholm
115 97	Stockholm
115 99	Stockholm
116 01	Stockholm
116 18	Stockholm
116 20	Stockholm
116 21	Stockholm
116 22	Stockholm
116 23	Stockholm
116 24	Stockholm
116 25	Stockholm
116 28	Stockholm
116 29	Stockholm
116 30	Stockholm
116 31	Stockholm
116 32	Stockholm
116 33	Stockholm
116 34	Stockholm
116 35	Stockholm
116 36	Stockholm
116 37	Stockholm
116 38	Stockholm
116 39	Stockholm
116 40	Stockholm
116 41	Stockholm
116 42	Stockholm
116 43	Stockholm
116 44	Stockholm
116 45	Stockholm
116 46	Stockholm
116 47	Stockholm
116 48	Stockholm
116 49	Stockholm
116 61	Stockholm
116 62	Stockholm
116 63	Stockholm
116 64	Stockholm
116 65	Stockholm
116 66	Stockholm
116 67	Stockholm
116 68	Stockholm
116 74	Stockholm
116 81	Stockholm
116 85	Stockholm
116 88	Stockholm
116 91	Stockholm
116 92	Stockholm
116 93	Stockholm
116 94	Stockholm
117 01	Stockholm
117 05	Stockholm
117 18	Stockholm
117 26	Stockholm
117 27	Stockholm
117 28	Stockholm
117 29	Stockholm
117 30	Stockholm
117 31	Stockholm
117 32	Stockholm
117 33	Stockholm
117 34	Stockholm
117 35	Stockholm
117 36	Stockholm
117 37	Stockholm
117 38	Stockholm
117 39	Stockholm
117 40	Stockholm
117 41	Stockholm
117 43	Stockholm
117 50	Stockholm
117 54	Stockholm
117 55	Stockholm
117 56	Stockholm
117 57	Stockholm
117 58	Stockholm
117 59	Stockholm
117 60	Stockholm
117 61	Stockholm
117 62	Stockholm
117 63	Stockholm
117 64	Stockholm
117 65	Stockholm
117 66	Stockholm
117 67	Stockholm
117 68	Stockholm
117 69	Stockholm
117 70	Stockholm
117 71	Stockholm
117 75	Stockholm
117 80	Stockholm
117 83	Stockholm
117 84	Stockholm
117 85	Stockholm
117 86	Stockholm
117 88	Stockholm
117 90	Stockholm
117 91	Stockholm
117 92	Stockholm
117 93	Stockholm
117 94	Stockholm
117 95	Stockholm
117 96	Stockholm
117 97	Stockholm
117 98	Stockholm
117 99	Stockholm
118 01	Stockholm
118 05	Stockholm
118 18	Stockholm
118 20	Stockholm
118 21	Stockholm
118 22	Stockholm
118 23	Stockholm
118 24	Stockholm
118 25	Stockholm
118 26	Stockholm
118 27	Stockholm
118 28	Stockholm
118 29	Stockholm
118 30	Stockholm
118 42	Stockholm
118 46	Stockholm
118 47	Stockholm
118 48	Stockholm
118 49	Stockholm
118 50	Stockholm
118 51	Stockholm
118 52	Stockholm
118 53	Stockholm
118 54	Stockholm
118 55	Stockholm
118 56	Stockholm
118 57	Stockholm
118 58	Stockholm
118 59	Stockholm
118 60	Stockholm
118 61	Stockholm
118 62	Stockholm
118 63	Stockholm
118 64	Stockholm
118 65	Stockholm
118 66	Stockholm
118 67	Stockholm
118 69	Stockholm
118 72	Stockholm
118 80	Stockholm
118 81	Stockholm
118 82	Stockholm
118 83	Stockholm
118 85	Stockholm
118 86	Stockholm
118 87	Stockholm
118 88	Stockholm
118 89	Stockholm
118 90	Stockholm
118 91	Stockholm
118 92	Stockholm
118 93	Stockholm
118 94	Stockholm
118 95	Stockholm
120 00	Stockholm
120 01	Stockholm
120 06	Stockholm
120 07	Stockholm
120 08	Stockholm
120 09	Stockholm
120 11	Stockholm
120 12	Stockholm
120 13	Stockholm
120 14	Stockholm
120 15	Stockholm
120 16	Stockholm
120 17	Stockholm
120 18	Stockholm
120 19	Stockholm
120 20	Stockholm
120 21	Stockholm
120 22	Stockholm
120 23	Stockholm
120 24	Stockholm
120 25	Stockholm
120 26	Stockholm
120 30	Stockholm
120 31	Stockholm
120 32	Stockholm
120 33	Stockholm
120 38	Årsta
120 39	Årsta
120 40	Årsta
120 44	Årsta
120 50	Årsta
120 51	Årsta
120 52	Årsta
120 53	Årsta
120 54	Årsta
120 55	Årsta
120 56	Årsta
120 57	Årsta
120 58	Årsta
120 59	Årsta
120 60	Årsta
120 61	Stockholm
120 62	Stockholm
120 63	Stockholm
120 64	Stockholm
120 65	Stockholm
120 66	Stockholm
120 67	Stockholm
120 68	Stockholm
120 69	Stockholm
120 70	Stockholm
120 78	Stockholm
120 79	Stockholm
120 80	Stockholm
120 81	Stockholm
120 82	Stockholm
120 83	Stockholm
120 86	Stockholm
120 87	Stockholm
120 88	Stockholm
120 90	Stockholm
121 20	Johanneshov
121 21	Johanneshov
121 22	Johanneshov
121 23	Johanneshov
121 24	Johanneshov
121 26	Stockholm-Globen
121 27	Stockholm-Globen
121 28	Stockholm-Globen
121 29	Stockholm
121 35	Johanneshov
121 36	Johanneshov
121 37	Johanneshov
121 38	Johanneshov
121 39	Johanneshov
121 40	Johanneshov
121 43	Johanneshov
121 44	Johanneshov
121 45	Johanneshov
121 46	Johanneshov
121 47	Johanneshov
121 48	Johanneshov
121 49	Johanneshov
121 50	Johanneshov
121 51	Johanneshov
121 52	Johanneshov
121 53	Johanneshov
121 54	Johanneshov
121 55	Johanneshov
121 56	Johanneshov
121 62	Johanneshov
121 63	Johanneshov
121 77	Johanneshov
122 20	Enskede
122 31	Enskede
122 32	Enskede
122 33	Enskede
122 34	Enskede
122 37	Enskede
122 38	Enskede
122 39	Enskede
122 40	Enskede
122 41	Enskede
122 42	Enskede
122 43	Enskede
122 44	Enskede
122 45	Enskede
122 46	Enskede
122 47	Enskede
122 48	Enskede
122 49	Enskede
122 60	Enskede
122 62	Enskede
122 63	Enskede
122 64	Enskede
122 65	Enskede
122 66	Enskede
123 20	Farsta
123 21	Farsta
123 22	Farsta
123 23	Farsta
123 24	Farsta
123 26	Farsta
123 27	Farsta
123 28	Farsta
123 31	Farsta
123 32	Farsta
123 33	Farsta
123 34	Farsta
123 40	Farsta
123 41	Farsta
123 42	Farsta
123 43	Farsta
123 44	Farsta
123 46	Farsta
123 47	Farsta
123 48	Farsta
123 49	Farsta
123 50	Farsta
123 52	Farsta
123 53	Farsta
123 54	Farsta
123 55	Farsta
123 56	Farsta
123 57	Farsta
123 58	Farsta
123 59	Farsta
123 60	Farsta
123 63	Farsta
123 71	Farsta
123 72	Farsta
123 73	Farsta
124 20	Bandhagen
124 21	Bandhagen
124 22	Bandhagen
124 25	Bandhagen
124 30	Bandhagen
124 31	Bandhagen
124 32	Bandhagen
124 33	Bandhagen
124 34	Bandhagen
124 36	Bandhagen
124 50	Bandhagen
124 51	Bandhagen
124 52	Bandhagen
124 53	Bandhagen
124 54	Bandhagen
124 55	Bandhagen
124 56	Bandhagen
124 57	Bandhagen
124 58	Bandhagen
124 59	Bandhagen
124 60	Bandhagen
124 61	Bandhagen
124 62	Bandhagen
124 63	Bandhagen
124 64	Bandhagen
124 65	Bandhagen
124 66	Bandhagen
124 67	Bandhagen
124 70	Bandhagen
124 71	Bandhagen
124 72	Bandhagen
124 73	Bandhagen
124 74	Bandhagen
124 75	Bandhagen
124 76	Bandhagen
125 20	Älvsjö
125 21	Älvsjö
125 22	Älvsjö
125 23	Älvsjö
125 24	Älvsjö
125 25	Älvsjö
125 30	Älvsjö
125 31	Älvsjö
125 32	Älvsjö
125 33	Älvsjö
125 34	Älvsjö
125 35	Älvsjö
125 40	Älvsjö
125 41	Älvsjö
125 42	Älvsjö
125 43	Älvsjö
125 44	Älvsjö
125 45	Älvsjö
125 46	Älvsjö
125 48	Älvsjö
125 51	Älvsjö
125 52	Älvsjö
125 53	Älvsjö
125 54	Älvsjö
125 55	Älvsjö
125 56	Älvsjö
125 57	Älvsjö
125 58	Älvsjö
125 59	Älvsjö
125 60	Älvsjö
125 70	Älvsjö
125 71	Älvsjö
125 72	Älvsjö
125 73	Älvsjö
125 74	Älvsjö
125 80	Stockholm
125 81	Stockholm
125 82	Stockholm
126 08	Stockholm
126 11	Stockholm
126 12	Stockholm
126 13	Stockholm
126 14	Stockholm
126 15	Stockholm
126 16	Stockholm
126 17	Stockholm
126 18	Stockholm
126 19	Stockholm
126 20	Stockholm
126 25	Stockholm
126 26	Hägersten
126 27	Stockholm
126 28	Hägersten
126 29	Hägersten
126 30	Hägersten
126 31	Hägersten
126 32	Hägersten
126 33	Hägersten
126 34	Hägersten
126 35	Hägersten
126 36	Hägersten
126 37	Hägersten
126 38	Hägersten
126 39	Hägersten
126 40	Hägersten
126 41	Hägersten
126 42	Hägersten
126 47	Hägersten
126 48	Hägersten
126 49	Hägersten
126 50	Hägersten
126 51	Hägersten
126 52	Hägersten
126 53	Hägersten
126 54	Hägersten
126 55	Hägersten
126 75	Stockholm
126 77	Hägersten
126 78	Hägersten
126 79	Hägersten
126 80	Stockholm
126 81	Stockholm
126 86	Stockholm
126 88	Stockholm
127 20	Skärholmen
127 21	Skärholmen
127 22	Skärholmen
127 23	Skärholmen
127 24	Skärholmen
127 25	Skärholmen
127 26	Skärholmen
127 29	Stockholm
127 30	Skärholmen
127 31	Skärholmen
127 32	Skärholmen
127 33	Skärholmen
127 34	Skärholmen
127 35	Skärholmen
127 36	Skärholmen
127 37	Skärholmen
127 38	Skärholmen
127 39	Skärholmen
127 40	Skärholmen
127 41	Skärholmen
127 42	Skärholmen
127 43	Skärholmen
127 44	Skärholmen
127 45	Skärholmen
127 46	Skärholmen
127 47	Skärholmen
127 48	Skärholmen
127 49	Skärholmen
127 51	Skärholmen
127 55	Skärholmen
127 61	Skärholmen
128 20	Skarpnäck
128 21	Skarpnäck
128 22	Skarpnäck
128 23	Skarpnäck
128 24	Skarpnäck
128 30	Skarpnäck
128 31	Skarpnäck
128 32	Skarpnäck
128 33	Skarpnäck
128 34	Skarpnäck
128 35	Skarpnäck
128 36	Skarpnäck
128 38	Skarpnäck
128 39	Skarpnäck
128 41	Bagarmossen
128 42	Bagarmossen
128 43	Bagarmossen
128 44	Bagarmossen
128 45	Bagarmossen
128 46	Bagarmossen
128 47	Bagarmossen
128 48	Bagarmossen
128 62	Sköndal
128 63	Sköndal
128 64	Sköndal
128 65	Sköndal
128 66	Sköndal
128 67	Sköndal
128 68	Sköndal
128 69	Sköndal
129 20	Hägersten
129 21	Hägersten
129 22	Hägersten
129 23	Hägersten
129 30	Hägersten
129 31	Hägersten
129 32	Hägersten
129 33	Hägersten
129 34	Hägersten
129 35	Hägersten
129 36	Hägersten
129 37	Hägersten
129 38	Hägersten
129 39	Hägersten
129 40	Hägersten
129 41	Hägersten
129 42	Hägersten
129 43	Hägersten
129 44	Hägersten
129 45	Hägersten
129 46	Hägersten
129 47	Hägersten
129 48	Hägersten
129 49	Hägersten
129 50	Hägersten
129 51	Hägersten
129 52	Hägersten
129 53	Hägersten
129 54	Hägersten
129 55	Hägersten
129 56	Hägersten
129 57	Hägersten
130 25	Ingmarsö
130 33	Gällnöby
130 34	Skälvik
130 36	Nämdö
130 37	Stavsnäs
130 38	Runmarö
130 39	Sandhamn
130 40	Djurhamn
130 41	Sollenkroka Ö
130 43	Möja
130 54	Dalarö
130 55	Ornö
130 56	Utö
130 61	Hårsfjärden
131 10	Stockholm
131 20	Nacka
131 21	Nacka
131 22	Nacka
131 23	Nacka
131 24	Nacka
131 25	Nacka
131 26	Nacka Strand
131 27	Nacka Strand
131 28	Nacka Strand
131 29	Stockholm
131 30	Nacka
131 31	Nacka
131 32	Nacka
131 33	Nacka
131 34	Nacka
131 35	Nacka
131 36	Nacka
131 37	Nacka
131 38	Nacka
131 39	Nacka
131 40	Nacka
131 41	Nacka
131 42	Nacka
131 43	Nacka
131 44	Nacka
131 45	Nacka
131 46	Nacka
131 47	Nacka
131 48	Nacka
131 49	Nacka
131 50	Saltsjö-Duvnäs
131 51	Nacka
131 52	Nacka Strand
131 53	Nacka
131 54	Nacka
131 55	Stockholm
131 56	Nacka
131 57	Nacka
131 59	Nacka
131 60	Nacka
131 61	Nacka
131 62	Nacka
131 65	Nacka
131 71	Nacka
131 72	Nacka
131 73	Nacka
131 74	Nacka
131 75	Nacka
131 85	Stockholm
131 88	Stockholm
131 89	Stockholm
131 90	Nacka Strand
131 91	Stockholm
131 92	Nacka
131 93	Nacka
132 21	Saltsjö-Boo
132 22	Saltsjö-Boo
132 23	Saltsjö-Boo
132 25	Saltsjö-Boo
132 26	Saltsjö-Boo
132 27	Saltsjö-Boo
132 30	Saltsjö-Boo
132 31	Saltsjö-Boo
132 32	Saltsjö-Boo
132 33	Saltsjö-Boo
132 34	Saltsjö-Boo
132 35	Saltsjö-Boo
132 36	Saltsjö-Boo
132 37	Saltsjö-Boo
132 38	Saltsjö-Boo
132 39	Saltsjö-Boo
132 40	Saltsjö-Boo
132 41	Saltsjö-Boo
132 42	Saltsjö-Boo
132 43	Saltsjö-Boo
132 44	Saltsjö-Boo
132 45	Saltsjö-Boo
132 46	Saltsjö-Boo
132 47	Saltsjö-Boo
132 48	Saltsjö-Boo
132 49	Saltsjö-Boo
132 51	Saltsjö-Boo
132 52	Saltsjö-Boo
132 53	Saltsjö-Boo
132 54	Saltsjö-Boo
133 20	Saltsjöbaden
133 21	Saltsjöbaden
133 22	Saltsjöbaden
133 23	Saltsjöbaden
133 31	Saltsjöbaden
133 32	Saltsjöbaden
133 33	Saltsjöbaden
133 34	Saltsjöbaden
133 35	Saltsjöbaden
133 36	Saltsjöbaden
133 37	Saltsjöbaden
133 38	Saltsjöbaden
133 39	Saltsjöbaden
133 41	Saltsjöbaden
133 42	Saltsjöbaden
133 43	Saltsjöbaden
133 44	Saltsjöbaden
133 48	Saltsjöbaden
133 49	Saltsjöbaden
134 20	Gustavsberg
134 21	Gustavsberg
134 22	Gustavsberg
134 23	Gustavsberg
134 24	Gustavsberg
134 25	Gustavsberg
134 26	Gustavsberg
134 27	Gustavsberg
134 28	Gustavsberg
134 29	Gustavsberg
134 30	Gustavsberg
134 31	Gustavsberg
134 32	Gustavsberg
134 33	Gustavsberg
134 34	Gustavsberg
134 35	Gustavsberg
134 36	Gustavsberg
134 37	Gustavsberg
134 38	Gustavsberg
134 39	Gustavsberg
134 40	Gustavsberg
134 41	Gustavsberg
134 42	Gustavsberg
134 43	Gustavsberg
134 44	Gustavsberg
134 50	Gustavsberg
134 51	Gustavsberg
134 52	Gustavsberg
134 53	Gustavsberg
135 20	Tyresö
135 21	Tyresö
135 22	Tyresö
135 23	Tyresö
135 24	Tyresö
135 25	Tyresö
135 26	Tyresö
135 27	Tyresö
135 28	Tyresö
135 29	Tyresö
135 30	Tyresö
135 31	Tyresö
135 33	Tyresö
135 34	Tyresö
135 35	Tyresö
135 36	Tyresö
135 37	Tyresö
135 38	Tyresö
135 39	Tyresö
135 40	Tyresö
135 41	Tyresö
135 42	Tyresö
135 43	Tyresö
135 44	Tyresö
135 45	Tyresö
135 46	Tyresö
135 47	Tyresö
135 48	Tyresö
135 49	Tyresö
135 50	Tyresö
135 51	Tyresö
135 52	Tyresö
135 53	Tyresö
135 54	Tyresö
135 55	Tyresö
135 58	Tyresö
135 59	Tyresö
135 60	Tyresö
135 61	Tyresö
135 62	Tyresö
135 63	Tyresö
135 67	Tyresö
135 68	Tyresö
135 69	Tyresö
135 70	Stockholm
136 20	Haninge
136 21	Haninge
136 22	Haninge
136 23	Haninge
136 25	Haninge
136 26	Haninge
136 27	Haninge
136 35	Handen
136 36	Handen
136 37	Handen
136 38	Handen
136 39	Haninge
136 40	Haninge
136 41	Haninge
136 42	Haninge
136 43	Haninge
136 44	Haninge
136 45	Haninge
136 46	Haninge
136 47	Haninge
136 48	Haninge
136 49	Haninge
136 50	Haninge
136 51	Haninge
136 52	Haninge
136 53	Haninge
136 54	Haninge
136 55	Vega
136 56	Vega
136 57	Vega
136 58	Vega
136 59	Haninge
136 60	Haninge
136 61	Haninge
136 62	Haninge
136 63	Haninge
136 64	Haninge
136 65	Haninge
136 66	Haninge
136 67	Haninge
136 68	Haninge
136 69	Haninge
136 70	Haninge
136 71	Haninge
136 72	Haninge
136 73	Haninge
136 75	Haninge
136 91	Haninge
137 20	Västerhaninge
137 21	Västerhaninge
137 22	Västerhaninge
137 23	Västerhaninge
137 24	Västerhaninge
137 25	Dalarö
137 31	Västerhaninge
137 32	Västerhaninge
137 34	Västerhaninge
137 36	Västerhaninge
137 37	Västerhaninge
137 38	Västerhaninge
137 39	Västerhaninge
137 40	Västerhaninge
137 41	Västerhaninge
137 42	Västerhaninge
137 43	Västerhaninge
137 54	Tungelsta
137 55	Tungelsta
137 56	Tungelsta
137 57	Tungelsta
137 58	Tungelsta
137 70	Dalarö
137 71	Dalarö
137 91	Västerhaninge
137 92	Tungelsta
137 93	Tungelsta
137 94	Västerhaninge
138 20	Älta
138 21	Älta
138 22	Älta
138 30	Älta
138 31	Älta
138 32	Älta
138 33	Älta
138 34	Älta
138 35	Älta
138 36	Älta
138 37	Älta
138 40	Älta
139 20	Värmdö
139 21	Värmdö
139 22	Värmdö
139 23	Värmdö
139 24	Värmdö
139 30	Värmdö
139 31	Värmdö
139 32	Värmdö
139 33	Värmdö
139 34	Värmdö
139 35	Värmdö
139 36	Värmdö
139 40	Värmdö
139 41	Värmdö
139 50	Värmdö
139 51	Värmdö
139 52	Värmdö
139 53	Värmdö
139 54	Värmdö
139 55	Värmdö
139 56	Värmdö
139 60	Värmdö
139 70	Stavsnäs
139 71	Stavsnäs
139 72	Djurhamn
139 73	Djurhamn
139 74	Djurhamn
139 75	Djurhamn
139 90	Värmdö
141 20	Huddinge
141 21	Huddinge
141 22	Huddinge
141 23	Huddinge
141 24	Huddinge
141 25	Huddinge
141 26	Huddinge
141 27	Huddinge
141 28	Huddinge
141 30	Huddinge
141 31	Huddinge
141 32	Huddinge
141 33	Huddinge
141 34	Huddinge
141 35	Huddinge
141 36	Huddinge
141 37	Huddinge
141 38	Huddinge
141 39	Huddinge
141 40	Huddinge
141 41	Huddinge
141 42	Huddinge
141 43	Huddinge
141 44	Huddinge
141 45	Huddinge
141 46	Huddinge
141 47	Huddinge
141 48	Huddinge
141 49	Huddinge
141 50	Huddinge
141 51	Huddinge
141 52	Huddinge
141 53	Huddinge
141 54	Huddinge
141 55	Huddinge
141 56	Huddinge
141 57	Huddinge
141 58	Huddinge
141 59	Huddinge
141 60	Huddinge
141 61	Huddinge
141 62	Huddinge
141 63	Huddinge
141 68	Huddinge
141 69	Huddinge
141 70	Segeltorp
141 71	Segeltorp
141 72	Segeltorp
141 73	Segeltorp
141 74	Segeltorp
141 82	Stockholm
141 86	Stockholm
141 91	Huddinge
141 92	Huddinge
141 99	Stockholm
142 20	Skogås
142 21	Skogås
142 22	Skogås
142 25	Skogås
142 29	Trångsund
142 30	Skogås
142 31	Skogås
142 32	Skogås
142 33	Skogås
142 34	Skogås
142 35	Skogås
142 40	Skogås
142 41	Skogås
142 42	Skogås
142 43	Skogås
142 50	Skogås
142 51	Skogås
142 52	Skogås
142 53	Skogås
142 60	Trångsund
142 61	Trångsund
142 62	Trångsund
142 63	Trångsund
142 64	Trångsund
142 65	Trångsund
142 66	Trångsund
142 91	Skogås
143 20	Vårby
143 30	Vårby
143 31	Vårby
143 32	Vårby
143 35	Vårby
143 40	Vårby
143 41	Vårby
143 42	Vårby
143 43	Vårby
143 44	Vårby
143 45	Vårby
143 46	Vårby
143 47	Vårby
144 20	Rönninge
144 21	Rönninge
144 24	Rönninge
144 30	Rönninge
144 31	Rönninge
144 32	Rönninge
144 33	Rönninge
144 37	Rönninge
144 40	Rönninge
144 42	Rönninge
144 44	Rönninge
144 51	Rönninge
144 52	Rönninge
144 61	Rönninge
144 62	Rönninge
144 63	Rönninge
144 64	Rönninge
145 20	Norsborg
145 50	Norsborg
145 51	Norsborg
145 52	Norsborg
145 53	Norsborg
145 56	Norsborg
145 57	Norsborg
145 58	Norsborg
145 59	Norsborg
145 60	Norsborg
145 63	Norsborg
145 64	Norsborg
145 65	Norsborg
145 67	Norsborg
145 68	Norsborg
145 69	Norsborg
145 70	Norsborg
145 71	Norsborg
145 72	Norsborg
145 73	Norsborg
145 74	Norsborg
145 75	Norsborg
145 76	Norsborg
145 84	Stockholm
145 90	Norsborg
146 20	Tullinge
146 21	Tullinge
146 22	Tullinge
146 30	Tullinge
146 31	Tullinge
146 32	Tullinge
146 33	Tullinge
146 34	Tullinge
146 36	Tullinge
146 37	Tullinge
146 38	Tullinge
146 40	Tullinge
146 41	Tullinge
146 45	Tullinge
146 46	Tullinge
146 48	Tullinge
146 49	Tullinge
146 50	Tullinge
146 52	Tullinge
146 53	Tullinge
146 54	Tullinge
147 20	Tumba
147 21	Tumba
147 22	Tumba
147 23	Tumba
147 25	Tumba
147 30	Tumba
147 31	Tumba
147 32	Tumba
147 33	Tumba
147 34	Tumba
147 35	Tumba
147 39	Tumba
147 40	Tumba
147 41	Tumba
147 42	Tumba
147 43	Tumba
147 44	Tumba
147 45	Tumba
147 46	Tumba
147 50	Tumba
147 51	Tumba
147 52	Tumba
147 53	Tumba
147 54	Tumba
147 55	Tumba
147 60	Uttran
147 61	Uttran
147 62	Uttran
147 63	Uttran
147 70	Grödinge
147 71	Grödinge
147 91	Grödinge
147 92	Grödinge
148 20	Ösmo
148 21	Ösmo
148 22	Ösmo
148 25	Muskö
148 30	Ösmo
148 31	Ösmo
148 32	Ösmo
148 33	Ösmo
148 34	Ösmo
148 35	Ösmo
148 60	Stora Vika
148 70	Sorunda
148 71	Sorunda
148 91	Ösmo
148 92	Ösmo
148 93	Landfjärden
148 95	Muskö
148 96	Sorunda
148 97	Sorunda
149 20	Nynäshamn
149 21	Nynäshamn
149 22	Nynäshamn
149 23	Nynäshamn
149 25	Nynäshamn
149 30	Nynäshamn
149 31	Nynäshamn
149 32	Nynäshamn
149 33	Nynäshamn
149 34	Nynäshamn
149 35	Nynäshamn
149 40	Nynäshamn
149 41	Nynäshamn
149 42	Nynäshamn
149 43	Nynäshamn
149 45	Nynäshamn
149 50	Nynäshamn
149 51	Nynäshamn
149 91	Nynäshamn
149 92	Nynäshamn
149 95	Nynäshamn
150 21	Mölnbo
151 20	Södertälje
151 21	Södertälje
151 22	Södertälje
151 23	Södertälje
151 24	Södertälje
151 26	Södertälje
151 27	Södertälje
151 29	Södertälje
151 32	Södertälje
151 33	Södertälje
151 34	Södertälje
151 35	Södertälje
151 36	Södertälje
151 37	Södertälje
151 38	Södertälje
151 39	Södertälje
151 40	Södertälje
151 44	Södertälje
151 45	Södertälje
151 46	Södertälje
151 47	Södertälje
151 48	Södertälje
151 51	Södertälje
151 52	Södertälje
151 53	Södertälje
151 54	Södertälje
151 55	Södertälje
151 56	Södertälje
151 57	Södertälje
151 59	Södertälje
151 60	Södertälje
151 61	Södertälje
151 62	Södertälje
151 63	Södertälje
151 64	Södertälje
151 65	Södertälje
151 66	Södertälje
151 67	Södertälje
151 68	Södertälje
151 71	Södertälje
151 72	Södertälje
151 73	Södertälje
151 92	Södertälje
152 20	Södertälje
152 25	Södertälje
152 26	Södertälje
152 27	Södertälje
152 28	Södertälje
152 30	Södertälje
152 31	Södertälje
152 40	Södertälje
152 41	Södertälje
152 42	Södertälje
152 43	Södertälje
152 44	Södertälje
152 48	Södertälje
152 49	Södertälje
152 50	Södertälje
152 51	Södertälje
152 52	Södertälje
152 54	Södertälje
152 56	Södertälje
152 57	Södertälje
152 58	Södertälje
152 59	Södertälje
152 70	Södertälje
152 71	Södertälje
152 95	Södertälje
152 97	Södertälje
153 20	Järna
153 21	Järna
153 22	Järna
153 26	Järna
153 30	Järna
153 31	Järna
153 32	Järna
153 35	Järna
153 36	Järna
153 37	Järna
153 38	Järna
153 60	Mölnbo
153 71	Hölö
153 91	Järna
153 92	Hölö
153 93	Hölö
153 94	Hölö
153 95	Järna
153 96	Mölnbo
155 20	Nykvarn
155 21	Nykvarn
155 22	Nykvarn
155 30	Nykvarn
155 31	Nykvarn
155 32	Nykvarn
155 33	Nykvarn
155 34	Nykvarn
155 35	Nykvarn
155 91	Nykvarn
155 92	Nykvarn
155 93	Nykvarn
155 94	Nykvarn
161 86	Stockholm
161 89	Stockholm
162 16	Stockholm
162 20	Vällingby
162 43	Vällingby
162 44	Vällingby
162 45	Vällingby
162 46	Vällingby
162 47	Vällingby
162 50	Vällingby
162 51	Vällingby
162 52	Vällingby
162 53	Vällingby
162 54	Vällingby
162 55	Vällingby
162 56	Vällingby
162 57	Vällingby
162 58	Vällingby
162 60	Vällingby
162 61	Vällingby
162 62	Vällingby
162 63	Vällingby
162 64	Vällingby
162 65	Vällingby
162 66	Vällingby
162 67	Vällingby
162 68	Vällingby
162 70	Vällingby
162 71	Vällingby
162 72	Vällingby
162 73	Vällingby
162 74	Vällingby
162 87	Stockholm
162 89	Stockholm
163 20	Spånga
163 21	Spånga
163 29	Spånga
163 40	Spånga
163 41	Spånga
163 42	Spånga
163 43	Spånga
163 44	Spånga
163 45	Spånga
163 46	Spånga
163 47	Spånga
163 49	Spånga
163 50	Spånga
163 51	Spånga
163 52	Spånga
163 53	Spånga
163 54	Spånga
163 55	Spånga
163 56	Spånga
163 57	Spånga
163 61	Spånga
163 62	Spånga
163 63	Spånga
163 64	Spånga
163 65	Spånga
163 66	Spånga
163 67	Spånga
163 68	Spånga
163 70	Spånga
163 71	Spånga
163 72	Spånga
163 73	Spånga
163 74	Spånga
163 75	Spånga
163 76	Spånga
163 77	Spånga
163 91	Spånga
163 94	Stockholm
164 20	Kista
164 21	Kista
164 22	Kista
164 23	Kista
164 24	Kista
164 25	Kista
164 26	Kista
164 28	Kista
164 29	Kista
164 30	Kista
164 31	Kista
164 32	Kista
164 33	Kista
164 34	Kista
164 35	Kista
164 36	Kista
164 37	Kista
164 38	Kista
164 39	Kista
164 40	Kista
164 41	Kista
164 42	Kista
164 43	Kista
164 44	Kista
164 45	Kista
164 46	Kista
164 47	Kista
164 48	Kista
164 51	Kista
164 52	Kista
164 53	Kista
164 55	Kista
164 71	Kista
164 72	Kista
164 73	Kista
164 74	Kista
164 75	Kista
164 76	Kista
164 77	Kista
164 78	Kista
164 79	Kista
164 80	Stockholm
164 82	Stockholm
164 83	Stockholm
164 84	Stockholm
164 85	Stockholm
164 86	Stockholm
164 89	Stockholm
164 90	Stockholm
164 91	Kista
164 92	Stockholm
164 93	Kista
164 94	Kista
164 95	Kista
164 96	Kista
164 97	Kista
164 98	Stockholm
164 99	Kista
165 20	Hässelby
165 21	Hässelby
165 22	Hässelby
165 23	Hässelby
165 24	Hässelby
165 52	Hässelby
165 53	Hässelby
165 54	Hässelby
165 55	Hässelby
165 56	Hässelby
165 57	Hässelby
165 58	Hässelby
165 59	Hässelby
165 60	Hässelby
165 61	Hässelby
165 62	Hässelby
165 63	Hässelby
165 64	Hässelby
165 65	Hässelby
165 66	Hässelby
165 70	Hässelby
165 71	Hässelby
165 72	Hässelby
165 73	Hässelby
165 74	Hässelby
165 75	Hässelby
165 76	Hässelby
165 77	Hässelby
165 78	Hässelby
167 00	Bromma
167 14	Bromma
167 15	Bromma
167 17	Bromma
167 19	Bromma
167 20	Bromma
167 21	Bromma
167 22	Bromma
167 24	Bromma
167 31	Bromma
167 32	Bromma
167 33	Bromma
167 35	Bromma
167 36	Bromma
167 37	Bromma
167 38	Bromma
167 39	Bromma
167 40	Bromma
167 41	Bromma
167 43	Bromma
167 44	Bromma
167 45	Bromma
167 51	Bromma
167 52	Bromma
167 53	Bromma
167 54	Bromma
167 55	Bromma
167 56	Bromma
167 57	Bromma
167 58	Bromma
167 61	Bromma
167 62	Bromma
167 63	Bromma
167 64	Bromma
167 65	Bromma
167 66	Bromma
167 67	Bromma
167 71	Bromma
167 72	Bromma
167 73	Bromma
167 74	Bromma
167 75	Bromma
167 76	Bromma
167 80	Bromma
167 81	Bromma
169 00	Solna
169 02	Solna
169 03	Solna
169 04	Solna
169 05	Solna
169 20	Solna
169 26	Solna
169 27	Solna
169 28	Solna
169 29	Solna
169 30	Solna
169 31	Solna
169 32	Solna
169 33	Solna
169 34	Solna
169 35	Solna
169 36	Solna
169 37	Solna
169 38	Solna
169 39	Solna
169 40	Solna
169 41	Solna
169 50	Solna
169 51	Solna
169 52	Solna
169 53	Solna
169 54	Solna
169 55	Solna
169 56	Solna
169 57	Solna
169 58	Solna
169 59	Solna
169 60	Solna
169 61	Solna
169 62	Solna
169 63	Solna
169 64	Solna
169 65	Solna
169 66	Solna
169 67	Solna
169 68	Solna
169 69	Solna
169 70	Solna
169 71	Solna
169 72	Solna
169 73	Solna
169 74	Solna
169 75	Solna
169 80	Solna
169 81	Solna
169 82	Stockholm
169 83	Solna
169 84	Stockholm
169 85	Stockholm
169 86	Stockholm
169 87	Stockholm
169 88	Solna
169 89	Solna
169 90	Solna
169 91	Solna
169 92	Stockholm
169 93	Solna
169 94	Solna
169 95	Solna
169 97	Solna
169 99	Stockholm
170 87	Stockholm
171 16	Stockholm
171 75	Stockholm
171 76	Stockholm
171 77	Stockholm
172 20	Sundbyberg
172 21	Sundbyberg
172 22	Sundbyberg
172 23	Sundbyberg
172 24	Sundbyberg
172 25	Sundbyberg
172 26	Sundbyberg
172 27	Sundbyberg
172 29	Sundbyberg
172 30	Sundbyberg
172 31	Sundbyberg
172 32	Sundbyberg
172 33	Sundbyberg
172 34	Sundbyberg
172 35	Sundbyberg
172 36	Sundbyberg
172 37	Sundbyberg
172 38	Sundbyberg
172 39	Sundbyberg
172 40	Sundbyberg
172 41	Sundbyberg
172 61	Sundbyberg
172 62	Sundbyberg
172 63	Sundbyberg
172 64	Sundbyberg
172 65	Sundbyberg
172 66	Sundbyberg
172 67	Sundbyberg
172 68	Sundbyberg
172 69	Sundbyberg
172 70	Sundbyberg
172 71	Sundbyberg
172 72	Sundbyberg
172 73	Sundbyberg
172 74	Sundbyberg
172 75	Sundbyberg
172 76	Sundbyberg
172 77	Sundbyberg
172 78	Sundbyberg
172 79	Sundbyberg
172 81	Stockholm
172 90	Stockholm
172 92	Sundbyberg
172 98	Stockholm
172 99	Sundbyberg
173 11	Stockholm
173 20	Tomteboda
173 21	Tomteboda
173 22	Tomteboda
173 23	Tomteboda
173 24	Tomteboda
173 25	Tomteboda
173 26	Tomteboda
173 27	Tomteboda
173 28	Tomteboda
173 29	Tomteboda
173 30	Solna
173 31	Solna
173 32	Stockholm
173 33	Stockholm
173 34	Stockholm
173 35	Stockholm
173 36	Stockholm
173 37	Stockholm
173 38	Stockholm
173 39	Stockholm
173 40	Stockholm
173 41	Stockholm
173 42	Stockholm
173 43	Stockholm
173 44	Stockholm
173 45	Stockholm
173 50	Stockholm
173 51	Stockholm
173 60	Tomteboda
173 65	Stockholm
173 80	Stockholm
173 81	Stockholm
173 82	Stockholm
173 83	Stockholm
173 86	Stockholm
174 20	Sundbyberg
174 27	Sundbyberg
174 41	Sundbyberg
174 42	Sundbyberg
174 43	Sundbyberg
174 44	Sundbyberg
174 45	Sundbyberg
174 46	Sundbyberg
174 47	Sundbyberg
174 48	Sundbyberg
174 49	Sundbyberg
174 50	Sundbyberg
174 51	Sundbyberg
174 52	Sundbyberg
174 53	Sundbyberg
174 54	Sundbyberg
174 55	Sundbyberg
174 56	Sundbyberg
174 57	Sundbyberg
174 58	Sundbyberg
174 59	Sundbyberg
174 60	Sundbyberg
174 61	Sundbyberg
174 62	Sundbyberg
174 63	Sundbyberg
174 64	Sundbyberg
174 65	Sundbyberg
174 66	Sundbyberg
175 00	Järfälla
175 04	Järfälla
175 06	Järfälla
175 08	Järfälla
175 14	Järfälla
175 15	Järfälla
175 16	Järfälla
175 17	Järfälla
175 18	Järfälla
175 19	Järfälla
175 20	Järfälla
175 26	Järfälla
175 27	Järfälla
175 29	Järfälla
175 41	Järfälla
175 43	Järfälla
175 44	Järfälla
175 45	Järfälla
175 46	Järfälla
175 47	Järfälla
175 48	Järfälla
175 49	Järfälla
175 50	Järfälla
175 51	Järfälla
175 52	Järfälla
175 53	Järfälla
175 54	Järfälla
175 55	Järfälla
175 56	Järfälla
175 57	Järfälla
175 60	Järfälla
175 61	Järfälla
175 62	Järfälla
175 63	Järfälla
175 64	Järfälla
175 65	Järfälla
175 66	Järfälla
175 67	Järfälla
175 68	Järfälla
175 69	Järfälla
175 72	Järfälla
175 79	Järfälla
175 80	Järfälla
175 81	Järfälla
175 84	Järfälla
175 88	Järfälla
175 89	Järfälla
176 00	Järfälla
176 02	Järfälla
176 27	Järfälla
176 68	Järfälla
176 69	Järfälla
176 70	Järfälla
176 71	Järfälla
176 72	Järfälla
176 73	Järfälla
176 74	Järfälla
176 75	Järfälla
176 76	Järfälla
176 77	Järfälla
176 80	Järfälla
177 00	Järfälla
177 10	Järfälla
177 20	Järfälla
177 21	Järfälla
177 22	Järfälla
177 23	Järfälla
177 24	Järfälla
177 25	Järfälla
177 28	Järfälla
177 30	Järfälla
177 31	Järfälla
177 32	Järfälla
177 33	Järfälla
177 34	Järfälla
177 35	Järfälla
177 36	Järfälla
177 37	Järfälla
177 38	Järfälla
177 39	Järfälla
177 40	Järfälla
177 41	Järfälla
177 42	Järfälla
177 43	Järfälla
177 44	Järfälla
177 46	Järfälla
177 47	Järfälla
177 50	Järfälla
177 51	Järfälla
177 52	Järfälla
177 53	Järfälla
177 54	Järfälla
177 55	Järfälla
177 56	Järfälla
177 57	Järfälla
177 58	Järfälla
177 59	Järfälla
177 60	Järfälla
177 61	Järfälla
177 62	Järfälla
177 63	Järfälla
177 64	Järfälla
177 65	Järfälla
177 70	Järfälla
177 71	Järfälla
177 80	Järfälla
177 81	Järfälla
178 20	Ekerö
178 21	Ekerö
178 22	Ekerö
178 23	Ekerö
178 24	Ekerö
178 30	Ekerö
178 31	Ekerö
178 32	Ekerö
178 33	Ekerö
178 34	Ekerö
178 35	Ekerö
178 36	Ekerö
178 37	Ekerö
178 38	Ekerö
178 39	Ekerö
178 40	Ekerö
178 41	Ekerö
178 51	Ekerö
178 52	Ekerö
178 53	Ekerö
178 54	Ekerö
178 90	Ekerö
178 91	Munsö
178 93	Drottningholm
179 60	Stenhamra
179 61	Stenhamra
179 62	Stenhamra
179 63	Stenhamra
179 65	Stenhamra
179 75	Skå
179 95	Svartsjö
179 96	Svartsjö
179 97	Färentuna
179 98	Färentuna
181 20	Lidingö
181 21	Lidingö
181 22	Lidingö
181 23	Lidingö
181 24	Lidingö
181 25	Lidingö
181 26	Lidingö
181 29	Lidingö
181 30	Lidingö
181 31	Lidingö
181 32	Lidingö
181 33	Lidingö
181 34	Lidingö
181 35	Lidingö
181 36	Lidingö
181 37	Lidingö
181 38	Lidingö
181 39	Lidingö
181 40	Lidingö
181 41	Lidingö
181 42	Lidingö
181 43	Lidingö
181 44	Lidingö
181 45	Lidingö
181 46	Lidingö
181 47	Lidingö
181 48	Lidingö
181 50	Lidingö
181 51	Lidingö
181 55	Lidingö
181 56	Lidingö
181 57	Lidingö
181 58	Lidingö
181 59	Lidingö
181 60	Lidingö
181 61	Lidingö
181 62	Lidingö
181 63	Lidingö
181 64	Lidingö
181 65	Lidingö
181 66	Lidingö
181 70	Lidingö
181 71	Lidingö
181 72	Lidingö
181 73	Lidingö
181 74	Lidingö
181 75	Lidingö
181 76	Lidingö
181 77	Lidingö
181 78	Lidingö
181 79	Lidingö
181 90	Lidingö
182 20	Danderyd
182 30	Danderyd
182 31	Danderyd
182 32	Danderyd
182 33	Danderyd
182 34	Danderyd
182 35	Danderyd
182 36	Danderyd
182 37	Danderyd
182 38	Danderyd
182 39	Danderyd
182 45	Enebyberg
182 46	Enebyberg
182 47	Enebyberg
182 48	Enebyberg
182 49	Enebyberg
182 50	Danderyd
182 52	Danderyd
182 53	Danderyd
182 54	Djursholm
182 55	Djursholm
182 56	Danderyd
182 57	Danderyd
182 60	Djursholm
182 61	Djursholm
182 62	Djursholm
182 63	Djursholm
182 64	Djursholm
182 65	Djursholm
182 66	Djursholm
182 67	Djursholm
182 68	Djursholm
182 69	Djursholm
182 70	Stocksund
182 73	Stocksund
182 74	Stocksund
182 75	Stocksund
182 76	Stocksund
182 77	Stocksund
182 78	Stocksund
182 79	Stocksund
182 82	Stockholm
182 88	Stockholm
182 91	Danderyd
183 20	Täby
183 21	Täby
183 22	Täby
183 23	Täby
183 25	Täby
183 26	Täby
183 30	Täby
183 31	Täby
183 32	Täby
183 33	Täby
183 34	Täby
183 35	Täby
183 36	Täby
183 37	Täby
183 38	Täby
183 39	Täby
183 41	Täby
183 47	Täby
183 48	Täby
183 49	Täby
183 50	Täby
183 51	Täby
183 52	Täby
183 53	Täby
183 54	Täby
183 55	Täby
183 56	Täby
183 57	Täby
183 58	Täby
183 59	Täby
183 60	Täby
183 61	Täby
183 62	Täby
183 63	Täby
183 64	Täby
183 65	Täby
183 66	Täby
183 67	Täby
183 68	Täby
183 69	Täby
183 70	Täby
183 71	Täby
183 72	Täby
183 74	Täby
183 75	Täby
183 76	Täby
183 77	Täby
183 78	Täby
183 79	Täby
184 20	Åkersberga
184 21	Åkersberga
184 22	Åkersberga
184 23	Åkersberga
184 24	Åkersberga
184 25	Åkersberga
184 26	Åkersberga
184 27	Åkersberga
184 28	Åkersberga
184 30	Åkersberga
184 31	Åkersberga
184 32	Åkersberga
184 33	Åkersberga
184 34	Åkersberga
184 35	Åkersberga
184 36	Åkersberga
184 37	Åkersberga
184 38	Åkersberga
184 39	Åkersberga
184 40	Åkersberga
184 41	Åkersberga
184 42	Åkersberga
184 43	Åkersberga
184 44	Åkersberga
184 50	Åkersberga
184 51	Österskär
184 52	Österskär
184 53	Åkersberga
184 60	Åkersberga
184 61	Åkersberga
184 62	Åkersberga
184 63	Åkersberga
184 64	Åkersberga
184 70	Åkersberga
184 91	Åkersberga
184 92	Åkersberga
184 93	Åkersberga
184 94	Åkersberga
184 95	Ljusterö
184 96	Åkersberga
184 97	Ljusterö
185 20	Vaxholm
185 21	Vaxholm
185 22	Vaxholm
185 23	Vaxholm
185 31	Vaxholm
185 32	Vaxholm
185 33	Vaxholm
185 34	Vaxholm
185 35	Vaxholm
185 37	Vaxholm
185 39	Vaxholm
185 41	Vaxholm
185 51	Vaxholm
185 91	Vaxholm
185 92	Vaxholm
185 93	Vaxholm
185 94	Vaxholm
185 95	Vaxholm
185 99	Vaxholm
186 20	Vallentuna
186 21	Vallentuna
186 22	Vallentuna
186 23	Vallentuna
186 24	Vallentuna
186 25	Vallentuna
186 26	Vallentuna
186 30	Vallentuna
186 31	Vallentuna
186 32	Vallentuna
186 33	Vallentuna
186 34	Vallentuna
186 35	Vallentuna
186 36	Vallentuna
186 37	Vallentuna
186 38	Vallentuna
186 39	Vallentuna
186 40	Vallentuna
186 41	Vallentuna
186 42	Vallentuna
186 43	Vallentuna
186 44	Vallentuna
186 45	Vallentuna
186 46	Vallentuna
186 47	Vallentuna
186 48	Vallentuna
186 49	Vallentuna
186 50	Vallentuna
186 51	Vallentuna
186 52	Vallentuna
186 53	Vallentuna
186 54	Vallentuna
186 55	Vallentuna
186 56	Vallentuna
186 60	Vallentuna
186 70	Brottby
186 91	Vallentuna
186 92	Vallentuna
186 93	Vallentuna
186 94	Vallentuna
186 95	Vallentuna
186 96	Vallentuna
186 97	Brottby
187 20	Täby
187 26	Täby
187 27	Täby
187 28	Täby
187 29	Täby
187 30	Täby
187 31	Täby
187 32	Täby
187 33	Täby
187 34	Täby
187 35	Täby
187 36	Täby
187 37	Täby
187 38	Täby
187 40	Täby
187 41	Täby
187 42	Täby
187 43	Täby
187 44	Täby
187 45	Täby
187 46	Täby
187 48	Täby
187 49	Täby
187 50	Täby
187 51	Täby
187 52	Täby
187 53	Täby
187 54	Täby
187 60	Täby
187 61	Täby
187 62	Täby
187 63	Täby
187 64	Täby
187 65	Täby
187 66	Täby
187 67	Täby
187 68	Täby
187 69	Täby
187 70	Täby
187 72	Täby
187 73	Täby
187 74	Täby
187 75	Täby
187 76	Täby
187 77	Täby
190 20	Rosersberg
190 70	Rosersberg
191 20	Sollentuna
191 21	Sollentuna
191 22	Sollentuna
191 23	Sollentuna
191 24	Sollentuna
191 26	Sollentuna
191 27	Sollentuna
191 28	Sollentuna
191 29	Sollentuna
191 31	Sollentuna
191 33	Sollentuna
191 34	Sollentuna
191 35	Sollentuna
191 36	Sollentuna
191 37	Sollentuna
191 38	Sollentuna
191 39	Sollentuna
191 40	Sollentuna
191 41	Sollentuna
191 42	Sollentuna
191 43	Sollentuna
191 44	Sollentuna
191 45	Sollentuna
191 46	Sollentuna
191 47	Sollentuna
191 48	Sollentuna
191 49	Sollentuna
191 50	Sollentuna
191 60	Sollentuna
191 61	Sollentuna
191 62	Sollentuna
191 63	Sollentuna
191 64	Sollentuna
191 65	Sollentuna
191 90	Sollentuna
191 97	Sollentuna
192 20	Sollentuna
192 21	Sollentuna
192 30	Sollentuna
192 32	Sollentuna
192 48	Sollentuna
192 51	Sollentuna
192 52	Sollentuna
192 53	Sollentuna
192 54	Sollentuna
192 55	Sollentuna
192 56	Sollentuna
192 57	Sollentuna
192 58	Sollentuna
192 59	Sollentuna
192 65	Sollentuna
192 66	Sollentuna
192 67	Sollentuna
192 68	Sollentuna
192 69	Sollentuna
192 70	Sollentuna
192 71	Sollentuna
192 72	Sollentuna
192 73	Sollentuna
192 74	Sollentuna
192 75	Sollentuna
192 76	Sollentuna
192 77	Sollentuna
192 78	Sollentuna
192 79	Sollentuna
193 20	Sigtuna
193 21	Sigtuna
193 22	Sigtuna
193 23	Sigtuna
193 24	Sigtuna
193 28	Sigtuna
193 30	Sigtuna
193 31	Sigtuna
193 32	Sigtuna
193 33	Sigtuna
193 34	Sigtuna
193 35	Sigtuna
193 36	Sigtuna
193 37	Sigtuna
193 40	Sigtuna
193 41	Sigtuna
193 91	Sigtuna
194 20	Upplands Väsby
194 21	Upplands Väsby
194 22	Upplands Väsby
194 23	Upplands Väsby
194 26	Upplands Väsby
194 27	Upplands Väsby
194 28	Upplands Väsby
194 29	Upplands Väsby
194 30	Upplands Väsby
194 31	Upplands Väsby
194 32	Upplands Väsby
194 33	Upplands Väsby
194 34	Upplands Väsby
194 35	Upplands Väsby
194 36	Upplands Väsby
194 37	Upplands Väsby
194 38	Upplands Väsby
194 39	Upplands Väsby
194 40	Upplands Väsby
194 41	Upplands Väsby
194 42	Upplands Väsby
194 43	Upplands Väsby
194 44	Upplands Väsby
194 45	Upplands Väsby
194 46	Upplands Väsby
194 47	Upplands Väsby
194 49	Upplands Väsby
194 51	Upplands Väsby
194 52	Upplands Väsby
194 53	Upplands Väsby
194 54	Upplands Väsby
194 55	Upplands Väsby
194 56	Upplands Väsby
194 57	Upplands Väsby
194 60	Upplands Väsby
194 61	Upplands Väsby
194 62	Upplands Väsby
194 63	Upplands Väsby
194 64	Upplands Väsby
194 65	Upplands Väsby
194 66	Upplands Väsby
194 67	Upplands Väsby
194 68	Upplands Väsby
194 69	Upplands Väsby
194 70	Upplands Väsby
194 71	Upplands Väsby
194 72	Upplands Väsby
194 73	Upplands Väsby
194 74	Upplands Väsby
194 75	Upplands Väsby
194 76	Upplands Väsby
194 77	Upplands Väsby
194 78	Upplands Väsby
194 79	Upplands Väsby
194 91	Upplands Väsby
194 92	Upplands Väsby
194 98	Upplands Väsby
195 20	Märsta
195 21	Märsta
195 22	Märsta
195 23	Märsta
195 24	Märsta
195 25	Märsta
195 30	Märsta
195 31	Märsta
195 32	Märsta
195 33	Märsta
195 34	Märsta
195 35	Märsta
195 36	Märsta
195 40	Märsta
195 41	Märsta
195 42	Märsta
195 43	Märsta
195 44	Märsta
195 45	Märsta
195 46	Märsta
195 47	Märsta
195 50	Märsta
195 51	Märsta
195 52	Märsta
195 53	Märsta
195 54	Märsta
195 55	Märsta
195 56	Märsta
195 57	Märsta
195 58	Märsta
195 59	Märsta
195 65	Steningehöjden
195 70	Rosersberg
195 71	Rosersberg
195 72	Rosersberg
195 87	Stockholm
195 91	Märsta
195 92	Märsta
195 93	Märsta
195 94	Märsta
195 95	Rosersberg
195 96	Rosersberg
197 20	Bro
197 21	Bro
197 22	Bro
197 25	Bro
197 30	Bro
197 31	Bro
197 32	Bro
197 33	Bro
197 34	Bro
197 35	Bro
197 36	Bro
197 40	Bro
197 91	Bro
197 92	Bro
197 93	Bro
211 00	Malmö
211 01	Malmö
211 03	Malmö
211 05	Malmö
211 10	Malmö
211 11	Malmö
211 12	Malmö
211 13	Malmö
211 14	Malmö
211 15	Malmö
211 16	Malmö
211 17	Malmö
211 18	Malmö
211 19	Malmö
211 20	Malmö
211 21	Malmö
211 22	Malmö
211 24	Malmö
211 25	Malmö
211 26	Malmö
211 27	Malmö
211 28	Malmö
211 29	Malmö
211 30	Malmö
211 31	Malmö
211 32	Malmö
211 33	Malmö
211 34	Malmö
211 35	Malmö
211 36	Malmö
211 37	Malmö
211 38	Malmö
211 39	Malmö
211 40	Malmö
211 41	Malmö
211 42	Malmö
211 43	Malmö
211 44	Malmö
211 45	Malmö
211 46	Malmö
211 47	Malmö
211 48	Malmö
211 49	Malmö
211 50	Malmö
211 51	Malmö
211 52	Malmö
211 53	Malmö
211 54	Malmö
211 55	Malmö
211 56	Malmö
211 57	Malmö
211 58	Malmö
211 59	Malmö
211 60	Malmö
211 65	Malmö
211 71	Malmö
211 73	Malmö
211 74	Malmö
211 75	Malmö
211 76	Malmö
211 77	Malmö
212 00	Malmö
212 01	Malmö
212 02	Malmö
212 06	Malmö
212 07	Malmö
212 08	Malmö
212 09	Malmö
212 10	Malmö
212 11	Malmö
212 12	Malmö
212 13	Malmö
212 14	Malmö
212 15	Malmö
212 16	Malmö
212 17	Malmö
212 18	Malmö
212 19	Malmö
212 20	Malmö
212 21	Malmö
212 22	Malmö
212 23	Malmö
212 24	Malmö
212 25	Malmö
212 26	Malmö
212 27	Malmö
212 28	Malmö
212 29	Malmö
212 30	Malmö
212 31	Malmö
212 32	Malmö
212 33	Malmö
212 34	Malmö
212 35	Malmö
212 36	Malmö
212 37	Malmö
212 38	Malmö
212 39	Malmö
212 40	Malmö
212 41	Malmö
212 42	Malmö
212 43	Malmö
212 44	Malmö
212 45	Malmö
212 46	Malmö
212 50	Malmö
212 51	Malmö
212 52	Malmö
212 60	Malmö
212 91	Malmö
213 00	Malmö
213 61	Malmö
213 62	Malmö
213 63	Malmö
213 64	Malmö
213 65	Malmö
213 66	Malmö
213 67	Malmö
213 68	Malmö
213 69	Malmö
213 70	Malmö
213 71	Malmö
213 72	Malmö
213 73	Malmö
213 74	Malmö
213 75	Malmö
213 76	Malmö
213 77	Malmö
214 00	Malmö
214 02	Malmö
214 04	Malmö
214 10	Malmö
214 11	Malmö
214 12	Malmö
214 13	Malmö
214 20	Malmö
214 21	Malmö
214 22	Malmö
214 23	Malmö
214 24	Malmö
214 25	Malmö
214 26	Malmö
214 27	Malmö
214 28	Malmö
214 29	Malmö
214 30	Malmö
214 31	Malmö
214 32	Malmö
214 33	Malmö
214 34	Malmö
214 35	Malmö
214 36	Malmö
214 37	Malmö
214 38	Malmö
214 39	Malmö
214 40	Malmö
214 41	Malmö
214 42	Malmö
214 43	Malmö
214 44	Malmö
214 45	Malmö
214 46	Malmö
214 47	Malmö
214 48	Malmö
214 49	Malmö
214 50	Malmö
214 54	Malmö
214 55	Malmö
214 56	Malmö
214 57	Malmö
214 58	Malmö
214 59	Malmö
214 63	Malmö
214 66	Malmö
214 67	Malmö
215 00	Malmö
215 10	Malmö
215 26	Malmö
215 27	Malmö
215 32	Malmö
215 33	Malmö
215 34	Malmö
215 35	Malmö
215 36	Malmö
215 37	Malmö
215 50	Malmö
215 51	Malmö
215 52	Malmö
215 53	Malmö
215 58	Malmö
215 59	Malmö
215 60	Malmö
215 61	Malmö
215 62	Malmö
215 63	Malmö
215 64	Malmö
215 65	Malmö
215 66	Malmö
215 67	Malmö
215 68	Malmö
215 69	Malmö
215 70	Malmö
215 71	Malmö
215 72	Malmö
215 73	Malmö
215 74	Malmö
215 78	Malmö
215 79	Malmö
215 80	Malmö
215 81	Malmö
215 82	Malmö
215 83	Malmö
215 84	Malmö
215 85	Malmö
215 86	Malmö
216 00	Malmö
216 19	Malmö
216 20	Malmö
216 21	Malmö
216 23	Malmö
216 24	Malmö
216 25	Malmö
217 00	Malmö
217 01	Malmö
217 41	Malmö
217 42	Malmö
217 43	Malmö
217 44	Malmö
217 45	Malmö
217 46	Malmö
217 47	Malmö
217 48	Malmö
217 49	Malmö
217 51	Malmö
217 52	Malmö
217 53	Malmö
217 54	Malmö
217 55	Malmö
217 56	Malmö
217 57	Malmö
217 58	Malmö
217 59	Malmö
217 61	Malmö
217 62	Malmö
217 63	Malmö
217 64	Malmö
217 65	Malmö
217 66	Malmö
217 67	Malmö
217 71	Malmö
217 72	Malmö
217 73	Malmö
217 74	Malmö
217 75	Malmö
218 21	Tygelsjö
218 24	Bunkeflostrand
218 31	Bunkeflostrand
218 32	Bunkeflostrand
218 33	Bunkeflostrand
218 34	Bunkeflostrand
218 36	Bunkeflostrand
218 37	Bunkeflostrand
218 38	Bunkeflostrand
218 39	Bunkeflostrand
218 40	Bunkeflostrand
218 41	Bunkeflostrand
218 42	Bunkeflostrand
218 44	Malmö
218 46	Bunkeflostrand
218 47	Bunkeflostrand
218 71	Tygelsjö
218 72	Tygelsjö
218 73	Tygelsjö
218 74	Tygelsjö
218 75	Tygelsjö
222 00	Lund
222 19	Lund
222 20	Lund
222 21	Lund
222 22	Lund
222 23	Lund
222 24	Lund
222 25	Lund
222 26	Lund
222 27	Lund
222 28	Lund
222 29	Lund
222 30	Lund
222 35	Lund
222 36	Lund
222 37	Lund
222 39	Lund
222 40	Lund
222 41	Lund
222 42	Lund
222 70	Lund
222 71	Lund
222 74	Lund
222 75	Lund
222 76	Lund
223 00	Lund
223 49	Lund
223 50	Lund
223 51	Lund
223 52	Lund
223 53	Lund
223 54	Lund
223 55	Lund
223 56	Lund
223 57	Lund
223 58	Lund
223 59	Lund
223 61	Lund
223 62	Lund
223 63	Lund
223 69	Lund
223 70	Lund
223 81	Lund
224 00	Lund
224 21	Lund
224 22	Lund
224 30	Lund
224 56	Lund
224 57	Lund
224 58	Lund
224 60	Lund
224 64	Lund
224 65	Lund
224 66	Lund
224 67	Lund
224 68	Lund
224 71	Lund
224 72	Lund
224 73	Lund
224 74	Lund
224 75	Lund
224 76	Lund
224 77	Lund
224 78	Lund
224 79	Lund
224 80	Lund
224 81	Lund
224 82	Lund
224 84	Lund
225 91	Lund
225 92	Lund
225 93	Lund
225 94	Lund
226 00	Lund
226 38	Lund
226 39	Lund
226 41	Lund
226 42	Lund
226 43	Lund
226 44	Lund
226 45	Lund
226 46	Lund
226 47	Lund
226 48	Lund
226 49	Lund
226 50	Lund
226 51	Lund
226 52	Lund
226 53	Lund
226 54	Lund
226 55	Lund
226 56	Lund
226 57	Lund
226 58	Lund
226 60	Lund
227 00	Lund
227 21	Lund
227 22	Lund
227 28	Lund
227 29	Lund
227 30	Lund
227 31	Lund
227 32	Lund
227 33	Lund
227 34	Lund
227 35	Lund
227 36	Lund
227 38	Lund
227 60	Lund
227 61	Lund
227 62	Lund
227 63	Lund
227 64	Lund
230 40	Bara
230 41	Klågerup
230 42	Tygelsjö
230 44	Bunkeflostrand
231 20	Trelleborg
231 21	Trelleborg
231 22	Trelleborg
231 23	Trelleborg
231 24	Trelleborg
231 25	Trelleborg
231 27	Trelleborg
231 31	Trelleborg
231 32	Trelleborg
231 33	Trelleborg
231 34	Trelleborg
231 36	Trelleborg
231 38	Trelleborg
231 42	Trelleborg
231 43	Trelleborg
231 44	Trelleborg
231 45	Trelleborg
231 51	Trelleborg
231 52	Trelleborg
231 53	Trelleborg
231 54	Trelleborg
231 55	Trelleborg
231 56	Trelleborg
231 61	Trelleborg
231 62	Trelleborg
231 63	Trelleborg
231 64	Trelleborg
231 65	Trelleborg
231 66	Trelleborg
231 67	Trelleborg
231 68	Trelleborg
231 70	Anderslöv
231 72	Anderslöv
231 73	Anderslöv
231 75	Beddingestrand
231 76	Beddingestrand
231 78	Smygehamn
231 79	Smygehamn
231 91	Trelleborg
231 92	Trelleborg
231 93	Trelleborg
231 94	Trelleborg
231 95	Trelleborg
231 96	Trelleborg
231 97	Klagstorp
231 98	Klagstorp
231 99	Klagstorp
232 20	Arlöv
232 21	Arlöv
232 22	Arlöv
232 23	Arlöv
232 24	Arlöv
232 31	Arlöv
232 32	Arlöv
232 33	Arlöv
232 34	Arlöv
232 35	Arlöv
232 36	Arlöv
232 37	Arlöv
232 38	Arlöv
232 39	Arlöv
232 41	Arlöv
232 51	Åkarp
232 52	Åkarp
232 53	Åkarp
232 54	Åkarp
232 61	Arlöv
232 91	Arlöv
233 20	Svedala
233 21	Svedala
233 22	Svedala
233 23	Svedala
233 24	Svedala
233 25	Svedala
233 26	Svedala
233 31	Svedala
233 32	Svedala
233 33	Svedala
233 34	Svedala
233 35	Svedala
233 36	Svedala
233 37	Svedala
233 38	Svedala
233 39	Svedala
233 41	Svedala
233 42	Svedala
233 43	Svedala
233 44	Svedala
233 51	Svedala
233 61	Bara
233 62	Bara
233 63	Bara
233 64	Bara
233 65	Bara
233 76	Klågerup
233 91	Svedala
233 92	Svedala
233 93	Svedala
233 94	Svedala
234 20	Lomma
234 21	Lomma
234 22	Lomma
234 23	Lomma
234 27	Lomma
234 31	Lomma
234 32	Lomma
234 33	Lomma
234 34	Lomma
234 35	Lomma
234 36	Lomma
234 37	Lomma
234 38	Lomma
234 39	Lomma
234 40	Lomma
234 41	Lomma
234 42	Lomma
234 43	Lomma
235 20	Vellinge
235 21	Vellinge
235 22	Vellinge
235 25	Vellinge
235 31	Vellinge
235 32	Vellinge
235 33	Vellinge
235 34	Vellinge
235 35	Vellinge
235 36	Vellinge
235 37	Vellinge
235 38	Vellinge
235 39	Vellinge
235 41	Vellinge
235 42	Vellinge
235 43	Vellinge
235 91	Vellinge
235 92	Vellinge
235 93	Vellinge
235 94	Vellinge
235 99	Vellinge
236 20	Höllviken
236 21	Höllviken
236 22	Höllviken
236 23	Höllviken
236 24	Höllviken
236 25	Höllviken
236 31	Höllviken
236 32	Höllviken
236 33	Höllviken
236 34	Höllviken
236 35	Höllviken
236 36	Höllviken
236 37	Höllviken
236 38	Höllviken
236 41	Höllviken
236 42	Höllviken
236 51	Höllviken
236 61	Höllviken
236 91	Höllviken
237 20	Bjärred
237 21	Bjärred
237 22	Bjärred
237 23	Bjärred
237 24	Bjärred
237 25	Bjärred
237 31	Bjärred
237 32	Bjärred
237 33	Bjärred
237 34	Bjärred
237 35	Bjärred
237 36	Bjärred
237 37	Bjärred
237 41	Bjärred
237 42	Bjärred
237 91	Bjärred
238 20	Oxie
238 21	Oxie
238 22	Oxie
238 23	Oxie
238 30	Oxie
238 31	Oxie
238 32	Oxie
238 33	Oxie
238 34	Oxie
238 35	Oxie
238 36	Oxie
238 37	Oxie
238 38	Oxie
238 39	Oxie
238 40	Oxie
238 41	Oxie
238 42	Oxie
238 43	Oxie
239 20	Skanör
239 21	Skanör
239 22	Skanör
239 24	Skanör
239 30	Skanör
239 31	Skanör
239 32	Skanör
239 33	Skanör
239 34	Skanör
239 35	Skanör
239 36	Skanör
239 40	Falsterbo
239 41	Falsterbo
239 42	Falsterbo
240 30	Marieholm
240 32	Flyinge
240 33	Löberöd
240 35	Harlösa
240 36	Stehag
240 40	Tjörnarp
241 20	Eslöv
241 21	Eslöv
241 22	Eslöv
241 23	Eslöv
241 24	Eslöv
241 25	Eslöv
241 26	Eslöv
241 30	Eslöv
241 31	Eslöv
241 32	Eslöv
241 33	Eslöv
241 34	Eslöv
241 35	Eslöv
241 36	Eslöv
241 37	Eslöv
241 38	Eslöv
241 39	Eslöv
241 40	Eslöv
241 61	Löberöd
241 62	Löberöd
241 64	Harlösa
241 65	Harlösa
241 71	Marieholm
241 74	Stehag
241 75	Stehag
241 91	Eslöv
241 92	Eslöv
241 93	Eslöv
241 94	Eslöv
241 95	Billinge
241 96	Stockamöllan
242 20	Hörby
242 21	Hörby
242 22	Hörby
242 24	Hörby
242 30	Hörby
242 31	Hörby
242 32	Hörby
242 33	Hörby
242 34	Hörby
242 35	Hörby
242 91	Hörby
242 92	Hörby
242 93	Hörby
242 94	Hörby
242 95	Hörby
242 96	Hörby
242 97	Hörby
242 98	Hörby
243 20	Höör
243 21	Höör
243 22	Höör
243 23	Höör
243 26	Höör
243 30	Höör
243 31	Höör
243 32	Höör
243 33	Höör
243 34	Höör
243 35	Höör
243 36	Höör
243 39	Höör
243 71	Tjörnarp
243 72	Tjörnarp
243 73	Tjörnarp
243 91	Höör
243 92	Höör
243 93	Höör
243 94	Höör
243 95	Höör
243 96	Höör
244 20	Kävlinge
244 21	Kävlinge
244 22	Kävlinge
244 23	Kävlinge
244 24	Kävlinge
244 30	Kävlinge
244 31	Kävlinge
244 32	Kävlinge
244 33	Kävlinge
244 36	Kävlinge
244 38	Kävlinge
244 39	Kävlinge
244 41	Kävlinge
244 44	Kävlinge
244 45	Kävlinge
244 46	Kävlinge
244 60	Furulund
244 62	Furulund
244 63	Furulund
244 65	Furulund
244 66	Furulund
244 71	Dösjebro
244 91	Kävlinge
244 93	Kävlinge
244 94	Furulund
244 95	Dösjebro
245 20	Staffanstorp
245 21	Staffanstorp
245 22	Staffanstorp
245 23	Staffanstorp
245 24	Staffanstorp
245 25	Staffanstorp
245 30	Staffanstorp
245 31	Staffanstorp
245 32	Staffanstorp
245 33	Staffanstorp
245 34	Staffanstorp
245 35	Staffanstorp
245 37	Staffanstorp
245 38	Staffanstorp
245 41	Staffanstorp
245 42	Staffanstorp
245 43	Staffanstorp
245 44	Staffanstorp
245 45	Staffanstorp
245 46	Staffanstorp
245 61	Staffanstorp
245 62	Hjärup
245 63	Hjärup
245 64	Hjärup
245 65	Hjärup
245 66	Hjärup
245 91	Staffanstorp
245 92	Staffanstorp
245 93	Staffanstorp
246 20	Löddeköpinge
246 21	Löddeköpinge
246 22	Löddeköpinge
246 25	Löddeköpinge
246 30	Löddeköpinge
246 31	Löddeköpinge
246 32	Löddeköpinge
246 33	Löddeköpinge
246 34	Löddeköpinge
246 35	Löddeköpinge
246 36	Löddeköpinge
246 41	Löddeköpinge
246 42	Löddeköpinge
246 43	Löddeköpinge
246 50	Löddeköpinge
246 51	Löddeköpinge
246 52	Löddeköpinge
246 55	Löddeköpinge
246 57	Barsebäck
247 20	Södra Sandby
247 21	Södra Sandby
247 22	Södra Sandby
247 23	Södra Sandby
247 24	Dalby
247 25	Södra Sandby
247 26	Veberöd
247 27	Genarp
247 28	Genarp
247 29	Flyinge
247 31	Södra Sandby
247 32	Södra Sandby
247 33	Södra Sandby
247 34	Södra Sandby
247 35	Södra Sandby
247 36	Södra Sandby
247 41	Södra Sandby
247 47	Flyinge
247 50	Dalby
247 51	Dalby
247 52	Dalby
247 53	Dalby
247 54	Dalby
247 55	Dalby
247 56	Dalby
247 60	Veberöd
247 61	Veberöd
247 62	Veberöd
247 63	Veberöd
247 64	Veberöd
247 70	Genarp
247 71	Genarp
247 72	Genarp
247 91	Södra Sandby
247 92	Södra Sandby
247 93	Flyinge
247 94	Dalby
247 95	Torna-Hällestad
247 96	Veberöd
247 97	Flyinge
247 98	Genarp
247 99	Genarp
252 00	Helsingborg
252 01	Helsingborg
252 02	Helsingborg
252 08	Helsingborg
252 18	Helsingborg
252 19	Helsingborg
252 20	Helsingborg
252 21	Helsingborg
252 22	Helsingborg
252 23	Helsingborg
252 24	Helsingborg
252 25	Helsingborg
252 26	Helsingborg
252 27	Helsingborg
252 28	Helsingborg
252 29	Helsingborg
252 30	Helsingborg
252 31	Helsingborg
252 32	Helsingborg
252 33	Helsingborg
252 34	Helsingborg
252 36	Helsingborg
252 37	Helsingborg
252 38	Helsingborg
252 40	Helsingborg
252 41	Helsingborg
252 44	Helsingborg
252 45	Helsingborg
252 46	Helsingborg
252 47	Helsingborg
252 48	Helsingborg
252 49	Helsingborg
252 50	Helsingborg
252 51	Helsingborg
252 52	Helsingborg
252 63	Helsingborg
252 66	Helsingborg
252 67	Helsingborg
252 68	Helsingborg
252 69	Råå
252 70	Råå
252 71	Råå
252 75	Helsingborg
252 76	Helsingborg
252 77	Helsingborg
252 78	Helsingborg
252 79	Helsingborg
252 80	Helsingborg
252 84	Helsingborg
252 85	Helsingborg
252 86	Helsingborg
253 00	Helsingborg
253 01	Helsingborg
253 02	Helsingborg
253 42	Vallåkra
253 51	Påarp
253 52	Påarp
253 53	Påarp
253 54	Mörarp
253 55	Mörarp
253 56	Mörarp
253 60	Ramlösa
253 61	Helsingborg
253 62	Helsingborg
253 68	Helsingborg
253 74	Helsingborg
253 75	Helsingborg
254 00	Helsingborg
254 01	Helsingborg
254 02	Helsingborg
254 08	Helsingborg
254 20	Helsingborg
254 21	Helsingborg
254 22	Helsingborg
254 23	Helsingborg
254 24	Helsingborg
254 26	Helsingborg
254 30	Helsingborg
254 31	Helsingborg
254 33	Helsingborg
254 34	Helsingborg
254 35	Helsingborg
254 36	Helsingborg
254 37	Helsingborg
254 38	Helsingborg
254 39	Helsingborg
254 40	Helsingborg
254 41	Helsingborg
254 42	Helsingborg
254 43	Helsingborg
254 44	Helsingborg
254 45	Helsingborg
254 46	Helsingborg
254 47	Helsingborg
254 48	Helsingborg
254 49	Helsingborg
254 50	Helsingborg
254 51	Helsingborg
254 52	Helsingborg
254 53	Helsingborg
254 54	Helsingborg
254 55	Helsingborg
254 56	Helsingborg
254 57	Helsingborg
254 58	Helsingborg
254 59	Helsingborg
254 60	Helsingborg
254 61	Helsingborg
254 62	Helsingborg
254 63	Helsingborg
254 64	Helsingborg
254 65	Helsingborg
254 66	Helsingborg
254 67	Helsingborg
254 68	Helsingborg
254 69	Ödåkra
254 70	Kattarp
254 71	Hasslarp
254 72	Ödåkra
254 73	Ödåkra
254 75	Ödåkra
254 81	Helsingborg
254 82	Helsingborg
254 83	Helsingborg
254 84	Helsingborg
255 91	Helsingborg
255 92	Helsingborg
256 00	Helsingborg
256 54	Ramlösa
256 55	Helsingborg
256 56	Helsingborg
256 57	Ramlösa
256 58	Helsingborg
256 59	Helsingborg
256 61	Helsingborg
256 62	Helsingborg
256 63	Helsingborg
256 64	Helsingborg
256 65	Helsingborg
256 66	Helsingborg
256 67	Helsingborg
256 68	Helsingborg
256 69	Helsingborg
256 71	Helsingborg
257 21	Rydebäck
257 30	Rydebäck
257 31	Rydebäck
257 32	Rydebäck
257 33	Rydebäck
257 34	Rydebäck
259 60	Helsingborg
259 61	Helsingborg
259 62	Helsingborg
259 63	Helsingborg
259 64	Helsingborg
259 65	Helsingborg
259 66	Helsingborg
259 67	Helsingborg
259 68	Helsingborg
259 69	Helsingborg
259 70	Helsingborg
259 71	Helsingborg
259 72	Helsingborg
259 73	Helsingborg
259 74	Helsingborg
259 75	Helsingborg
259 76	Helsingborg
259 77	Helsingborg
259 78	Helsingborg
259 79	Helsingborg
259 80	Helsingborg
259 81	Helsingborg
259 82	Helsingborg
259 83	Helsingborg
259 84	Helsingborg
259 85	Helsingborg
259 86	Helsingborg
259 87	Helsingborg
259 88	Helsingborg
259 89	Helsingborg
259 90	Helsingborg
259 91	Helsingborg
259 92	Helsingborg
259 93	Helsingborg
259 94	Helsingborg
259 95	Helsingborg
259 96	Helsingborg
259 97	Helsingborg
259 98	Helsingborg
259 99	Helsingborg
260 20	Teckomatorp
260 21	Billeberga
260 22	Tågarp
260 23	Kågeröd
260 24	Röstånga
260 30	Vallåkra
260 33	Påarp
260 34	Mörarp
260 35	Ödåkra
260 36	Ödåkra-Väla
260 37	Ödåkra
260 38	Kattarp
260 39	Hasslarp
260 41	Nyhamnsläge
260 42	Mölle
260 43	Arild
260 50	Billesholm
260 51	Ekeby
260 60	Kvidinge
260 61	Hyllinge
260 70	Ljungbyhed
260 91	Förslöv
260 92	Förslöv
260 93	Torekov
261 20	Landskrona
261 22	Landskrona
261 23	Landskrona
261 24	Landskrona
261 25	Landskrona
261 26	Landskrona
261 27	Landskrona
261 29	Landskrona
261 30	Landskrona
261 31	Landskrona
261 32	Landskrona
261 33	Landskrona
261 34	Landskrona
261 35	Landskrona
261 36	Landskrona
261 37	Landskrona
261 38	Landskrona
261 39	Landskrona
261 40	Landskrona
261 41	Landskrona
261 42	Landskrona
261 43	Landskrona
261 44	Landskrona
261 45	Landskrona
261 46	Landskrona
261 47	Landskrona
261 51	Landskrona
261 52	Landskrona
261 53	Landskrona
261 60	Landskrona
261 61	Landskrona
261 62	Glumslöv
261 63	Glumslöv
261 65	Landskrona
261 71	Landskrona
261 72	Häljarp
261 73	Häljarp
261 75	Asmundtorp
261 76	Asmundtorp
261 91	Landskrona
261 92	Landskrona
261 93	Landskrona
261 94	Landskrona
261 95	Sankt Ibb
262 20	Ängelholm
262 21	Ängelholm
262 22	Ängelholm
262 23	Ängelholm
262 24	Ängelholm
262 31	Ängelholm
262 32	Ängelholm
262 33	Ängelholm
262 34	Ängelholm
262 35	Ängelholm
262 36	Ängelholm
262 37	Ängelholm
262 41	Ängelholm
262 42	Ängelholm
262 43	Ängelholm
262 44	Ängelholm
262 50	Ängelholm
262 51	Ängelholm
262 52	Ängelholm
262 53	Ängelholm
262 54	Ängelholm
262 55	Ängelholm
262 57	Ängelholm
262 58	Ängelholm
262 60	Ängelholm
262 61	Ängelholm
262 62	Ängelholm
262 63	Ängelholm
262 64	Ängelholm
262 65	Ängelholm
262 66	Ängelholm
262 67	Ängelholm
262 68	Ängelholm
262 70	Strövelstorp
262 71	Ängelholm
262 72	Ängelholm
262 73	Ängelholm
262 74	Ängelholm
262 78	Ängelholm
262 79	Ängelholm
262 91	Ängelholm
262 92	Ängelholm
262 93	Ängelholm
262 94	Ängelholm
262 95	Ängelholm
262 96	Ängelholm
263 20	Höganäs
263 21	Höganäs
263 22	Höganäs
263 23	Höganäs
263 25	Höganäs
263 31	Höganäs
263 32	Höganäs
263 33	Höganäs
263 34	Höganäs
263 35	Höganäs
263 36	Höganäs
263 37	Höganäs
263 38	Höganäs
263 39	Höganäs
263 50	Höganäs
263 51	Höganäs
263 52	Lerberget
263 53	Lerberget
263 54	Lerberget
263 57	Höganäs
263 58	Höganäs
263 61	Viken
263 62	Viken
263 63	Viken
263 64	Viken
263 65	Viken
263 71	Jonstorp
263 73	Arild
263 75	Nyhamnsläge
263 76	Nyhamnsläge
263 91	Höganäs
263 92	Jonstorp
263 93	Höganäs
264 20	Klippan
264 21	Klippan
264 22	Klippan
264 23	Klippan
264 31	Klippan
264 32	Klippan
264 33	Klippan
264 34	Klippan
264 35	Klippan
264 36	Klippan
264 37	Klippan
264 38	Klippan
264 39	Klippan
264 51	Ljungbyhed
264 52	Ljungbyhed
264 53	Ljungbyhed
264 54	Ljungbyhed
264 70	Klippan
264 71	Östra Ljungby
264 91	Klippan
264 92	Klippan
264 93	Klippan
264 94	Klippan
265 20	Åstorp
265 21	Åstorp
265 22	Åstorp
265 24	Åstorp
265 25	Åstorp
265 30	Åstorp
265 31	Åstorp
265 32	Åstorp
265 33	Åstorp
265 34	Åstorp
265 35	Åstorp
265 36	Åstorp
265 37	Åstorp
265 38	Åstorp
265 39	Åstorp
265 40	Åstorp
265 50	Nyvång
265 71	Kvidinge
265 72	Kvidinge
265 74	Hyllinge
265 75	Hyllinge
265 90	Åstorp
266 21	Munka-Ljungby
266 31	Munka-Ljungby
266 32	Munka-Ljungby
266 33	Munka-Ljungby
266 34	Munka-Ljungby
266 35	Munka-Ljungby
266 51	Vejbystrand
266 52	Vejbystrand
266 53	Vejbystrand
266 54	Vejbystrand
266 55	Vejbystrand
266 75	Hjärnarp
266 91	Munka-Ljungby
266 92	Munka-Ljungby
266 93	Munka-Ljungby
266 94	Munka-Ljungby
266 95	Munka-Ljungby
266 97	Hjärnarp
266 98	Hjärnarp
267 20	Bjuv
267 21	Bjuv
267 22	Bjuv
267 23	Bjuv
267 25	Bjuv
267 31	Bjuv
267 32	Bjuv
267 33	Bjuv
267 34	Bjuv
267 35	Bjuv
267 36	Bjuv
267 37	Bjuv
267 38	Bjuv
267 39	Bjuv
267 40	Bjuv
267 41	Bjuv
267 71	Billesholm
267 72	Billesholm
267 73	Billesholm
267 74	Billesholm
267 75	Ekeby
267 76	Ekeby
267 77	Ekeby
267 90	Bjuv
268 20	Svalöv
268 21	Svalöv
268 22	Svalöv
268 31	Svalöv
268 32	Svalöv
268 33	Svalöv
268 34	Svalöv
268 68	Röstånga
268 71	Teckomatorp
268 72	Teckomatorp
268 73	Billeberga
268 74	Billeberga
268 75	Tågarp
268 76	Kågeröd
268 77	Kågeröd
268 78	Kågeröd
268 90	Svalöv
269 20	Båstad
269 21	Båstad
269 22	Båstad
269 25	Båstad
269 31	Båstad
269 32	Båstad
269 33	Båstad
269 34	Båstad
269 35	Båstad
269 36	Båstad
269 37	Båstad
269 38	Båstad
269 39	Båstad
269 40	Båstad
269 41	Östra Karup
269 42	Båstad
269 43	Båstad
269 44	Båstad
269 62	Grevie
269 71	Förslöv
269 72	Förslöv
269 73	Förslöv
269 74	Västra Karup
269 76	Torekov
269 77	Torekov
269 78	Torekov
269 91	Båstad
269 92	Båstad
269 93	Båstad
269 94	Båstad
269 95	Båstad
269 96	Båstad
270 21	Glemmingebro
270 22	Köpingebro
270 31	Äsperöd
270 33	Vollsjö
270 35	Blentarp
271 20	Ystad
271 21	Ystad
271 22	Ystad
271 23	Ystad
271 24	Ystad
271 25	Ystad
271 31	Ystad
271 32	Ystad
271 33	Ystad
271 34	Ystad
271 35	Ystad
271 36	Ystad
271 37	Ystad
271 38	Ystad
271 39	Ystad
271 40	Ystad
271 41	Ystad
271 42	Ystad
271 43	Ystad
271 44	Ystad
271 45	Ystad
271 46	Ystad
271 50	Ystad
271 51	Ystad
271 52	Ystad
271 53	Ystad
271 54	Ystad
271 55	Ystad
271 56	Ystad
271 57	Ystad
271 60	Ystad
271 72	Köpingebro
271 73	Köpingebro
271 74	Glemmingbro
271 75	Glemmingebro
271 91	Ystad
271 92	Ystad
271 93	Ystad
271 94	Ystad
271 95	Ystad
271 96	Ystad
271 97	Ystad
271 98	Ystad
271 99	Ystad
272 20	Simrishamn
272 21	Simrishamn
272 22	Simrishamn
272 23	Simrishamn
272 24	Simrishamn
272 31	Simrishamn
272 32	Simrishamn
272 33	Simrishamn
272 34	Simrishamn
272 35	Simrishamn
272 36	Simrishamn
272 37	Simrishamn
272 38	Brantevik
272 39	Simrishamn
272 61	Gärsnäs
272 91	Simrishamn
272 92	Simrishamn
272 93	Tommarp
272 94	Simrishamn
272 95	Simrishamn
272 96	Gärsnäs
272 97	Gärsnäs
273 20	Tomelilla
273 21	Tomelilla
273 22	Tomelilla
273 30	Tomelilla
273 31	Tomelilla
273 32	Tomelilla
273 33	Tomelilla
273 34	Tomelilla
273 35	Tomelilla
273 36	Tomelilla
273 50	Brösarp
273 55	Brösarp
273 57	Brösarp
273 70	Lövestad
273 71	Lövestad
273 72	Lövestad
273 75	Lövestad
273 91	Tomelilla
273 92	Tomelilla
273 93	Tomelilla
273 94	Tomelilla
273 95	Tomelilla
273 96	Tomelilla
273 97	Tomelilla
273 98	Smedstorp
274 20	Skurup
274 21	Skurup
274 22	Skurup
274 23	Skurup
274 24	Skurup
274 30	Skurup
274 31	Skurup
274 32	Skurup
274 33	Skurup
274 34	Skurup
274 35	Skurup
274 36	Skurup
274 37	Skurup
274 38	Skurup
274 50	Skivarp
274 51	Skivarp
274 53	Skivarp
274 54	Skivarp
274 56	Abbekås
274 60	Rydsgård
274 61	Rydsgård
274 62	Rydsgård
274 63	Rydsgård
274 91	Skurup
274 92	Skurup
274 93	Skurup
274 94	Skurup
275 20	Sjöbo
275 21	Sjöbo
275 22	Sjöbo
275 23	Sjöbo
275 30	Sjöbo
275 31	Sjöbo
275 32	Sjöbo
275 33	Sjöbo
275 34	Sjöbo
275 35	Sjöbo
275 36	Sjöbo
275 37	Sjöbo
275 38	Sjöbo
275 39	Sjöbo
275 62	Blentarp
275 63	Blentarp
275 64	Blentarp
275 66	Vollsjö
275 67	Vollsjö
275 68	Vollsjö
275 70	Lövestad
275 71	Lövestad
275 72	Blentarp
275 75	Lövestad
275 76	Asperöd
275 91	Sjöbo
275 92	Sjöbo
275 93	Sjöbo
275 94	Sjöbo
275 95	Sjöbo
276 21	Borrby
276 30	Borrby
276 35	Borrby
276 36	Borrby
276 37	Borrby
276 50	Hammenhög
276 55	Hammenhög
276 56	Hammenhög
276 60	Skillinge
277 21	Kivik
277 30	Kivik
277 31	Kivik
277 32	Kivik
277 35	Kivik
277 36	Vitaby
277 37	Kivik
277 40	Sankt Olof
277 45	Sankt Olof
277 50	Brösarp
277 55	Brösarp
277 56	Brösarp
277 57	Brösarp
280 20	Bjärnum
280 22	Vittsjö
280 23	Hästveda
280 40	Skånes Fagerhult
280 60	Broby
280 63	Sibbhult
280 64	Glimåkra
280 70	Lönsboda
280 72	Killeberg
281 20	Hässleholm
281 21	Hässleholm
281 22	Hässleholm
281 23	Hässleholm
281 24	Hässleholm
281 25	Hässleholm
281 26	Hässleholm
281 30	Hässleholm
281 31	Hässleholm
281 32	Hässleholm
281 33	Hässleholm
281 34	Hässleholm
281 35	Hässleholm
281 36	Hässleholm
281 37	Hässleholm
281 38	Hässleholm
281 39	Hässleholm
281 40	Hässleholm
281 41	Hässleholm
281 42	Hässleholm
281 43	Hässleholm
281 44	Stoby
281 45	Hässleholm
281 46	Tormestorp
281 47	Hässleholm
281 48	Hässleholm
281 49	Hässleholm
281 50	Hässleholm
281 51	Hässleholm
281 52	Hässleholm
281 53	Finja
281 54	Hässleholm
281 55	Hässleholm
281 91	Hässleholm
281 92	Hässleholm
281 93	Finja
281 95	Vankiva
281 97	Ballingslöv
282 20	Tyringe
282 21	Tyringe
282 22	Tyringe
282 23	Tyringe
282 24	Tyringe
282 31	Tyringe
282 32	Tyringe
282 33	Tyringe
282 34	Tyringe
282 35	Tyringe
282 61	Bjärnum
282 62	Bjärnum
282 63	Bjärnum
282 64	Bjärnum
282 65	Bjärnum
282 66	Vittsjö
282 67	Vittsjö
282 68	Vittsjö
282 69	Vittsjö
282 71	Sösdala
282 72	Sösdala
282 73	Sösdala
282 74	Hästveda
282 75	Hästveda
282 76	Hästveda
282 91	Tyringe
282 92	Västra Torup
282 93	Röke
282 94	Hörja
282 95	Tyringe
283 20	Osby
283 21	Osby
283 22	Osby
283 23	Osby
283 31	Osby
283 32	Osby
283 33	Osby
283 34	Osby
283 35	Osby
283 36	Osby
283 41	Osby
283 42	Osby
283 43	Osby
283 44	Osby
283 45	Osby
283 50	Osby
283 71	Lönsboda
283 72	Lönsboda
283 76	Killeberg
283 91	Osby
283 93	Lönsboda
283 94	Lönsboda
283 95	Visseltofta
283 96	Killeberg
284 20	Perstorp
284 21	Perstorp
284 22	Perstorp
284 31	Perstorp
284 32	Perstorp
284 33	Perstorp
284 34	Perstorp
284 35	Perstorp
284 36	Perstorp
284 37	Perstorp
284 38	Perstorp
284 91	Perstorp
284 92	Perstorp
285 20	Markaryd
285 21	Markaryd
285 22	Markaryd
285 23	Markaryd
285 24	Markaryd
285 31	Markaryd
285 32	Markaryd
285 33	Markaryd
285 34	Markaryd
285 35	Markaryd
285 36	Markaryd
285 37	Markaryd
285 38	Markaryd
285 39	Markaryd
285 40	Markaryd
285 91	Markaryd
285 93	Markaryd
286 20	Örkelljunga
286 21	Örkelljunga
286 22	Örkelljunga
286 31	Örkelljunga
286 32	Örkelljunga
286 33	Örkelljunga
286 34	Örkelljunga
286 35	Örkelljunga
286 36	Örkelljunga
286 37	Örkelljunga
286 38	Örkelljunga
286 72	Åsljunga
286 73	Skånes Fagerhult
286 75	Skånes Fagerhult
286 91	Örkelljunga
286 92	Örkelljunga
286 95	Eket
287 21	Strömsnäsbruk
287 22	Strömsnäsbruk
287 24	Strömsnäsbruk
287 31	Strömsnäsbruk
287 32	Strömsnäsbruk
287 33	Strömsnäsbruk
287 34	Strömsnäsbruk
287 72	Traryd
287 91	Strömsnäsbruk
287 92	Traryd
287 93	Strömsnäsbruk
288 20	Vinslöv
288 21	Vinslöv
288 22	Vinslöv
288 31	Vinslöv
288 32	Vinslöv
288 33	Vinslöv
288 34	Vinslöv
288 90	Vinslöv
288 93	Nävlinge
289 20	Knislinge
289 21	Knislinge
289 31	Knislinge
289 32	Knislinge
289 33	Knislinge
289 40	Broby
289 41	Broby
289 42	Broby
289 43	Broby
289 46	Glimåkra
289 47	Glimåkra
289 50	Hanaskog
289 71	Sibbhult
289 72	Sibbhult
289 90	Knislinge
289 92	Broby
289 93	Broby
289 94	Glimåkra
290 30	Kristianstad
290 31	Kristianstad
290 32	Kristianstad
290 33	Kristianstad
290 34	Fjälkinge
290 37	Arkelstorp
290 38	Villands Vånga
290 50	Kristianstad
290 51	Kristianstad
290 60	Kyrkhult
290 62	Vilshult
291 20	Kristianstad
291 21	Kristianstad
291 22	Kristianstad
291 23	Kristianstad
291 25	Kristianstad
291 26	Kristianstad
291 29	Kristianstad
291 30	Kristianstad
291 31	Kristianstad
291 32	Kristianstad
291 33	Kristianstad
291 34	Kristianstad
291 35	Kristianstad
291 36	Kristianstad
291 37	Kristianstad
291 38	Kristianstad
291 39	Kristianstad
291 40	Kristianstad
291 41	Kristianstad
291 42	Kristianstad
291 43	Kristianstad
291 44	Kristianstad
291 45	Kristianstad
291 46	Kristianstad
291 47	Kristianstad
291 48	Kristianstad
291 49	Kristianstad
291 50	Kristianstad
291 51	Kristianstad
291 53	Kristianstad
291 54	Kristianstad
291 55	Arkelstorp
291 56	Arkelstorp
291 57	Arkelstorp
291 58	Kristianstad
291 59	Kristianstad
291 60	Kristianstad
291 61	Kristianstad
291 62	Kristianstad
291 63	Kristianstad
291 65	Kristianstad
291 66	Kristianstad
291 67	Fjälkinge
291 68	Fjälkinge
291 69	Fjälkinge
291 70	Kristianstad
291 73	Önnestad
291 75	Färlöv
291 76	Rinkaby
291 77	Gärds Köpinge
291 91	Kristianstad
291 92	Kristianstad
291 93	Önnestad
291 94	Kristianstad
291 95	Färlöv
291 96	Kristianstad
291 97	Gärds Köpinge
291 98	Villands Vånga
293 20	Olofström
293 21	Olofström
293 22	Olofström
293 23	Olofström
293 24	Olofström
293 31	Olofström
293 32	Olofström
293 33	Olofström
293 34	Olofström
293 35	Olofström
293 36	Olofström
293 37	Olofström
293 38	Olofström
293 39	Olofström
293 40	Olofström
293 41	Olofström
293 42	Olofström
293 72	Jämshög
293 73	Jämshög
293 74	Kyrkhult
293 91	Olofström
293 92	Jämshög
293 93	Olofström
293 94	Kyrkhult
293 95	Vilshult
294 20	Sölvesborg
294 21	Sölvesborg
294 22	Sölvesborg
294 23	Sölvesborg
294 25	Sölvesborg
294 31	Sölvesborg
294 32	Sölvesborg
294 33	Sölvesborg
294 34	Sölvesborg
294 35	Sölvesborg
294 36	Sölvesborg
294 37	Sölvesborg
294 38	Sölvesborg
294 39	Sölvesborg
294 40	Sölvesborg
294 71	Sölvesborg
294 72	Sölvesborg
294 74	Sölvesborg
294 75	Sölvesborg
294 76	Sölvesborg
294 77	Sölvesborg
294 91	Sölvesborg
294 92	Sölvesborg
294 93	Sölvesborg
294 94	Sölvesborg
294 95	Sölvesborg
295 20	Bromölla
295 21	Bromölla
295 22	Bromölla
295 23	Bromölla
295 31	Bromölla
295 32	Bromölla
295 34	Bromölla
295 35	Bromölla
295 36	Bromölla
295 37	Bromölla
295 38	Bromölla
295 39	Bromölla
295 51	Bromölla
295 72	Gualöv
295 73	Nymölla
295 74	Näsum
295 91	Bromölla
295 94	Näsum
296 20	Åhus
296 21	Åhus
296 22	Åhus
296 23	Åhus
296 24	Åhus
296 25	Åhus
296 31	Åhus
296 32	Åhus
296 33	Åhus
296 34	Åhus
296 35	Åhus
296 37	Åhus
296 38	Åhus
296 39	Åhus
296 41	Åhus
296 72	Yngsjö
296 91	Åhus
296 92	Yngsjö
297 20	Degeberga
297 21	Degeberga
297 22	Degeberga
297 31	Degeberga
297 32	Degeberga
297 72	Everöd
297 91	Vittskövle
297 92	Everöd
297 93	Huaröd
297 94	Degeberga
297 95	Degeberga
297 96	Östra Sönnarslöv
298 20	Tollarp
298 21	Tollarp
298 31	Tollarp
298 32	Tollarp
298 33	Tollarp
298 34	Tollarp
298 91	Tollarp
298 92	Tollarp
298 93	Huaröd
298 94	Linderöd
298 96	Östra Sönnarslöv
301 21	Halmstad
301 22	Halmstad
301 23	Halmstad
301 24	Halmstad
301 25	Halmstad
301 27	Halmstad
301 28	Halmstad
302 20	Halmstad
302 21	Halmstad
302 22	Halmstad
302 23	Halmstad
302 24	Halmstad
302 25	Halmstad
302 26	Halmstad
302 27	Halmstad
302 28	Halmstad
302 29	Halmstad
302 30	Halmstad
302 31	Halmstad
302 32	Halmstad
302 33	Halmstad
302 34	Halmstad
302 35	Halmstad
302 36	Halmstad
302 37	Halmstad
302 38	Halmstad
302 39	Halmstad
302 40	Halmstad
302 41	Halmstad
302 42	Halmstad
302 43	Halmstad
302 44	Halmstad
302 45	Halmstad
302 46	Halmstad
302 47	Halmstad
302 48	Halmstad
302 49	Halmstad
302 50	Halmstad
302 51	Halmstad
302 52	Halmstad
302 53	Halmstad
302 54	Halmstad
302 55	Halmstad
302 56	Halmstad
302 57	Halmstad
302 58	Halmstad
302 59	Halmstad
302 60	Halmstad
302 61	Halmstad
302 62	Halmstad
302 63	Halmstad
302 64	Halmstad
302 65	Halmstad
302 66	Halmstad
302 67	Halmstad
302 68	Halmstad
302 69	Halmstad
302 70	Halmstad
302 71	Halmstad
302 72	Halmstad
302 73	Halmstad
302 74	Halmstad
302 75	Halmstad
302 76	Halmstad
302 77	Halmstad
302 79	Holm
302 90	Halmstad
302 91	Halmstad
302 92	Halmstad
302 93	Halmstad
302 94	Halmstad
302 95	Halmstad
302 96	Halmstad
305 60	Harplinge
305 61	Harplinge
305 64	Gullbrandstorp
305 70	Haverdal
305 71	Haverdal
305 75	Getinge
305 76	Getinge
305 77	Getinge
305 78	Kvibille
305 91	Halmstad
305 92	Holm
305 93	Halmstad
305 94	Halmstad
305 95	Halmstad
305 96	Eldsberga
305 97	Eldsberga
310 20	Knäred
310 21	Hishult
310 31	Eldsberga
310 34	Kvibille
310 38	Simlångsdalen
310 40	Harplinge
310 41	Gullbrandstorp
310 42	Haverdal
310 44	Getinge
310 50	Slöinge
310 58	Vessigebro
310 60	Ullared
310 61	Ätran
310 62	Fegen
310 63	Älvsered
311 20	Falkenberg
311 21	Falkenberg
311 22	Falkenberg
311 23	Falkenberg
311 30	Falkenberg
311 31	Falkenberg
311 32	Falkenberg
311 33	Falkenberg
311 34	Falkenberg
311 35	Falkenberg
311 36	Falkenberg
311 37	Falkenberg
311 38	Falkenberg
311 39	Falkenberg
311 40	Falkenberg
311 41	Falkenberg
311 42	Falkenberg
311 43	Falkenberg
311 44	Falkenberg
311 45	Falkenberg
311 46	Falkenberg
311 47	Falkenberg
311 48	Falkenberg
311 50	Falkenberg
311 51	Ätran
311 52	Fegen
311 54	Glommen
311 60	Ullared
311 61	Ullared
311 62	Ullared
311 63	Älvsered
311 64	Vessigebro
311 65	Vessigebro
311 67	Slöinge
311 68	Slöinge
311 70	Falkenberg
311 71	Falkenberg
311 72	Falkenberg
311 73	Falkenberg
311 74	Falkenberg
311 75	Falkenberg
311 76	Falkenberg
311 77	Falkenberg
311 78	Falkenberg
311 79	Falkenberg
311 91	Falkenberg
311 92	Falkenberg
311 93	Långås
311 94	Falkenberg
311 95	Falkenberg
311 96	Heberg
311 97	Falkenberg
311 98	Glommen
311 99	Vinberg
312 20	Laholm
312 21	Laholm
312 22	Laholm
312 30	Laholm
312 31	Laholm
312 32	Laholm
312 33	Laholm
312 34	Laholm
312 35	Laholm
312 36	Laholm
312 40	Genevad
312 45	Veinge
312 50	Vallberga
312 51	Knäred
312 52	Knäred
312 53	Hishult
312 60	Mellbystrand
312 61	Mellbystrand
312 62	Mellbystrand
312 71	Skummeslövsstrand
312 72	Skummeslövsstrand
312 73	Skummeslövsstrand
312 75	Våxtorp
312 77	Skottorp
312 91	Laholm
312 92	Laholm
312 93	Laholm
312 94	Laholm
312 95	Laholm
312 96	Laholm
312 97	Laholm
312 98	Våxtorp
313 20	Oskarström
313 21	Oskarström
313 22	Oskarström
313 30	Oskarström
313 31	Oskarström
313 32	Oskarström
313 33	Oskarström
313 50	Åled
313 91	Oskarström
313 92	Oskarström
313 94	Sennan
313 95	Åled
313 96	Simlångsdalen
313 97	Simlångsdalen
314 20	Hyltebruk
314 21	Hyltebruk
314 22	Hyltebruk
314 31	Hyltebruk
314 32	Hyltebruk
314 33	Hyltebruk
314 34	Hyltebruk
314 41	Torup
314 42	Rydöbruk
314 51	Unnaryd
314 52	Unnaryd
314 91	Hyltebruk
314 92	Långaryd
314 93	Hyltebruk
314 94	Landeryd
314 95	Kinnared
314 96	Torup
314 97	Torup
314 98	Torup
330 21	Reftele
330 26	Burseryd
330 27	Hestra
330 31	Kulltorp
330 33	Hillerstorp
331 20	Värnamo
331 21	Värnamo
331 22	Värnamo
331 23	Värnamo
331 24	Värnamo
331 25	Värnamo
331 26	Värnamo
331 27	Värnamo
331 29	Värnamo
331 30	Värnamo
331 31	Värnamo
331 32	Värnamo
331 33	Värnamo
331 34	Värnamo
331 35	Värnamo
331 36	Värnamo
331 37	Värnamo
331 40	Värnamo
331 41	Värnamo
331 42	Värnamo
331 43	Värnamo
331 44	Värnamo
331 50	Värnamo
331 51	Värnamo
331 52	Värnamo
331 53	Värnamo
331 54	Värnamo
331 55	Värnamo
331 56	Värnamo
331 71	Forsheda
331 72	Forsheda
331 73	Bor
331 74	Bor
331 76	Rydaholm
331 77	Rydaholm
331 79	Horda
331 91	Värnamo
331 92	Värnamo
331 93	Värnamo
331 94	Värnamo
331 95	Värnamo
331 96	Värnamo
331 97	Värnamo
331 98	Värnamo
332 20	Gislaved
332 21	Gislaved
332 22	Gislaved
332 23	Gislaved
332 24	Gislaved
332 25	Gislaved
332 28	Gislaved
332 30	Gislaved
332 31	Gislaved
332 32	Gislaved
332 33	Gislaved
332 34	Gislaved
332 35	Gislaved
332 36	Gislaved
332 37	Gislaved
332 38	Gislaved
332 91	Gislaved
332 92	Gislaved
333 20	Smålandsstenar
333 21	Smålandsstenar
333 22	Smålandsstenar
333 23	Smålandsstenar
333 24	Smålandsstenar
333 28	Smålandsstenar
333 30	Smålandsstenar
333 31	Smålandsstenar
333 32	Smålandsstenar
333 33	Smålandsstenar
333 71	Bredaryd
333 72	Bredaryd
333 73	Bredaryd
333 74	Bredaryd
333 75	Reftele
333 76	Reftele
333 77	Burseryd
333 91	Smålandsstenar
333 92	Broaryd
333 93	Skeppshult
334 20	Anderstorp
334 21	Anderstorp
334 22	Anderstorp
334 23	Anderstorp
334 24	Anderstorp
334 25	Anderstorp
334 31	Anderstorp
334 32	Anderstorp
334 33	Anderstorp
334 35	Anderstorp
334 91	Anderstorp
335 20	Gnosjö
335 21	Gnosjö
335 22	Gnosjö
335 23	Gnosjö
335 24	Gnosjö
335 25	Gnosjö
335 28	Gnosjö
335 30	Gnosjö
335 31	Gnosjö
335 32	Gnosjö
335 33	Gnosjö
335 71	Hestra
335 72	Hestra
335 73	Hillerstorp
335 74	Hillerstorp
335 91	Gnosjö
335 92	Nissafors
335 93	Åsenhöga
335 96	Kulltorp
340 30	Vislanda
340 32	Grimslöv
340 36	Moheda
340 37	Torpsbruk
341 20	Ljungby
341 21	Ljungby
341 22	Ljungby
341 23	Ljungby
341 24	Ljungby
341 25	Ljungby
341 26	Ljungby
341 30	Ljungby
341 31	Ljungby
341 32	Ljungby
341 33	Ljungby
341 34	Ljungby
341 35	Ljungby
341 36	Ljungby
341 37	Ljungby
341 38	Ljungby
341 39	Ljungby
341 40	Ljungby
341 41	Ljungby
341 42	Ljungby
341 43	Ljungby
341 44	Ljungby
341 50	Lagan
341 51	Lagan
341 52	Lagan
341 55	Vittaryd
341 60	Ljungby
341 70	Ljungby
341 71	Lidhult
341 72	Lidhult
341 73	Lidhult
341 74	Annerstad
341 75	Hamneda
341 76	Ryssby
341 77	Agunnaryd
341 91	Ljungby
341 94	Ljungby
341 95	Ljungby
341 96	Ljungby
342 20	Alvesta
342 21	Alvesta
342 22	Alvesta
342 23	Alvesta
342 30	Alvesta
342 31	Alvesta
342 32	Alvesta
342 33	Alvesta
342 34	Alvesta
342 35	Alvesta
342 36	Alvesta
342 50	Vislanda
342 51	Vislanda
342 52	Vislanda
342 54	Grimslöv
342 55	Grimslöv
342 60	Moheda
342 61	Moheda
342 62	Moheda
342 63	Moheda
342 65	Torpsbruk
342 90	Alvesta
342 91	Alvesta
342 92	Alvesta
342 93	Hjortsberga
342 94	Alvesta
342 95	Alvesta
343 20	Älmhult
343 21	Älmhult
343 22	Älmhult
343 23	Älmhult
343 24	Älmhult
343 30	Älmhult
343 31	Älmhult
343 32	Älmhult
343 34	Älmhult
343 35	Älmhult
343 36	Älmhult
343 37	Älmhult
343 41	Höör
343 71	Diö
343 72	Eneryda
343 73	Virestad
343 75	Diö
343 90	Älmhult
343 91	Älmhult
343 92	Häradsbäck
343 93	Älmhult
343 94	Älmhult
343 95	Älmhult
343 96	Hallaryd
343 97	Älmhult
352 20	Växjö
352 21	Växjö
352 22	Växjö
352 23	Växjö
352 29	Växjö
352 30	Växjö
352 31	Växjö
352 32	Växjö
352 33	Växjö
352 34	Växjö
352 35	Växjö
352 36	Växjö
352 37	Växjö
352 38	Växjö
352 39	Växjö
352 40	Växjö
352 41	Växjö
352 42	Växjö
352 43	Växjö
352 44	Växjö
352 45	Växjö
352 46	Växjö
352 47	Växjö
352 48	Växjö
352 49	Växjö
352 50	Växjö
352 51	Växjö
352 52	Växjö
352 53	Växjö
352 54	Växjö
352 55	Växjö
352 56	Växjö
352 57	Växjö
352 58	Växjö
352 59	Växjö
352 60	Växjö
352 61	Växjö
352 62	Växjö
352 63	Växjö
352 64	Växjö
352 65	Växjö
352 66	Växjö
352 70	Växjö
352 71	Växjö
352 72	Växjö
352 73	Växjö
355 71	Ingelstad
355 72	Ingelstad
355 73	Gemla
355 74	Värends Nöbbele
355 75	Åryd
355 91	Växjö
355 92	Växjö
355 93	Växjö
355 94	Vederslöv
355 95	Tävelsås
355 96	Kalvsvik
355 97	Växjö
355 98	Ingelstad
355 99	Gemla
359 30	Växjö
359 40	Växjö
359 70	Växjö
359 99	Växjö
360 23	Älmeboda
360 24	Linneryd
360 30	Lammhult
360 32	Gemla
360 40	Rottne
360 42	Braås
360 43	Åryd
360 44	Ingelstad
360 47	Värends Nöbbele
360 50	Lessebo
360 51	Hovmantorp
360 52	Kosta
360 53	Skruv
360 60	Vissefjärda
360 65	Boda Glasbruk
360 70	Åseda
360 71	Norrhult
360 72	Klavreström
360 73	Lenhovda
360 74	Sävsjöström
360 75	Alstermo
360 76	Älghult
360 77	Fröseke
361 20	Emmaboda
361 21	Emmaboda
361 22	Emmaboda
361 30	Emmaboda
361 31	Emmaboda
361 32	Emmaboda
361 33	Emmaboda
361 42	Lindås
361 53	Broakulla
361 54	Vissefjärda
361 91	Emmaboda
361 92	Emmaboda
361 93	Broakulla
361 94	Eriksmåla
361 95	Långasjö
361 96	Vissefjärda
361 97	Boda Glasbruk
362 20	Tingsryd
362 21	Tingsryd
362 22	Tingsryd
362 23	Tingsryd
362 30	Tingsryd
362 31	Tingsryd
362 32	Tingsryd
362 40	Konga
362 50	Väckelsång
362 51	Väckelsång
362 54	Urshult
362 56	Ryd
362 57	Ryd
362 58	Linneryd
362 91	Tingsryd
362 92	Tingsryd
362 93	Tingsryd
362 94	Tingsryd
362 95	Urshult
362 96	Ryd
362 97	Linneryd
362 98	Älmeboda
363 21	Rottne
363 30	Rottne
363 31	Rottne
363 33	Rottne
363 41	Braås
363 42	Braås
363 44	Lammhult
363 45	Lammhult
363 91	Braås
363 92	Lammhult
363 93	Lammhult
363 94	Lammhult
364 21	Åseda
364 30	Åseda
364 31	Åseda
364 33	Åseda
364 41	Lenhovda
364 42	Lenhovda
364 43	Alstermo
364 44	Norrhult
364 45	Klavreström
364 91	Lenhovda
364 92	Lenhovda
364 93	Alstermo
364 95	Älghult
364 96	Sävsjöström
364 97	Fröseke
365 31	Lessebo
365 32	Lessebo
365 33	Lessebo
365 41	Hovmantorp
365 42	Hovmantorp
365 43	Kosta
365 44	Kosta
365 91	Lessebo
365 92	Hovmantorp
365 93	Furuby
365 94	Skruv
370 22	Drottningskär
370 23	Hasslö
370 24	Nättraby
370 30	Rödeby
370 33	Tving
370 34	Holmsjö
370 42	Torhamn
370 43	Sturkö
370 45	Fågelmara
371 20	Karlskrona
371 21	Karlskrona
371 22	Karlskrona
371 23	Karlskrona
371 24	Karlskrona
371 25	Karlskrona
371 29	Karlskrona
371 30	Karlskrona
371 31	Karlskrona
371 32	Karlskrona
371 33	Karlskrona
371 34	Karlskrona
371 35	Karlskrona
371 36	Karlskrona
371 37	Karlskrona
371 38	Karlskrona
371 39	Karlskrona
371 40	Karlskrona
371 41	Karlskrona
371 42	Karlskrona
371 43	Karlskrona
371 44	Karlskrona
371 45	Karlskrona
371 46	Karlskrona
371 47	Karlskrona
371 48	Karlskrona
371 49	Karlskrona
371 50	Karlskrona
371 51	Karlskrona
371 52	Karlskrona
371 53	Karlskrona
371 54	Karlskrona
371 55	Karlskrona
371 56	Karlskrona
371 57	Karlskrona
371 60	Lyckeby
371 61	Lyckeby
371 62	Lyckeby
371 63	Lyckeby
371 64	Lyckeby
371 65	Lyckeby
371 70	Karlskrona
371 75	Karlskrona
371 79	Karlskrona
371 91	Karlskrona
371 92	Karlskrona
371 93	Karlskrona
371 94	Lyckeby
372 20	Ronneby
372 21	Ronneby
372 22	Ronneby
372 25	Ronneby
372 29	Ronneby
372 30	Ronneby
372 31	Ronneby
372 32	Ronneby
372 33	Ronneby
372 34	Ronneby
372 35	Ronneby
372 36	Ronneby
372 37	Ronneby
372 38	Ronneby
372 39	Ronneby
372 40	Ronneby
372 41	Ronneby
372 50	Kallinge
372 51	Kallinge
372 52	Kallinge
372 53	Kallinge
372 60	Bräkne-Hoby
372 61	Bräkne-Hoby
372 63	Bräkne-Hoby
372 73	Ronneby
372 74	Listerby
372 75	Johannishus
372 76	Hallabro
372 77	Backaryd
372 78	Eringsboda
372 90	Ronneby
372 91	Ronneby
372 92	Kallinge
372 93	Hallabro
372 94	Listerby
372 95	Johannishus
372 96	Backaryd
372 97	Ronneby
372 98	Eringsboda
373 20	Karlskrona
373 30	Nättraby
373 31	Nättraby
373 32	Nättraby
373 33	Nättraby
373 34	Nättraby
373 37	Holmsjö
373 38	Holmsjö
373 39	Tving
373 40	Tving
373 41	Rödeby
373 42	Rödeby
373 43	Rödeby
373 44	Rödeby
373 45	Rödeby
373 46	Holmsjö
373 51	Ramdala
373 52	Ramdala
373 53	Ramdala
373 61	Sturkö
373 62	Sturkö
373 64	Drottningskär
373 65	Hasslö
373 66	Hasslö
373 71	Torhamn
373 72	Jämjö
373 73	Jämjö
373 74	Jämjö
373 75	Jämjö
373 77	Fågelmara
373 79	Fågelmara
374 20	Karlshamn
374 21	Karlshamn
374 22	Karlshamn
374 23	Karlshamn
374 24	Karlshamn
374 30	Karlshamn
374 31	Karlshamn
374 32	Karlshamn
374 33	Karlshamn
374 34	Karlshamn
374 35	Karlshamn
374 36	Karlshamn
374 37	Karlshamn
374 38	Karlshamn
374 39	Karlshamn
374 40	Karlshamn
374 41	Karlshamn
374 50	Asarum
374 51	Asarum
374 52	Asarum
374 53	Asarum
374 54	Asarum
374 70	Trensum
374 91	Asarum
374 92	Asarum
374 93	Karlshamn
374 94	Trensum
374 95	Trensum
374 96	Trensum
375 20	Mörrum
375 21	Mörrum
375 22	Mörrum
375 30	Mörrum
375 31	Mörrum
375 32	Mörrum
375 33	Mörrum
375 34	Mörrum
375 90	Mörrum
375 91	Mörrum
376 20	Svängsta
376 23	Svängsta
376 24	Svängsta
376 35	Svängsta
376 36	Svängsta
376 37	Svängsta
376 92	Svängsta
376 93	Svängsta
380 30	Rockneby
380 40	Orrefors
380 41	Gullaskruv
380 42	Målerås
380 44	Alsterbro
380 52	Timmernabben
380 53	Fliseryd
380 62	Mörbylånga
380 65	Degerhamn
380 74	Löttorp
380 75	Byxelkrok
382 20	Nybro
382 21	Nybro
382 22	Nybro
382 23	Nybro
382 24	Nybro
382 28	Nybro
382 30	Nybro
382 31	Nybro
382 32	Nybro
382 33	Nybro
382 34	Nybro
382 35	Nybro
382 36	Nybro
382 37	Nybro
382 38	Nybro
382 39	Nybro
382 40	Nybro
382 41	Nybro
382 42	Nybro
382 43	Nybro
382 44	Nybro
382 45	Nybro
382 46	Nybro
382 71	Orrefors
382 72	Orrefors
382 73	Alsterbro
382 74	Alsterbro
382 75	Gullaskruv
382 76	Målerås
382 90	Örsjö
382 91	Nybro
382 92	Nybro
382 93	Nybro
382 94	Nybro
382 96	Nybro
382 97	Örsjö
383 20	Mönsterås
383 21	Mönsterås
383 22	Mönsterås
383 23	Mönsterås
383 24	Mönsterås
383 25	Mönsterås
383 30	Mönsterås
383 31	Mönsterås
383 32	Mönsterås
383 33	Mönsterås
383 34	Mönsterås
383 35	Mönsterås
383 36	Mönsterås
383 37	Mönsterås
383 38	Mönsterås
383 39	Mönsterås
383 91	Mönsterås
383 92	Mönsterås
384 20	Blomstermåla
384 21	Blomstermåla
384 22	Blomstermåla
384 30	Blomstermåla
384 31	Blomstermåla
384 40	Ålem
384 71	Timmernabben
384 72	Timmernabben
384 73	Fliseryd
384 91	Blomstermåla
384 92	Ålem
384 93	Ålem
385 20	Torsås
385 21	Torsås
385 22	Torsås
385 25	Torsås
385 30	Torsås
385 31	Torsås
385 32	Torsås
385 33	Torsås
385 34	Torsås
385 40	Bergkvara
385 41	Bergkvara
385 42	Bergkvara
385 50	Söderåkra
385 51	Söderåkra
385 90	Söderåkra
385 91	Torsås
385 92	Gullabo
385 93	Torsås
385 94	Bergkvara
385 95	Torsås
385 96	Gullabo
385 97	Söderåkra
385 98	Bergkvara
385 99	Torsås
386 20	Färjestaden
386 21	Färjestaden
386 22	Färjestaden
386 23	Färjestaden
386 30	Färjestaden
386 31	Färjestaden
386 32	Färjestaden
386 33	Färjestaden
386 34	Färjestaden
386 35	Färjestaden
386 50	Mörbylånga
386 51	Mörbylånga
386 60	Mörbylånga
386 61	Mörbylånga
386 62	Mörbylånga
386 63	Degerhamn
386 64	Degerhamn
386 90	Färjestaden
386 92	Färjestaden
386 93	Färjestaden
386 94	Färjestaden
386 95	Färjestaden
386 96	Färjestaden
387 20	Borgholm
387 21	Borgholm
387 22	Borgholm
387 23	Borgholm
387 24	Borgholm
387 30	Borgholm
387 31	Borgholm
387 32	Borgholm
387 33	Borgholm
387 34	Borgholm
387 35	Borgholm
387 36	Borgholm
387 37	Borgholm
387 38	Borgholm
387 70	Löttorp
387 71	Löttorp
387 72	Löttorp
387 74	Löttorp
387 75	Byxelkrok
387 91	Borgholm
387 92	Borgholm
387 93	Borgholm
387 94	Borgholm
388 20	Ljungbyholm
388 21	Ljungbyholm
388 22	Ljungbyholm
388 30	Ljungbyholm
388 31	Ljungbyholm
388 32	Ljungbyholm
388 40	Trekanten
388 41	Trekanten
388 50	Påryd
388 91	Vassmolösa
388 92	Ljungbyholm
388 93	Ljungbyholm
388 94	Vassmolösa
388 95	Halltorp
388 96	Ljungbyholm
388 97	Halltorp
388 98	Trekanten
388 99	Påryd
392 30	Kalmar
392 31	Kalmar
392 32	Kalmar
392 33	Kalmar
392 34	Kalmar
392 35	Kalmar
392 36	Kalmar
392 37	Kalmar
392 38	Kalmar
392 39	Kalmar
392 40	Kalmar
392 41	Kalmar
392 42	Kalmar
392 43	Kalmar
392 44	Kalmar
392 45	Kalmar
392 46	Kalmar
392 47	Kalmar
392 48	Kalmar
392 49	Kalmar
392 50	Kalmar
392 51	Kalmar
392 52	Kalmar
392 53	Kalmar
392 54	Kalmar
393 00	Kalmar
393 49	Kalmar
393 50	Kalmar
393 51	Kalmar
393 52	Kalmar
393 53	Kalmar
393 54	Kalmar
393 55	Kalmar
393 56	Kalmar
393 57	Kalmar
393 58	Kalmar
393 59	Kalmar
393 60	Kalmar
393 61	Kalmar
393 63	Kalmar
393 64	Kalmar
393 65	Kalmar
393 66	Kalmar
394 70	Kalmar
394 71	Kalmar
394 74	Kalmar
394 77	Kalmar
395 90	Kalmar
395 91	Kalmar
395 92	Rockneby
395 93	Rockneby
395 94	Rockneby
395 95	Rockneby
411 00	Göteborg
411 01	Göteborg
411 02	Göteborg
411 03	Göteborg
411 04	Göteborg
411 05	Göteborg
411 06	Göteborg
411 07	Göteborg
411 08	Göteborg
411 09	Göteborg
411 10	Göteborg
411 11	Göteborg
411 12	Göteborg
411 13	Göteborg
411 14	Göteborg
411 15	Göteborg
411 16	Göteborg
411 17	Göteborg
411 18	Göteborg
411 19	Göteborg
411 20	Göteborg
411 21	Göteborg
411 22	Göteborg
411 23	Göteborg
411 24	Göteborg
411 25	Göteborg
411 26	Göteborg
411 27	Göteborg
411 28	Göteborg
411 29	Göteborg
411 30	Göteborg
411 31	Göteborg
411 32	Göteborg
411 33	Göteborg
411 34	Göteborg
411 35	Göteborg
411 36	Göteborg
411 37	Göteborg
411 38	Göteborg
411 39	Göteborg
411 40	Göteborg
411 41	Göteborg
411 42	Göteborg
411 43	Göteborg
411 81	Göteborg
411 85	Göteborg
411 90	Göteborg
412 00	Göteborg
412 20	Göteborg
412 21	Göteborg
412 22	Göteborg
412 48	Göteborg
412 49	Göteborg
412 50	Göteborg
412 51	Göteborg
412 52	Göteborg
412 53	Göteborg
412 54	Göteborg
412 55	Göteborg
412 56	Göteborg
412 57	Göteborg
412 58	Göteborg
412 59	Göteborg
412 60	Göteborg
412 61	Göteborg
412 62	Göteborg
412 63	Göteborg
412 64	Göteborg
412 65	Göteborg
412 66	Göteborg
412 67	Göteborg
412 68	Göteborg
412 69	Göteborg
412 70	Göteborg
412 71	Göteborg
412 72	Göteborg
412 73	Göteborg
412 74	Göteborg
412 75	Göteborg
412 76	Göteborg
412 77	Göteborg
412 78	Göteborg
412 79	Göteborg
412 80	Göteborg
412 81	Göteborg
412 82	Göteborg
412 83	Göteborg
412 85	Göteborg
412 86	Göteborg
412 87	Göteborg
412 88	Göteborg
412 89	Göteborg
412 90	Göteborg
412 92	Göteborg
412 93	Göteborg
412 94	Göteborg
412 95	Göteborg
412 96	Göteborg
412 97	Göteborg
412 98	Göteborg
412 99	Göteborg
413 00	Göteborg
413 01	Göteborg
413 02	Göteborg
413 03	Göteborg
413 04	Göteborg
413 05	Göteborg
413 06	Göteborg
413 07	Göteborg
413 08	Göteborg
413 09	Göteborg
413 10	Göteborg
413 11	Göteborg
413 12	Göteborg
413 13	Göteborg
413 14	Göteborg
413 15	Göteborg
413 16	Göteborg
413 17	Göteborg
413 18	Göteborg
413 19	Göteborg
413 20	Göteborg
413 21	Göteborg
413 22	Göteborg
413 23	Göteborg
413 24	Göteborg
413 25	Göteborg
413 26	Göteborg
413 27	Göteborg
413 28	Göteborg
413 30	Göteborg
413 45	Göteborg
413 46	Göteborg
413 80	Göteborg
413 82	Göteborg
413 85	Göteborg
413 90	Göteborg
414 00	Göteborg
414 20	Göteborg
414 50	Göteborg
414 51	Göteborg
414 52	Göteborg
414 53	Göteborg
414 54	Göteborg
414 55	Göteborg
414 56	Göteborg
414 57	Göteborg
414 58	Göteborg
414 59	Göteborg
414 60	Göteborg
414 61	Göteborg
414 62	Göteborg
414 63	Göteborg
414 64	Göteborg
414 65	Göteborg
414 66	Göteborg
414 67	Göteborg
414 68	Göteborg
414 69	Göteborg
414 70	Göteborg
414 71	Göteborg
414 72	Göteborg
414 73	Göteborg
414 74	Göteborg
414 75	Göteborg
414 76	Göteborg
414 77	Göteborg
414 78	Göteborg
414 79	Göteborg
414 80	Göteborg
414 81	Göteborg
414 82	Göteborg
414 83	Göteborg
414 84	Göteborg
414 85	Göteborg
415 00	Göteborg
415 01	Göteborg
415 02	Göteborg
415 03	Göteborg
415 04	Göteborg
415 05	Göteborg
415 06	Göteborg
415 07	Göteborg
415 08	Göteborg
415 09	Göteborg
415 10	Göteborg
415 11	Göteborg
415 12	Göteborg
415 13	Göteborg
415 14	Göteborg
415 15	Göteborg
415 16	Göteborg
415 17	Göteborg
415 18	Göteborg
415 19	Göteborg
415 20	Göteborg
415 21	Göteborg
415 22	Göteborg
415 23	Göteborg
415 24	Göteborg
415 25	Göteborg
415 26	Göteborg
415 27	Göteborg
415 28	Göteborg
415 31	Göteborg
415 32	Göteborg
415 33	Göteborg
415 34	Göteborg
415 35	Göteborg
415 36	Göteborg
415 37	Göteborg
415 38	Göteborg
415 41	Göteborg
415 42	Göteborg
415 43	Göteborg
415 44	Göteborg
415 45	Göteborg
415 46	Göteborg
415 47	Göteborg
415 48	Göteborg
415 50	Göteborg
415 51	Göteborg
415 52	Göteborg
415 53	Göteborg
415 54	Göteborg
415 55	Göteborg
415 56	Göteborg
415 57	Göteborg
415 61	Göteborg
415 62	Göteborg
415 63	Göteborg
415 64	Göteborg
415 65	Göteborg
415 66	Göteborg
415 67	Göteborg
415 68	Göteborg
415 71	Göteborg
415 72	Göteborg
415 73	Göteborg
415 74	Göteborg
415 80	Göteborg
415 81	Göteborg
415 82	Göteborg
415 83	Göteborg
415 90	Göteborg
415 99	Göteborg
416 00	Göteborg
416 20	Göteborg
416 47	Göteborg
416 48	Göteborg
416 49	Göteborg
416 50	Göteborg
416 51	Göteborg
416 52	Göteborg
416 53	Göteborg
416 54	Göteborg
416 55	Göteborg
416 56	Göteborg
416 57	Göteborg
416 58	Göteborg
416 59	Göteborg
416 60	Göteborg
416 61	Göteborg
416 62	Göteborg
416 63	Göteborg
416 64	Göteborg
416 65	Göteborg
416 66	Göteborg
416 67	Göteborg
416 68	Göteborg
416 69	Göteborg
416 70	Göteborg
416 71	Göteborg
416 72	Göteborg
416 73	Göteborg
416 74	Göteborg
416 75	Göteborg
416 76	Göteborg
416 77	Göteborg
416 78	Göteborg
416 79	Göteborg
416 80	Göteborg
416 81	Göteborg
416 82	Göteborg
416 85	Göteborg
416 99	Göteborg
417 00	Göteborg
417 01	Göteborg
417 02	Göteborg
417 03	Göteborg
417 04	Göteborg
417 05	Göteborg
417 06	Göteborg
417 07	Göteborg
417 08	Göteborg
417 09	Göteborg
417 10	Göteborg
417 11	Göteborg
417 12	Göteborg
417 13	Göteborg
417 14	Göteborg
417 15	Göteborg
417 16	Göteborg
417 17	Göteborg
417 18	Göteborg
417 19	Göteborg
417 20	Göteborg
417 21	Göteborg
417 22	Göteborg
417 23	Göteborg
417 24	Göteborg
417 25	Göteborg
417 26	Göteborg
417 27	Göteborg
417 28	Göteborg
417 29	Göteborg
417 30	Göteborg
417 39	Göteborg
417 40	Göteborg
417 41	Göteborg
417 42	Göteborg
417 43	Göteborg
417 44	Göteborg
417 45	Göteborg
417 46	Göteborg
417 47	Göteborg
417 48	Göteborg
417 49	Göteborg
417 50	Göteborg
417 52	Göteborg
417 53	Göteborg
417 54	Göteborg
417 55	Göteborg
417 56	Göteborg
417 57	Göteborg
417 58	Göteborg
417 60	Göteborg
417 61	Göteborg
417 62	Göteborg
417 63	Göteborg
417 64	Göteborg
417 65	Göteborg
417 66	Göteborg
417 67	Göteborg
417 68	Göteborg
417 69	Göteborg
417 70	Göteborg
417 79	Göteborg
417 80	Göteborg
417 81	Göteborg
417 85	Göteborg
418 00	Göteborg
418 02	Göteborg
418 03	Göteborg
418 04	Göteborg
418 05	Göteborg
418 11	Göteborg
418 12	Göteborg
418 21	Göteborg
418 22	Göteborg
418 23	Göteborg
418 24	Göteborg
418 30	Göteborg
418 31	Göteborg
418 32	Göteborg
418 33	Göteborg
418 34	Göteborg
418 35	Göteborg
418 36	Göteborg
418 37	Göteborg
418 38	Göteborg
418 39	Göteborg
418 40	Göteborg
418 41	Göteborg
418 42	Göteborg
418 43	Göteborg
418 70	Göteborg
418 71	Göteborg
418 72	Göteborg
418 73	Göteborg
418 74	Göteborg
418 75	Göteborg
418 76	Göteborg
418 77	Göteborg
418 78	Göteborg
418 79	Göteborg
421 20	Västra Frölunda
421 21	Västra Frölunda
421 22	Västra Frölunda
421 23	Västra Frölunda
421 26	Västra Frölunda
421 30	Västra Frölunda
421 31	Västra Frölunda
421 32	Västra Frölunda
421 33	Västra Frölunda
421 34	Västra Frölunda
421 35	Västra Frölunda
421 36	Västra Frölunda
421 37	Västra Frölunda
421 38	Västra Frölunda
421 39	Västra Frölunda
421 40	Västra Frölunda
421 41	Västra Frölunda
421 42	Västra Frölunda
421 43	Västra Frölunda
421 44	Västra Frölunda
421 45	Västra Frölunda
421 46	Västra Frölunda
421 47	Västra Frölunda
421 48	Västra Frölunda
421 49	Västra Frölunda
421 50	Västra Frölunda
421 51	Västra Frölunda
421 52	Västra Frölunda
421 53	Västra Frölunda
421 54	Västra Frölunda
421 57	Västra Frölunda
421 58	Västra Frölunda
421 59	Västra Frölunda
421 60	Västra Frölunda
421 61	Västra Frölunda
421 62	Västra Frölunda
421 63	Västra Frölunda
421 64	Västra Frölunda
421 65	Västra Frölunda
421 66	Västra Frölunda
421 67	Västra Frölunda
421 70	Västra Frölunda
421 71	Västra Frölunda
421 72	Västra Frölunda
421 73	Västra Frölunda
421 74	Västra Frölunda
422 20	Hisings Backa
422 41	Hisings Backa
422 42	Hisings Backa
422 43	Hisings Backa
422 44	Hisings Backa
422 45	Hisings Backa
422 46	Hisings Backa
422 47	Hisings Backa
422 48	Hisings Backa
422 49	Hisings Backa
422 50	Hisings Backa
422 51	Hisings Backa
422 52	Hisings Backa
422 53	Hisings Backa
422 54	Hisings Backa
422 55	Hisings Backa
422 56	Hisings Backa
422 57	Hisings Backa
422 58	Hisings Backa
422 59	Hisings Backa
422 62	Hisings Backa
423 20	Torslanda
423 21	Torslanda
423 22	Torslanda
423 23	Torslanda
423 32	Torslanda
423 33	Torslanda
423 34	Torslanda
423 35	Torslanda
423 36	Torslanda
423 37	Torslanda
423 38	Torslanda
423 39	Torslanda
423 40	Torslanda
423 41	Torslanda
423 42	Torslanda
423 43	Torslanda
423 44	Torslanda
423 46	Torslanda
423 47	Torslanda
423 48	Torslanda
423 49	Torslanda
423 50	Torslanda
423 51	Torslanda
423 52	Torslanda
423 53	Torslanda
423 54	Torslanda
423 55	Torslanda
423 56	Torslanda
423 59	Torslanda
423 61	Torslanda
423 63	Torslanda
423 70	Säve
423 71	Säve
423 72	Säve
423 73	Säve
424 20	Angered
424 21	Angered
424 22	Angered
424 23	Angered
424 24	Angered
424 31	Angered
424 32	Angered
424 33	Angered
424 34	Angered
424 35	Angered
424 36	Angered
424 37	Angered
424 38	Agnesberg
424 39	Angered
424 40	Angered
424 41	Angered
424 42	Angered
424 43	Angered
424 44	Angered
424 45	Angered
424 46	Angered
424 47	Angered
424 48	Angered
424 49	Angered
424 50	Angered
424 53	Angered
424 54	Angered
424 55	Angered
424 56	Gunnilse
424 57	Gunnilse
424 61	Angered
424 65	Angered
424 66	Angered
424 67	Angered
424 68	Angered
424 69	Angered
424 70	Olofstorp
424 71	Olofstorp
424 72	Olofstorp
424 90	Olofstorp
424 91	Olofstorp
426 20	Västra Frölunda
426 50	Västra Frölunda
426 51	Västra Frölunda
426 52	Västra Frölunda
426 53	Västra Frölunda
426 54	Västra Frölunda
426 55	Västra Frölunda
426 56	Västra Frölunda
426 57	Västra Frölunda
426 58	Västra Frölunda
426 59	Västra Frölunda
426 68	Västra Frölunda
426 69	Västra Frölunda
426 70	Västra Frölunda
426 71	Västra Frölunda
426 72	Västra Frölunda
426 73	Västra Frölunda
426 74	Västra Frölunda
426 76	Västra Frölunda
426 77	Västra Frölunda
426 79	Västra Frölunda
427 20	Billdal
427 21	Billdal
427 22	Billdal
427 23	Billdal
427 24	Billdal
427 34	Billdal
427 35	Billdal
427 36	Billdal
427 37	Billdal
427 38	Billdal
427 39	Billdal
427 40	Billdal
427 41	Billdal
427 42	Billdal
427 50	Billdal
427 51	Billdal
428 20	Kållered
428 21	Kållered
428 22	Kållered
428 30	Kållered
428 31	Kållered
428 32	Kållered
428 33	Kållered
428 34	Kållered
428 35	Kållered
428 36	Kållered
428 37	Kållered
429 20	Kullavik
429 21	Kullavik
429 22	Kullavik
429 23	Kullavik
429 30	Kullavik
429 31	Kullavik
429 32	Kullavik
429 33	Kullavik
429 34	Kullavik
429 35	Kullavik
429 41	Särö
429 42	Särö
429 43	Särö
429 44	Särö
430 20	Veddige
430 22	Väröbacka
430 24	Väröbacka
430 25	Väröbacka
430 30	Frillesås
430 31	Åsa
430 33	Fjärås
430 63	Hindås
430 64	Hällingsjö
430 65	Rävlanda
430 90	Öckerö
430 92	Fotö
430 93	Hälsö
430 94	Bohus-Björkö
430 95	Källö-Knippla
430 96	Hyppeln
430 97	Rörö
431 20	Mölndal
431 21	Mölndal
431 22	Mölndal
431 23	Mölndal
431 24	Mölndal
431 25	Mölndal
431 26	Mölndal
431 30	Mölndal
431 31	Mölndal
431 32	Mölndal
431 33	Mölndal
431 34	Mölndal
431 35	Mölndal
431 36	Mölndal
431 37	Mölndal
431 38	Mölndal
431 39	Mölndal
431 40	Mölndal
431 41	Mölndal
431 42	Mölndal
431 43	Mölndal
431 44	Mölndal
431 45	Mölndal
431 46	Mölndal
431 47	Mölndal
431 48	Mölndal
431 49	Mölndal
431 50	Mölndal
431 51	Mölndal
431 53	Mölndal
431 59	Mölndal
431 60	Mölndal
431 61	Mölndal
431 62	Mölndal
431 63	Mölndal
431 64	Mölndal
431 66	Mölndal
431 67	Mölndal
431 68	Mölndal
431 69	Mölndal
431 90	Mölndal
432 21	Varberg
432 22	Varberg
432 23	Varberg
432 24	Varberg
432 25	Varberg
432 30	Varberg
432 31	Varberg
432 32	Varberg
432 33	Varberg
432 34	Varberg
432 35	Varberg
432 36	Varberg
432 37	Varberg
432 38	Varberg
432 39	Varberg
432 40	Varberg
432 41	Varberg
432 42	Varberg
432 43	Varberg
432 44	Varberg
432 45	Varberg
432 46	Varberg
432 47	Varberg
432 48	Varberg
432 50	Varberg
432 51	Varberg
432 52	Varberg
432 53	Varberg
432 54	Varberg
432 55	Varberg
432 56	Varberg
432 57	Varberg
432 63	Bua
432 64	Bua
432 65	Väröbacka
432 67	Veddige
432 74	Träslövsläge
432 75	Träslövsläge
432 76	Tvååker
432 77	Tvååker
432 78	Tvååker
432 79	Tvååker
432 91	Varberg
432 92	Varberg
432 93	Varberg
432 94	Varberg
432 95	Varberg
432 97	Rolfstorp
432 99	Skällinge
433 20	Partille
433 21	Partille
433 22	Partille
433 23	Partille
433 24	Partille
433 25	Partille
433 26	Partille
433 28	Partille
433 30	Partille
433 31	Partille
433 32	Partille
433 33	Partille
433 34	Partille
433 35	Partille
433 36	Partille
433 37	Partille
433 38	Partille
433 39	Partille
433 41	Partille
433 42	Partille
433 43	Partille
433 44	Partille
433 45	Partille
433 46	Partille
433 47	Partille
433 48	Partille
433 49	Partille
433 50	Öjersjö
433 51	Öjersjö
433 52	Öjersjö
433 53	Öjersjö
433 60	Sävedalen
433 61	Sävedalen
433 62	Sävedalen
433 63	Sävedalen
433 64	Sävedalen
433 65	Sävedalen
433 66	Sävedalen
433 67	Sävedalen
433 68	Sävedalen
433 69	Sävedalen
433 70	Sävedalen
433 75	Jonsered
433 76	Jonsered
434 20	Kungsbacka
434 21	Kungsbacka
434 22	Kungsbacka
434 23	Kungsbacka
434 24	Kungsbacka
434 30	Kungsbacka
434 31	Kungsbacka
434 32	Kungsbacka
434 33	Kungsbacka
434 34	Kungsbacka
434 35	Kungsbacka
434 36	Kungsbacka
434 37	Kungsbacka
434 38	Kungsbacka
434 39	Kungsbacka
434 40	Kungsbacka
434 41	Kungsbacka
434 42	Kungsbacka
434 43	Kungsbacka
434 44	Kungsbacka
434 45	Kungsbacka
434 46	Kungsbacka
434 47	Kungsbacka
434 48	Kungsbacka
434 50	Kungsbacka
434 51	Kungsbacka
434 52	Kungsbacka
434 60	Kungsbacka
434 79	Vallda
434 90	Vallda
434 91	Kungsbacka
434 92	Vallda
434 93	Vallda
434 94	Vallda
434 95	Kungsbacka
434 96	Kungsbacka
434 97	Kungsbacka
434 98	Kungsbacka
434 99	Kungsbacka
435 20	Mölnlycke
435 21	Mölnlycke
435 22	Mölnlycke
435 23	Mölnlycke
435 24	Mölnlycke
435 25	Mölnlycke
435 30	Mölnlycke
435 31	Mölnlycke
435 32	Mölnlycke
435 33	Mölnlycke
435 35	Mölnlycke
435 37	Mölnlycke
435 38	Mölnlycke
435 39	Mölnlycke
435 40	Mölnlycke
435 41	Mölnlycke
435 42	Mölnlycke
435 43	Pixbo
435 44	Mölnlycke
436 20	Askim
436 21	Askim
436 22	Askim
436 23	Askim
436 26	Askim
436 32	Askim
436 33	Askim
436 34	Askim
436 35	Askim
436 36	Askim
436 37	Askim
436 38	Askim
436 39	Askim
436 40	Askim
436 42	Askim
436 43	Askim
436 44	Askim
436 45	Askim
436 50	Hovås
436 51	Hovås
436 52	Hovås
436 53	Hovås
436 54	Hovås
436 55	Hovås
436 56	Hovås
436 57	Hovås
436 58	Hovås
437 20	Lindome
437 21	Lindome
437 22	Lindome
437 30	Lindome
437 31	Lindome
437 32	Lindome
437 33	Lindome
437 34	Lindome
437 35	Lindome
437 36	Lindome
437 38	Lindome
437 40	Lindome
437 41	Lindome
437 42	Lindome
437 91	Lindome
437 92	Lindome
437 93	Lindome
438 20	Landvetter
438 21	Landvetter
438 22	Landvetter
438 23	Landvetter
438 24	Landvetter
438 32	Landvetter
438 33	Landvetter
438 34	Landvetter
438 35	Landvetter
438 36	Landvetter
438 38	Landvetter
438 39	Landvetter
438 51	Rävlanda
438 52	Rävlanda
438 53	Hindås
438 54	Hindås
438 70	Härryda
438 91	Landvetter
438 92	Härryda
438 93	Landvetter
438 94	Härryda
438 95	Hällingsjö
438 96	Hällingsjö
438 97	Rävlanda
438 98	Hindås
439 20	Onsala
439 21	Onsala
439 22	Onsala
439 23	Onsala
439 24	Onsala
439 25	Onsala
439 26	Onsala
439 30	Onsala
439 31	Onsala
439 32	Onsala
439 33	Onsala
439 34	Onsala
439 35	Onsala
439 36	Onsala
439 37	Onsala
439 51	Åsa
439 52	Åsa
439 53	Åsa
439 54	Åsa
439 55	Åsa
439 61	Frillesås
439 62	Frillesås
439 63	Frillesås
439 64	Frillesås
439 71	Fjärås
439 72	Fjärås
439 73	Fjärås
439 74	Fjärås
439 75	Fjärås
439 91	Onsala
439 92	Onsala
439 93	Onsala
439 94	Onsala
440 30	Marstrand
441 20	Alingsås
441 21	Alingsås
441 22	Alingsås
441 23	Alingsås
441 24	Alingsås
441 25	Alingsås
441 26	Alingsås
441 27	Alingsås
441 28	Alingsås
441 29	Alingsås
441 30	Alingsås
441 31	Alingsås
441 32	Alingsås
441 33	Alingsås
441 34	Alingsås
441 35	Alingsås
441 36	Alingsås
441 37	Alingsås
441 38	Alingsås
441 39	Alingsås
441 40	Alingsås
441 41	Alingsås
441 42	Alingsås
441 43	Alingsås
441 44	Alingsås
441 45	Alingsås
441 46	Alingsås
441 50	Alingsås
441 51	Alingsås
441 55	Alingsås
441 56	Alingsås
441 57	Alingsås
441 58	Alingsås
441 60	Alingsås
441 63	Alingsås
441 65	Alingsås
441 70	Sollebrunn
441 71	Sollebrunn
441 72	Sollebrunn
441 73	Sollebrunn
441 74	Sollebrunn
441 75	Sollebrunn
441 91	Alingsås
441 92	Alingsås
441 93	Alingsås
441 94	Alingsås
441 95	Alingsås
441 96	Alingsås
442 20	Kungälv
442 30	Kungälv
442 31	Kungälv
442 32	Kungälv
442 33	Kungälv
442 34	Kungälv
442 35	Kungälv
442 36	Kungälv
442 37	Kungälv
442 38	Kungälv
442 39	Kungälv
442 40	Kungälv
442 41	Kungälv
442 42	Kungälv
442 43	Kungälv
442 44	Kungälv
442 45	Kungälv
442 46	Kareby
442 47	Kungälv
442 48	Kungälv
442 49	Kungälv
442 50	Ytterby
442 51	Ytterby
442 52	Ytterby
442 53	Ytterby
442 54	Ytterby
442 55	Ytterby
442 60	Kode
442 65	Marstrand
442 66	Marstrand
442 67	Marstrand
442 70	Kärna
442 71	Kärna
442 72	Kärna
442 73	Kärna
442 74	Harestad
442 75	Lycke
442 77	Romelanda
442 90	Kungälv
442 91	Romelanda
442 92	Romelanda
442 93	Kareby
442 94	Ytterby
442 95	Hålta
442 96	Kode
442 97	Kode
442 98	Kode
443 20	Lerum
443 21	Lerum
443 22	Lerum
443 23	Lerum
443 24	Lerum
443 25	Lerum
443 30	Lerum
443 31	Lerum
443 32	Lerum
443 33	Lerum
443 34	Lerum
443 35	Lerum
443 36	Lerum
443 38	Lerum
443 39	Lerum
443 40	Gråbo
443 41	Gråbo
443 42	Gråbo
443 43	Gråbo
443 44	Gråbo
443 45	Sjövik
443 50	Lerum
443 51	Lerum
443 60	Stenkullen
443 61	Stenkullen
443 70	Gråbo
443 71	Gråbo
443 72	Gråbo
443 73	Gråbo
443 74	Sjövik
443 91	Lerum
443 92	Lerum
443 95	Stenkullen
443 96	Stenkullen
444 20	Stenungsund
444 21	Stenungsund
444 22	Stenungsund
444 23	Stenungsund
444 24	Stenungsund
444 26	Stenungsund
444 28	Stenungsund
444 30	Stenungsund
444 31	Stenungsund
444 32	Stenungsund
444 40	Stenungsund
444 41	Stenungsund
444 42	Stenungsund
444 43	Stenungsund
444 44	Stenungsund
444 45	Stenungsund
444 46	Stenungsund
444 47	Stenungsund
444 48	Stenungsund
444 52	Stenungsund
444 53	Stenungsund
444 54	Stenungsund
444 55	Stenungsund
444 60	Stora Höga
444 61	Stora Höga
444 65	Jörlanda
444 91	Stenungsund
444 92	Jörlanda
444 93	Spekeröd
444 94	Ucklum
444 95	Ödsmål
444 96	Ödsmål
444 97	Svenshögen
445 21	Bohus
445 22	Bohus
445 23	Bohus
445 32	Bohus
445 33	Bohus
445 34	Bohus
445 36	Bohus
445 37	Bohus
445 52	Surte
445 55	Surte
445 56	Surte
445 57	Surte
446 20	Älvängen
446 21	Älvängen
446 22	Älvängen
446 23	Älvängen
446 32	Älvängen
446 33	Älvängen
446 34	Älvängen
446 35	Älvängen
446 36	Älvängen
446 37	Älvängen
446 38	Älvängen
446 40	Skepplanda
446 41	Skepplanda
446 91	Alvhem
446 92	Skepplanda
446 93	Skepplanda
446 94	Skepplanda
446 95	Älvängen
446 96	Hålanda
446 97	Älvängen
447 20	Vårgårda
447 21	Vårgårda
447 22	Vårgårda
447 23	Vårgårda
447 24	Vårgårda
447 30	Vårgårda
447 31	Vårgårda
447 32	Vårgårda
447 33	Vårgårda
447 34	Vårgårda
447 35	Vårgårda
447 37	Vårgårda
447 91	Vårgårda
447 92	Vårgårda
447 93	Vårgårda
447 94	Vårgårda
447 95	Vårgårda
448 20	Floda
448 21	Floda
448 22	Floda
448 23	Floda
448 24	Floda
448 30	Floda
448 31	Floda
448 32	Floda
448 33	Floda
448 34	Floda
448 35	Floda
448 36	Floda
448 37	Floda
448 50	Tollered
448 51	Tollered
448 91	Floda
448 92	Floda
448 95	Tollered
448 96	Tollered
449 20	Nödinge
449 21	Nödinge
449 22	Nödinge
449 30	Nödinge
449 31	Nödinge
449 32	Nödinge
449 33	Nödinge
449 34	Nödinge
449 35	Nödinge
449 36	Nödinge
449 40	Nol
449 41	Nol
449 42	Nol
449 43	Nol
449 44	Nol
449 50	Alafors
449 51	Alafors
449 70	Nödinge
449 90	Nol
450 33	Grundsund
450 34	Fiskebäckskil
450 43	Smögen
450 45	Bohus-Malmön
450 46	Hunnebostrand
450 47	Bovallstrand
450 52	Dingle
450 53	Hällevadsholm
450 54	Hedekas
450 63	Högsäter
450 70	Hamburgsund
450 71	Fjällbacka
450 73	Rabbalshede
451 20	Uddevalla
451 21	Uddevalla
451 22	Uddevalla
451 23	Uddevalla
451 24	Uddevalla
451 25	Uddevalla
451 26	Uddevalla
451 27	Uddevalla
451 30	Uddevalla
451 31	Uddevalla
451 32	Uddevalla
451 33	Uddevalla
451 34	Uddevalla
451 40	Uddevalla
451 41	Uddevalla
451 42	Uddevalla
451 43	Uddevalla
451 44	Uddevalla
451 45	Uddevalla
451 50	Uddevalla
451 51	Uddevalla
451 52	Uddevalla
451 53	Uddevalla
451 54	Uddevalla
451 55	Uddevalla
451 60	Uddevalla
451 61	Uddevalla
451 62	Uddevalla
451 63	Uddevalla
451 70	Uddevalla
451 71	Uddevalla
451 72	Uddevalla
451 73	Uddevalla
451 75	Uddevalla
451 76	Uddevalla
451 77	Uddevalla
451 78	Fiskebäckskil
451 79	Grundsund
451 90	Uddevalla
451 91	Uddevalla
451 92	Uddevalla
451 93	Uddevalla
451 94	Uddevalla
451 95	Uddevalla
451 96	Uddevalla
451 97	Uddevalla
451 98	Uddevalla
452 20	Strömstad
452 21	Strömstad
452 22	Strömstad
452 23	Strömstad
452 24	Strömstad
452 30	Strömstad
452 31	Strömstad
452 32	Strömstad
452 33	Strömstad
452 34	Strömstad
452 35	Strömstad
452 36	Strömstad
452 37	Strömstad
452 38	Strömstad
452 40	Strömstad
452 50	Strömstad
452 51	Strömstad
452 52	Strömstad
452 60	Skee
452 70	Strömstad
452 71	Strömstad
452 90	Strömstad
452 91	Strömstad
452 92	Strömstad
452 93	Strömstad
452 94	Strömstad
452 95	Strömstad
452 96	Strömstad
452 97	Strömstad
453 20	Lysekil
453 21	Lysekil
453 22	Lysekil
453 23	Lysekil
453 24	Lysekil
453 25	Lysekil
453 29	Lysekil
453 30	Lysekil
453 31	Lysekil
453 32	Lysekil
453 33	Lysekil
453 34	Lysekil
453 35	Lysekil
453 36	Lysekil
453 37	Lysekil
453 38	Lysekil
453 40	Lysekil
453 41	Lysekil
453 50	Lysekil
453 91	Lysekil
453 92	Lysekil
453 93	Lysekil
454 20	Brastad
454 21	Brastad
454 30	Brastad
454 31	Brastad
454 32	Brastad
454 91	Brastad
454 92	Brastad
454 93	Brastad
454 94	Brastad
454 95	Brastad
455 20	Munkedal
455 21	Munkedal
455 22	Munkedal
455 30	Munkedal
455 31	Munkedal
455 32	Munkedal
455 33	Munkedal
455 34	Munkedal
455 35	Munkedal
455 41	Hedekas
455 61	Dingle
455 91	Munkedal
455 92	Munkedal
455 93	Munkedal
455 95	Hedekas
455 96	Hedekas
455 97	Dingle
455 98	Dingle
456 20	Kungshamn
456 21	Kungshamn
456 22	Kungshamn
456 23	Kungshamn
456 24	Kungshamn
456 25	Smögen
456 26	Hunnebostrand
456 31	Kungshamn
456 32	Kungshamn
456 33	Kungshamn
456 34	Kungshamn
456 42	Kungshamn
456 43	Kungshamn
456 44	Kungshamn
456 47	Bovallstrand
456 50	Smögen
456 51	Smögen
456 55	Bohus-Malmön
456 60	Hunnebostrand
456 61	Hunnebostrand
456 62	Hunnebostrand
456 91	Kungshamn
456 92	Hunnebostrand
456 93	Hunnebostrand
456 94	Hunnebostrand
457 20	Tanumshede
457 21	Tanumshede
457 22	Tanumshede
457 23	Tanumshede
457 25	Tanumshede
457 27	Fjällbacka
457 30	Tanumshede
457 31	Tanumshede
457 32	Tanumshede
457 40	Fjällbacka
457 41	Fjällbacka
457 42	Fjällbacka
457 43	Fjällbacka
457 45	Hamburgsund
457 46	Hamburgsund
457 48	Hamburgsund
457 55	Rabbalshede
457 56	Rabbalshede
457 60	Hällevadsholm
457 61	Hällevadsholm
457 72	Grebbestad
457 73	Havstenssund
457 91	Tanumshede
457 93	Tanumshede
457 95	Grebbestad
457 96	Lur
457 97	Resö
458 20	Färgelanda
458 21	Färgelanda
458 22	Färgelanda
458 30	Färgelanda
458 31	Färgelanda
458 32	Färgelanda
458 40	Ödeborg
458 70	Högsäter
458 91	Färgelanda
458 92	Färgelanda
458 93	Färgelanda
458 94	Stigen
458 96	Högsäter
458 97	Högsäter
459 20	Ljungskile
459 21	Ljungskile
459 22	Ljungskile
459 23	Ljungskile
459 30	Ljungskile
459 31	Ljungskile
459 32	Ljungskile
459 33	Ljungskile
459 91	Ljungskile
459 93	Ljungskile
459 94	Ljungskile
460 20	Sjuntorp
460 21	Upphärad
460 64	Frändefors
460 65	Brålanda
461 20	Trollhättan
461 21	Trollhättan
461 22	Trollhättan
461 23	Trollhättan
461 24	Trollhättan
461 25	Trollhättan
461 26	Trollhättan
461 27	Trollhättan
461 29	Trollhättan
461 30	Trollhättan
461 31	Trollhättan
461 32	Trollhättan
461 33	Trollhättan
461 34	Trollhättan
461 35	Trollhättan
461 37	Trollhättan
461 38	Trollhättan
461 39	Trollhättan
461 40	Trollhättan
461 41	Trollhättan
461 42	Trollhättan
461 43	Trollhättan
461 44	Trollhättan
461 50	Trollhättan
461 51	Trollhättan
461 52	Trollhättan
461 53	Trollhättan
461 54	Trollhättan
461 55	Trollhättan
461 57	Trollhättan
461 58	Trollhättan
461 59	Trollhättan
461 60	Trollhättan
461 61	Trollhättan
461 62	Trollhättan
461 63	Trollhättan
461 64	Trollhättan
461 65	Trollhättan
461 66	Trollhättan
461 67	Trollhättan
461 68	Trollhättan
461 70	Trollhättan
461 71	Trollhättan
461 73	Trollhättan
461 77	Sjuntorp
461 78	Sjuntorp
461 79	Upphärad
461 91	Trollhättan
461 92	Trollhättan
461 93	Västra Tunhem
461 95	Trollhättan
461 96	Sjuntorp
461 97	Sjuntorp
461 98	Trollhättan
461 99	Upphärad
462 20	Vänersborg
462 21	Vänersborg
462 22	Vänersborg
462 23	Vänersborg
462 24	Vänersborg
462 28	Vänersborg
462 29	Vänersborg
462 30	Vänersborg
462 31	Vänersborg
462 32	Vänersborg
462 33	Vänersborg
462 34	Vänersborg
462 35	Vänersborg
462 36	Vänersborg
462 37	Vänersborg
462 38	Vänersborg
462 40	Vänersborg
462 41	Vänersborg
462 42	Vänersborg
462 50	Vänersborg
462 51	Vänersborg
462 52	Vänersborg
462 53	Vänersborg
462 54	Vänersborg
462 55	Vänersborg
462 56	Vänersborg
462 60	Vänersborg
462 61	Vänersborg
462 69	Frändefors
462 73	Vänersborg
462 91	Vänersborg
462 93	Vänersborg
462 94	Frändefors
462 95	Frändefors
462 96	Frändefors
462 97	Frändefors
463 20	Lilla Edet
463 21	Lilla Edet
463 22	Lilla Edet
463 23	Lilla Edet
463 24	Lilla Edet
463 25	Lilla Edet
463 30	Lilla Edet
463 31	Lilla Edet
463 32	Lilla Edet
463 33	Lilla Edet
463 34	Lilla Edet
463 35	Göta
463 71	Lödöse
463 72	Lödöse
463 75	Hjärtum
463 91	Lilla Edet
463 92	Lilla Edet
463 93	Västerlanda
463 94	Lilla Edet
463 95	Lödöse
463 96	Nygård
464 20	Mellerud
464 21	Mellerud
464 22	Mellerud
464 23	Mellerud
464 30	Mellerud
464 31	Mellerud
464 32	Mellerud
464 33	Mellerud
464 34	Mellerud
464 40	Åsensbruk
464 50	Dals Rostock
464 61	Brålanda
464 62	Brålanda
464 63	Brålanda
464 64	Brålanda
464 65	Brålanda
464 66	Mellerud
464 71	Köpmannebro
464 72	Håverud
464 91	Dals Rostock
464 92	Mellerud
464 93	Mellerud
464 94	Mellerud
464 95	Dalskog
465 20	Nossebro
465 21	Nossebro
465 30	Nossebro
465 31	Nossebro
465 91	Nossebro
465 93	Nossebro
465 94	Nossebro
465 95	Nossebro
465 96	Nossebro
465 97	Nossebro
465 98	Nossebro
466 20	Sollebrunn
466 21	Sollebrunn
466 22	Sollebrunn
466 30	Sollebrunn
466 31	Sollebrunn
466 32	Sollebrunn
466 33	Sollebrunn
466 91	Sollebrunn
466 92	Sollebrunn
466 93	Sollebrunn
466 94	Sollebrunn
466 95	Sollebrunn
467 20	Grästorp
467 21	Grästorp
467 22	Grästorp
467 23	Grästorp
467 30	Grästorp
467 31	Grästorp
467 32	Grästorp
467 35	Grästorp
467 40	Grästorp
467 91	Grästorp
467 92	Grästorp
467 93	Grästorp
467 94	Grästorp
467 95	Grästorp
467 96	Grästorp
468 21	Vargön
468 22	Vargön
468 30	Vargön
468 31	Vargön
468 32	Vargön
468 33	Vargön
468 34	Vargön
468 90	Vargön
471 20	Skärhamn
471 21	Skärhamn
471 22	Skärhamn
471 30	Skärhamn
471 31	Skärhamn
471 32	Skärhamn
471 33	Skärhamn
471 41	Rönnäng
471 42	Rönnäng
471 43	Dyrön
471 44	Åstol
471 50	Bleket
471 51	Klädesholmen
471 60	Myggenäs
471 61	Myggenäs
471 62	Höviksnäs
471 70	Höviksnäs
471 71	Hakenäset
471 72	Hjälteby
471 73	Hjälteby
471 74	Hjälteby
471 75	Hjälteby
471 90	Kyrkesund
471 91	Klövedal
471 92	Klövedal
471 93	Kållekärr
471 94	Kållekärr
471 95	Skärhamn
471 96	Bleket
471 97	Rönnäng
472 20	Svanesund
472 21	Svanesund
472 22	Svanesund
472 23	Svanesund
472 31	Svanesund
472 32	Svanesund
472 93	Svanesund
472 94	Svanesund
472 95	Varekil
472 96	Varekil
472 97	Varekil
473 20	Henån
473 21	Henån
473 22	Henån
473 23	Henån
473 31	Henån
473 32	Henån
473 33	Henån
473 34	Henån
473 91	Henån
473 92	Henån
473 93	Henån
473 94	Henån
473 95	Henån
473 96	Henån
473 97	Henån
473 98	Henån
473 99	Henån
474 20	Ellös
474 21	Ellös
474 22	Ellös
474 23	Ellös
474 31	Ellös
474 32	Ellös
474 70	Mollösund
474 71	Gullholmen
474 91	Ellös
474 92	Ellös
474 93	Ellös
474 94	Hälleviksstrand
474 95	Hälleviksstrand
474 96	Nösund
475 20	Öckerö
475 22	Öckerö
475 31	Öckerö
475 32	Öckerö
475 37	Bohus-Björkö
475 45	Fotö
475 50	Hälsö
475 51	Källö-Knippla
475 52	Hyppeln
475 53	Rörö
503 00	Borås
503 05	Borås
503 06	Borås
503 07	Borås
503 08	Borås
503 09	Borås
503 10	Borås
503 11	Borås
503 12	Borås
503 13	Borås
503 14	Borås
503 15	Borås
503 16	Borås
503 17	Borås
503 18	Borås
503 19	Borås
503 30	Borås
503 31	Borås
503 32	Borås
503 33	Borås
503 34	Borås
503 35	Borås
503 36	Borås
503 37	Borås
503 38	Borås
503 42	Borås
503 43	Borås
504 00	Borås
504 02	Borås
504 03	Borås
504 04	Borås
504 05	Borås
504 07	Borås
504 08	Borås
504 09	Borås
504 10	Borås
504 11	Borås
504 12	Borås
504 16	Borås
504 17	Borås
504 18	Borås
504 19	Borås
504 20	Borås
504 30	Borås
504 31	Borås
504 32	Borås
504 33	Borås
504 34	Borås
504 35	Borås
504 37	Borås
504 38	Borås
504 39	Borås
504 41	Borås
504 42	Borås
504 43	Borås
504 44	Borås
504 45	Borås
504 46	Borås
504 47	Borås
504 50	Borås
504 51	Borås
504 52	Borås
504 53	Borås
504 54	Borås
504 55	Borås
504 56	Borås
504 57	Borås
504 58	Borås
504 60	Borås
504 61	Borås
504 62	Borås
504 63	Borås
504 64	Borås
504 65	Borås
504 66	Borås
504 67	Borås
504 68	Borås
504 70	Borås
504 71	Borås
504 72	Borås
504 75	Borås
504 78	Sandhult
504 80	Borås
504 81	Borås
504 82	Borås
504 83	Borås
504 90	Borås
504 91	Sandhult
504 92	Hedared
504 93	Borås
504 94	Borås
504 95	Borås
504 96	Bredared
504 97	Bredared
506 00	Borås
506 02	Borås
506 03	Borås
506 30	Borås
506 31	Borås
506 32	Borås
506 34	Borås
506 35	Borås
506 36	Borås
506 37	Borås
506 38	Borås
506 39	Borås
506 40	Borås
506 41	Borås
506 42	Borås
506 43	Borås
506 44	Borås
506 46	Borås
506 47	Borås
506 48	Borås
506 49	Borås
506 70	Frufällan
507 00	Borås
507 10	Borås
507 11	Borås
507 20	Brämhult
507 30	Brämhult
507 31	Brämhult
507 32	Brämhult
507 33	Brämhult
507 34	Brämhult
507 40	Borås
507 41	Borås
507 42	Borås
507 43	Borås
507 44	Borås
507 45	Borås
507 50	Borås
507 51	Borås
507 52	Borås
507 53	Borås
507 60	Borås
507 61	Borås
507 62	Borås
507 63	Borås
507 64	Borås
507 65	Borås
507 70	Gånghester
507 71	Gånghester
507 90	Brämhult
510 21	Sätila
510 22	Hyssna
511 20	Kinna
511 21	Kinna
511 22	Kinna
511 23	Kinna
511 24	Kinna
511 31	Örby
511 41	Kinna
511 42	Kinnahult
511 53	Kinna
511 54	Kinna
511 55	Kinna
511 56	Kinna
511 57	Kinna
511 58	Kinna
511 59	Kinna
511 61	Skene
511 62	Skene
511 63	Skene
511 64	Skene
511 68	Hyssna
511 69	Sätila
511 70	Rydal
511 71	Fritsla
511 72	Fritsla
511 73	Fritsla
511 74	Skephult
511 91	Skene
511 92	Örby
511 93	Torestorp
511 94	Älekulla
511 95	Öxabäck
511 96	Berghem
511 97	Hajom
511 98	Hyssna
512 20	Svenljunga
512 21	Svenljunga
512 22	Svenljunga
512 23	Svenljunga
512 24	Svenljunga
512 50	Svenljunga
512 51	Svenljunga
512 52	Svenljunga
512 53	Svenljunga
512 54	Svenljunga
512 60	Överlida
512 62	Mårdaklev
512 63	Östra Frölunda
512 64	Holsljunga
512 65	Mjöbäck
512 76	Hillared
512 77	Sexdrega
512 90	Hillared
512 91	Sexdrega
512 92	Svenljunga
512 93	Svenljunga
512 94	Svenljunga
512 95	Håcksvik
513 20	Fristad
513 21	Fristad
513 32	Fristad
513 33	Fristad
513 34	Fristad
513 35	Fristad
513 50	Sparsör
513 70	Borgstena
513 91	Fristad
513 92	Fristad
513 93	Fristad
513 94	Sparsör
513 95	Fristad
513 96	Fristad
513 97	Borgstena
514 20	Tranemo
514 21	Tranemo
514 22	Tranemo
514 23	Tranemo
514 24	Tranemo
514 31	Tranemo
514 32	Tranemo
514 33	Tranemo
514 34	Tranemo
514 35	Tranemo
514 40	Limmared
514 41	Limmared
514 42	Limmared
514 43	Länghem
514 44	Länghem
514 50	Limmared
514 52	Länghem
514 53	Månstad
514 54	Nittorp
514 55	Ljungsarp
514 60	Dalstorp
514 61	Dalstorp
514 62	Ölsremma
514 63	Dalstorp
514 70	Grimsås
514 91	Tranemo
514 92	Uddebo
514 93	Ambjörnarp
514 94	Sjötofta
514 95	Grimsås
515 00	Borås
515 20	Viskafors
515 21	Viskafors
515 22	Viskafors
515 32	Viskafors
515 33	Viskafors
515 34	Viskafors
515 35	Viskafors
515 60	Svaneholm
515 61	Svaneholm
515 70	Rydboholm
515 91	Viskafors
515 92	Kinnarumma
516 20	Dalsjöfors
516 21	Dalsjöfors
516 22	Dalsjöfors
516 30	Dalsjöfors
516 31	Dalsjöfors
516 32	Dalsjöfors
516 33	Dalsjöfors
516 34	Dalsjöfors
516 50	Aplared
516 77	Målsryd
516 90	Dalsjöfors
516 91	Dalsjöfors
516 92	Äspered
516 93	Rångedala
516 94	Dannike
516 95	Målsryd
516 96	Aplared
517 20	Bollebygd
517 21	Bollebygd
517 22	Bollebygd
517 23	Bollebygd
517 33	Bollebygd
517 34	Bollebygd
517 35	Bollebygd
517 36	Bollebygd
517 37	Bollebygd
517 70	Töllsjö
517 71	Olsfors
517 91	Bollebygd
517 92	Bollebygd
517 93	Töllsjö
517 94	Töllsjö
517 95	Olsfors
517 96	Hultafors
518 20	Sandared
518 21	Sandared
518 22	Sandared
518 30	Sandared
518 31	Sandared
518 32	Sandared
518 33	Sandared
518 40	Sjömarken
518 41	Sjömarken
518 42	Sjömarken
518 43	Sjömarken
518 90	Sandared
518 91	Sjömarken
519 20	Horred
519 21	Horred
519 30	Horred
519 31	Horred
519 90	Horred
519 92	Kungsäter
519 93	Kungsäter
519 94	Björketorp
519 95	Tostared
519 96	Fotskäl
519 97	Öxnevalla
520 24	Blidsberg
520 25	Dalum
520 26	Trädet
520 40	Floby
520 43	Åsarp
520 50	Stenstorp
521 20	Falköping
521 21	Falköping
521 22	Falköping
521 23	Falköping
521 24	Falköping
521 29	Falköping
521 30	Falköping
521 31	Falköping
521 32	Falköping
521 33	Falköping
521 34	Falköping
521 35	Falköping
521 36	Falköping
521 37	Falköping
521 38	Falköping
521 39	Falköping
521 40	Falköping
521 41	Falköping
521 42	Falköping
521 43	Falköping
521 44	Falköping
521 45	Falköping
521 46	Falköping
521 47	Falköping
521 51	Floby
521 52	Floby
521 53	Floby
521 54	Floby
521 55	Floby
521 56	Floby
521 60	Stenstorp
521 61	Stenstorp
521 62	Stenstorp
521 63	Stenstorp
521 64	Stenstorp
521 70	Åsarp
521 71	Åsarp
521 72	Slutarp
521 73	Kinnarp
521 74	Gudhem
521 75	Vartofta
521 91	Falköping
521 92	Falköping
521 93	Falköping
521 94	Falköping
521 95	Kättilstorp
521 96	Falköping
521 97	Vartofta
521 98	Broddetorp
522 20	Tidaholm
522 21	Tidaholm
522 22	Tidaholm
522 23	Tidaholm
522 24	Tidaholm
522 25	Tidaholm
522 26	Tidaholm
522 30	Tidaholm
522 31	Tidaholm
522 32	Tidaholm
522 33	Tidaholm
522 34	Tidaholm
522 35	Tidaholm
522 36	Tidaholm
522 37	Tidaholm
522 91	Tidaholm
522 92	Tidaholm
522 93	Tidaholm
522 94	Tidaholm
523 20	Ulricehamn
523 21	Ulricehamn
523 22	Ulricehamn
523 23	Ulricehamn
523 24	Ulricehamn
523 25	Ulricehamn
523 26	Ulricehamn
523 30	Ulricehamn
523 31	Ulricehamn
523 32	Ulricehamn
523 33	Ulricehamn
523 34	Ulricehamn
523 35	Ulricehamn
523 36	Ulricehamn
523 37	Ulricehamn
523 38	Ulricehamn
523 39	Ulricehamn
523 40	Ulricehamn
523 41	Ulricehamn
523 43	Ulricehamn
523 44	Ulricehamn
523 45	Ulricehamn
523 60	Gällstad
523 61	Gällstad
523 62	Vegby
523 72	Timmele
523 74	Hökerum
523 75	Dalum
523 77	Blidsberg
523 78	Trädet
523 90	Ulricehamn
523 91	Ulricehamn
523 92	Timmele
523 93	Marbäck
523 94	Tvärred
523 95	Älmestad
523 96	Grönahög
523 97	Ulricehamn
523 98	Hökerum
523 99	Hökerum
524 20	Herrljunga
524 21	Herrljunga
524 22	Herrljunga
524 23	Herrljunga
524 24	Herrljunga
524 25	Herrljunga
524 26	Herrljunga
524 30	Herrljunga
524 31	Herrljunga
524 32	Herrljunga
524 33	Herrljunga
524 41	Ljung
524 42	Ljung
524 91	Herrljunga
524 92	Herrljunga
524 93	Herrljunga
524 95	Ljung
524 96	Ljung
530 30	Tun
530 32	Såtenäs
531 20	Lidköping
531 29	Lidköping
531 30	Lidköping
531 31	Lidköping
531 32	Lidköping
531 33	Lidköping
531 34	Lidköping
531 35	Lidköping
531 36	Lidköping
531 37	Lidköping
531 38	Lidköping
531 39	Lidköping
531 40	Lidköping
531 41	Lidköping
531 42	Lidköping
531 43	Lidköping
531 44	Lidköping
531 50	Lidköping
531 51	Lidköping
531 52	Lidköping
531 53	Lidköping
531 54	Lidköping
531 55	Lidköping
531 56	Lidköping
531 57	Lidköping
531 58	Lidköping
531 59	Lidköping
531 60	Lidköping
531 61	Lidköping
531 65	Lidköping
531 70	Lidköping
531 71	Vinninga
531 73	Källby
531 74	Källby
531 75	Järpås
531 91	Vinninga
531 92	Lidköping
531 93	Lidköping
531 94	Järpås
531 95	Källby
531 96	Lidköping
531 97	Lidköping
531 98	Lidköping
531 99	Lidköping
532 20	Skara
532 21	Skara
532 22	Skara
532 23	Skara
532 24	Skara
532 29	Skara
532 30	Skara
532 31	Skara
532 32	Skara
532 33	Skara
532 34	Skara
532 35	Skara
532 36	Skara
532 37	Skara
532 38	Skara
532 39	Skara
532 41	Skara
532 72	Axvall
532 73	Varnhem
532 74	Skara
532 92	Axvall
532 93	Axvall
532 94	Skara
532 95	Skara
532 96	Skara
533 20	Götene
533 21	Götene
533 22	Götene
533 23	Götene
533 29	Götene
533 30	Götene
533 31	Götene
533 32	Götene
533 33	Götene
533 34	Götene
533 50	Götene
533 72	Lundsbrunn
533 73	Källby
533 74	Hällekis
533 91	Götene
533 92	Lundsbrunn
533 93	Källby
533 94	Hällekis
533 95	Götene
533 96	Götene
533 97	Götene
534 20	Vara
534 21	Vara
534 22	Vara
534 23	Vara
534 24	Vara
534 25	Vara
534 30	Vara
534 31	Vara
534 32	Vara
534 33	Vara
534 34	Vara
534 50	Vara
534 60	Vedum
534 61	Vedum
534 73	Stora Levene
534 90	Vara
534 91	Vara
534 92	Tråvad
534 93	Stora Levene
534 94	Vara
534 95	Vara
534 96	Vara
535 21	Kvänum
535 22	Kvänum
535 23	Kvänum
535 30	Kvänum
535 91	Kvänum
535 92	Kvänum
535 93	Kvänum
540 66	Sjötorp
541 20	Skövde
541 21	Skövde
541 22	Skövde
541 23	Skövde
541 24	Skövde
541 25	Skövde
541 26	Skövde
541 27	Skövde
541 28	Skövde
541 29	Skövde
541 30	Skövde
541 31	Skövde
541 32	Skövde
541 33	Skövde
541 34	Skövde
541 35	Skövde
541 36	Skövde
541 37	Skövde
541 38	Skövde
541 39	Skövde
541 40	Skövde
541 41	Skövde
541 42	Skövde
541 43	Skövde
541 44	Skövde
541 45	Skövde
541 46	Skövde
541 47	Skövde
541 48	Skövde
541 50	Skövde
541 51	Skövde
541 52	Skövde
541 53	Skövde
541 54	Skövde
541 55	Skövde
541 56	Skövde
541 57	Skövde
541 62	Skövde
541 63	Skövde
541 64	Skövde
541 65	Skövde
541 66	Skövde
541 70	Skövde
541 71	Timmersdala
541 77	Skövde
541 78	Värsås
541 91	Skövde
541 92	Skövde
541 93	Skövde
541 94	Skövde
541 95	Timmersdala
541 96	Väring
541 97	Lerdala
541 98	Värsås
542 20	Mariestad
542 21	Mariestad
542 22	Mariestad
542 23	Mariestad
542 24	Mariestad
542 30	Mariestad
542 31	Mariestad
542 32	Mariestad
542 33	Mariestad
542 34	Mariestad
542 35	Mariestad
542 36	Mariestad
542 37	Mariestad
542 38	Mariestad
542 39	Mariestad
542 40	Mariestad
542 41	Mariestad
542 42	Mariestad
542 43	Mariestad
542 44	Mariestad
542 45	Mariestad
542 46	Mariestad
542 47	Mariestad
542 66	Sjötorp
542 72	Mariestad
542 73	Mariestad
542 74	Mariestad
542 75	Mariestad
542 91	Torsö
542 92	Mariestad
542 93	Mariestad
542 94	Mariestad
542 95	Mariestad
543 20	Tibro
543 21	Tibro
543 22	Tibro
543 23	Tibro
543 30	Tibro
543 31	Tibro
543 32	Tibro
543 33	Tibro
543 34	Tibro
543 35	Tibro
543 36	Tibro
543 37	Tibro
543 50	Tibro
543 51	Tibro
543 91	Tibro
543 92	Tibro
543 93	Tibro
543 94	Tibro
543 95	Fagersanna
544 20	Hjo
544 21	Hjo
544 22	Hjo
544 30	Hjo
544 31	Hjo
544 32	Hjo
544 33	Hjo
544 34	Hjo
544 35	Hjo
544 36	Hjo
544 50	Hjo
544 91	Hjo
544 92	Hjo
544 93	Hjo
544 94	Hjo
545 20	Töreboda
545 21	Töreboda
545 22	Töreboda
545 23	Töreboda
545 30	Töreboda
545 31	Töreboda
545 32	Töreboda
545 33	Töreboda
545 34	Töreboda
545 35	Töreboda
545 41	Moholm
545 72	Älgarås
545 90	Töreboda
545 91	Töreboda
545 92	Älgarås
545 93	Töreboda
545 94	Moholm
545 95	Moholm
546 20	Karlsborg
546 21	Karlsborg
546 22	Karlsborg
546 23	Karlsborg
546 30	Karlsborg
546 31	Karlsborg
546 32	Karlsborg
546 33	Karlsborg
546 34	Karlsborg
546 72	Mölltorp
546 73	Forsvik
546 91	Karlsborg
546 92	Mölltorp
546 93	Undenäs
546 94	Undenäs
546 95	Karlsborg
547 20	Gullspång
547 21	Gullspång
547 22	Gullspång
547 24	Gullspång
547 25	Gullspång
547 30	Gullspång
547 31	Gullspång
547 72	Otterbäcken
547 91	Gullspång
547 92	Gullspång
547 93	Skagersvik
548 20	Hova
548 21	Hova
548 22	Hova
548 31	Hova
548 32	Hova
548 73	Lyrestad
548 74	Gårdsjö
548 91	Hova
548 92	Hova
548 93	Lyrestad
549 20	Tidan
549 21	Tidan
549 31	Tidan
549 34	Skövde
549 37	Skövde
549 38	Skövde
549 39	Skövde
549 40	Skövde
549 41	Moholm
549 42	Skövde
549 43	Skövde
549 47	Skövde
549 48	Skövde
549 49	Skövde
549 50	Skövde
549 51	Skövde
549 52	Skövde
549 53	Skövde
549 54	Skövde
549 55	Skövde
549 56	Skövde
549 60	Skövde
549 61	Skövde
549 62	Skövde
549 63	Skövde
549 64	Skövde
549 65	Skövde
549 66	Skövde
549 67	Skövde
549 70	Skövde
549 76	Väring
549 77	Skövde
549 91	Tidan
549 92	Moholm
549 93	Moholm
549 94	Skövde
549 96	Väring
549 98	Väring
549 99	Skövde
553 00	Jönköping
553 02	Jönköping
553 03	Jönköping
553 05	Jönköping
553 07	Jönköping
553 08	Jönköping
553 09	Jönköping
553 10	Jönköping
553 11	Jönköping
553 12	Jönköping
553 13	Jönköping
553 14	Jönköping
553 15	Jönköping
553 16	Jönköping
553 17	Jönköping
553 18	Jönköping
553 20	Jönköping
553 21	Jönköping
553 22	Jönköping
553 23	Jönköping
553 24	Jönköping
553 29	Jönköping
553 30	Jönköping
553 31	Jönköping
553 32	Jönköping
553 33	Jönköping
553 34	Jönköping
553 35	Jönköping
553 36	Jönköping
553 37	Jönköping
553 38	Jönköping
553 39	Jönköping
554 00	Jönköping
554 38	Jönköping
554 39	Jönköping
554 45	Jönköping
554 46	Jönköping
554 47	Jönköping
554 48	Jönköping
554 49	Jönköping
554 50	Jönköping
554 51	Jönköping
554 52	Jönköping
554 53	Jönköping
554 54	Jönköping
554 56	Jönköping
554 57	Jönköping
554 58	Jönköping
554 59	Jönköping
554 62	Jönköping
554 63	Jönköping
554 64	Jönköping
554 65	Jönköping
554 66	Jönköping
554 72	Jönköping
554 73	Jönköping
554 74	Jönköping
554 75	Jönköping
555 92	Jönköping
555 93	Jönköping
555 94	Jönköping
556 00	Jönköping
556 10	Jönköping
556 11	Jönköping
556 12	Jönköping
556 14	Jönköping
556 15	Jönköping
556 16	Jönköping
556 25	Jönköping
556 26	Jönköping
556 27	Jönköping
556 28	Jönköping
556 29	Jönköping
556 31	Jönköping
556 32	Jönköping
556 33	Jönköping
556 50	Jönköping
556 52	Jönköping
560 25	Bottnaryd
560 27	Tenhult
560 28	Lekeryd
560 34	Visingsö
560 42	Sandhem
561 20	Huskvarna
561 21	Huskvarna
561 22	Huskvarna
561 23	Huskvarna
561 24	Huskvarna
561 25	Huskvarna
561 30	Huskvarna
561 31	Huskvarna
561 32	Huskvarna
561 33	Huskvarna
561 34	Huskvarna
561 35	Huskvarna
561 36	Huskvarna
561 38	Huskvarna
561 39	Huskvarna
561 40	Huskvarna
561 41	Huskvarna
561 42	Huskvarna
561 43	Huskvarna
561 44	Huskvarna
561 46	Huskvarna
561 48	Huskvarna
561 49	Huskvarna
561 50	Huskvarna
561 51	Huskvarna
561 60	Tenhult
561 61	Tenhult
561 62	Tenhult
561 63	Tenhult
561 91	Huskvarna
561 92	Huskvarna
561 93	Huskvarna
561 95	Lekeryd
561 96	Lekeryd
562 20	Norrahammar
562 21	Norrahammar
562 22	Norrahammar
562 23	Norrahammar
562 24	Norrahammar
562 28	Norrahammar
562 30	Norrahammar
562 31	Norrahammar
562 32	Norrahammar
562 33	Norrahammar
562 40	Taberg
562 41	Taberg
562 42	Taberg
562 50	Månsarp
562 91	Månsarp
563 20	Gränna
563 21	Gränna
563 22	Gränna
563 31	Gränna
563 32	Gränna
563 91	Gränna
563 92	Gränna
563 93	Gränna
563 94	Visingsö
564 20	Bankeryd
564 21	Bankeryd
564 22	Bankeryd
564 23	Bankeryd
564 24	Bankeryd
564 28	Bankeryd
564 31	Bankeryd
564 32	Bankeryd
564 33	Bankeryd
564 34	Bankeryd
564 35	Bankeryd
564 36	Bankeryd
564 91	Bankeryd
565 20	Mullsjö
565 21	Mullsjö
565 22	Mullsjö
565 23	Mullsjö
565 24	Mullsjö
565 25	Mullsjö
565 28	Mullsjö
565 29	Mullsjö
565 31	Mullsjö
565 32	Mullsjö
565 33	Mullsjö
565 34	Mullsjö
565 76	Bottnaryd
565 91	Mullsjö
565 92	Mullsjö
565 93	Mullsjö
565 94	Sandhem
565 96	Bottnaryd
565 97	Bottnaryd
566 20	Habo
566 21	Habo
566 22	Habo
566 23	Habo
566 24	Habo
566 28	Habo
566 31	Habo
566 32	Habo
566 33	Habo
566 34	Habo
566 35	Habo
566 36	Habo
566 37	Habo
566 91	Habo
566 92	Habo
566 93	Brandstorp
567 20	Vaggeryd
567 21	Vaggeryd
567 22	Vaggeryd
567 23	Vaggeryd
567 24	Vaggeryd
567 30	Vaggeryd
567 31	Vaggeryd
567 32	Vaggeryd
567 33	Vaggeryd
567 91	Vaggeryd
567 92	Vaggeryd
567 93	Hok
568 20	Skillingaryd
568 21	Skillingaryd
568 22	Skillingaryd
568 23	Skillingaryd
568 24	Skillingaryd
568 30	Skillingaryd
568 31	Skillingaryd
568 32	Skillingaryd
568 91	Skillingaryd
568 92	Skillingaryd
568 93	Skillingaryd
570 21	Malmbäck
570 23	Anneberg
570 30	Mariannelund
570 31	Ingatorp
570 32	Hjältevad
570 33	Mariannelund
570 34	Bruzaholm
570 60	Österbymo
570 75	Fågelfors
570 90	Påskallavik
570 91	Kristdala
571 20	Nässjö
571 21	Nässjö
571 22	Nässjö
571 23	Nässjö
571 24	Nässjö
571 25	Nässjö
571 29	Nässjö
571 31	Nässjö
571 32	Nässjö
571 33	Nässjö
571 34	Nässjö
571 35	Nässjö
571 36	Nässjö
571 37	Nässjö
571 38	Nässjö
571 39	Nässjö
571 40	Nässjö
571 41	Nässjö
571 42	Nässjö
571 43	Nässjö
571 61	Bodafors
571 62	Bodafors
571 63	Bodafors
571 64	Sandsjöfors
571 65	Grimstorp
571 66	Bodafors
571 67	Bodafors
571 68	Malmbäck
571 69	Malmbäck
571 71	Anneberg
571 72	Ormaryd
571 74	Äng
571 75	Fredriksdal
571 76	Solberga
571 77	Forserum
571 78	Forserum
571 91	Nässjö
571 92	Nässjö
571 93	Nässjö
571 94	Nässjö
571 95	Nässjö
571 97	Forserum
572 20	Oskarshamn
572 21	Oskarshamn
572 22	Oskarshamn
572 23	Oskarshamn
572 24	Oskarshamn
572 25	Oskarshamn
572 26	Oskarshamn
572 27	Oskarshamn
572 28	Oskarshamn
572 29	Oskarshamn
572 30	Oskarshamn
572 31	Oskarshamn
572 32	Oskarshamn
572 33	Oskarshamn
572 34	Oskarshamn
572 35	Oskarshamn
572 36	Oskarshamn
572 37	Oskarshamn
572 40	Oskarshamn
572 41	Oskarshamn
572 42	Oskarshamn
572 50	Oskarshamn
572 51	Oskarshamn
572 55	Oskarshamn
572 56	Oskarshamn
572 57	Oskarshamn
572 58	Oskarshamn
572 60	Oskarshamn
572 61	Oskarshamn
572 62	Oskarshamn
572 63	Oskarshamn
572 73	Kristdala
572 74	Påskallavik
572 75	Figeholm
572 76	Fårbo
572 91	Oskarshamn
572 92	Oskarshamn
572 93	Oskarshamn
572 95	Figeholm
572 96	Fårbo
572 97	Kristdala
573 20	Tranås
573 21	Tranås
573 22	Tranås
573 23	Tranås
573 24	Tranås
573 25	Tranås
573 26	Tranås
573 28	Tranås
573 29	Tranås
573 31	Tranås
573 32	Tranås
573 33	Tranås
573 34	Tranås
573 35	Tranås
573 36	Tranås
573 37	Tranås
573 38	Tranås
573 39	Tranås
573 40	Tranås
573 41	Tranås
573 42	Tranås
573 43	Tranås
573 61	Sommen
573 73	Sunhultsbrunn
573 91	Tranås
573 92	Tranås
573 93	Tranås
573 94	Tranås
573 95	Tranås
573 96	Tranås
573 97	Tranås
573 98	Tranås
573 99	Tranås
574 20	Vetlanda
574 21	Vetlanda
574 22	Vetlanda
574 23	Vetlanda
574 28	Vetlanda
574 31	Vetlanda
574 32	Vetlanda
574 33	Vetlanda
574 34	Vetlanda
574 35	Vetlanda
574 36	Vetlanda
574 37	Vetlanda
574 38	Vetlanda
574 39	Vetlanda
574 40	Vetlanda
574 41	Vetlanda
574 43	Vetlanda
574 50	Ekenässjön
574 53	Holsbybrunn
574 54	Holsbybrunn
574 71	Myresjö
574 72	Landsbro
574 73	Landsbro
574 74	Ramkvilla
574 75	Korsberga
574 76	Korsberga
574 91	Vetlanda
574 92	Vetlanda
574 93	Vetlanda
574 94	Vetlanda
574 95	Björköby
574 96	Vetlanda
574 97	Vetlanda
574 98	Nye
575 20	Eksjö
575 21	Eksjö
575 22	Eksjö
575 23	Eksjö
575 28	Eksjö
575 31	Eksjö
575 32	Eksjö
575 33	Eksjö
575 34	Eksjö
575 35	Eksjö
575 36	Eksjö
575 37	Eksjö
575 38	Eksjö
575 39	Eksjö
575 91	Eksjö
575 92	Hult
575 93	Eksjö
575 94	Eksjö
575 95	Eksjö
575 96	Eksjö
575 97	Ingatorp
575 98	Hjältevad
575 99	Bruzaholm
576 20	Sävsjö
576 21	Sävsjö
576 22	Sävsjö
576 23	Sävsjö
576 24	Sävsjö
576 25	Sävsjö
576 31	Sävsjö
576 32	Sävsjö
576 33	Sävsjö
576 35	Sävsjö
576 36	Sävsjö
576 91	Sävsjö
576 92	Sävsjö
576 93	Rörvik
576 94	Stockaryd
576 95	Stockaryd
576 96	Vrigstad
576 97	Vrigstad
577 20	Hultsfred
577 21	Hultsfred
577 22	Hultsfred
577 23	Hultsfred
577 24	Hultsfred
577 25	Hultsfred
577 26	Hultsfred
577 30	Hultsfred
577 31	Hultsfred
577 32	Hultsfred
577 33	Hultsfred
577 34	Hultsfred
577 35	Hultsfred
577 36	Hultsfred
577 37	Hultsfred
577 38	Hultsfred
577 39	Hultsfred
577 50	Silverdalen
577 51	Silverdalen
577 71	Virserum
577 72	Virserum
577 73	Målilla
577 74	Målilla
577 75	Mörlunda
577 76	Järnforsen
577 77	Järnforsen
577 90	Hultsfred
577 91	Hultsfred
577 92	Hultsfred
577 93	Hultsfred
577 94	Lönneberga
577 95	Virserum
577 96	Målilla
577 97	Rosenfors
577 98	Mörlunda
577 99	Pauliström
578 20	Aneby
578 21	Aneby
578 22	Aneby
578 23	Aneby
578 24	Aneby
578 25	Aneby
578 31	Aneby
578 32	Aneby
578 33	Aneby
578 74	Frinnaryd
578 75	Flisby
578 91	Aneby
578 92	Aneby
578 93	Aneby
578 94	Aneby
578 95	Flisby
579 20	Högsby
579 21	Högsby
579 22	Högsby
579 23	Högsby
579 30	Högsby
579 31	Högsby
579 32	Högsby
579 33	Högsby
579 40	Berga
579 72	Fågelfors
579 90	Berga
579 91	Bockara
579 92	Högsby
579 96	Fågelfors
581 50	Motala
582 00	Linköping
582 01	Linköping
582 02	Linköping
582 03	Linköping
582 10	Linköping
582 12	Linköping
582 13	Linköping
582 14	Linköping
582 15	Linköping
582 16	Linköping
582 17	Linköping
582 18	Linköping
582 19	Linköping
582 20	Linköping
582 21	Linköping
582 22	Linköping
582 23	Linköping
582 24	Linköping
582 25	Linköping
582 26	Linköping
582 27	Linköping
582 28	Linköping
582 29	Linköping
582 30	Linköping
582 31	Linköping
582 32	Linköping
582 33	Linköping
582 34	Linköping
582 35	Linköping
582 36	Linköping
582 37	Linköping
582 38	Linköping
582 39	Linköping
582 40	Linköping
582 41	Linköping
582 42	Linköping
582 43	Linköping
582 45	Linköping
582 46	Linköping
582 47	Linköping
582 48	Linköping
582 49	Linköping
582 52	Linköping
582 53	Linköping
582 54	Linköping
582 55	Linköping
582 56	Linköping
582 72	Linköping
582 73	Linköping
582 74	Linköping
582 75	Linköping
582 76	Linköping
582 77	Linköping
582 78	Linköping
583 00	Linköping
583 27	Linköping
583 28	Linköping
583 29	Linköping
583 30	Linköping
583 31	Linköping
583 32	Linköping
583 33	Linköping
583 34	Linköping
583 35	Linköping
583 36	Linköping
583 37	Linköping
583 38	Linköping
583 71	Vikingstad
583 72	Vikingstad
583 91	Vikingstad
583 92	Vikingstad
583 93	Vikingstad
583 94	Nykil
584 00	Linköping
584 22	Linköping
584 31	Linköping
584 32	Linköping
584 34	Linköping
584 35	Linköping
584 36	Linköping
584 37	Linköping
584 39	Linköping
585 00	Linköping
585 61	Linghem
585 63	Linghem
585 65	Linghem
585 71	Ljungsbro
585 72	Ljungsbro
585 73	Ljungsbro
585 74	Ljungsbro
585 75	Ljungsbro
585 76	Vreta Kloster
585 77	Vreta Kloster
585 78	Vreta Kloster
585 91	Linköping
585 92	Linköping
585 93	Linköping
585 94	Linköping
585 95	Linköping
585 96	Linköping
585 97	Linköping
585 98	Linköping
585 99	Linköping
586 00	Linköping
586 42	Linköping
586 43	Linköping
586 44	Linköping
586 45	Linköping
586 46	Linköping
586 47	Linköping
586 48	Linköping
586 49	Linköping
586 62	Linköping
586 63	Linköping
586 65	Linköping
586 66	Linköping
587 00	Linköping
587 21	Linköping
587 23	Linköping
587 24	Linköping
587 25	Linköping
587 26	Linköping
587 27	Linköping
587 29	Linköping
587 31	Linköping
587 32	Linköping
587 33	Linköping
587 34	Linköping
587 35	Linköping
587 36	Linköping
587 37	Linköping
587 38	Linköping
587 39	Linköping
587 50	Linköping
587 52	Linköping
587 58	Linköping
589 00	Linköping
589 21	Linköping
589 23	Linköping
589 25	Linköping
589 27	Linköping
589 29	Linköping
589 31	Linköping
589 33	Linköping
589 35	Linköping
589 37	Linköping
589 39	Linköping
589 41	Linköping
589 43	Linköping
589 50	Linköping
589 51	Linköping
589 52	Linköping
589 53	Linköping
589 55	Linköping
589 57	Linköping
589 61	Sturefors
589 63	Sturefors
589 64	Sturefors
590 20	Mantorp
590 21	Väderstad
590 23	Mantorp
590 30	Borensberg
590 31	Borensberg
590 32	Borensberg
590 33	Borensberg
590 34	Tjällmo
590 36	Kisa
590 37	Kisa
590 38	Kisa
590 39	Kisa
590 40	Kisa
590 41	Rimforsa
590 42	Horn
590 43	Rimforsa
590 44	Rimforsa
590 45	Brokind
590 46	Rimforsa
590 47	Vikingstad
590 48	Vikingstad
590 49	Vikingstad
590 50	Vikingstad
590 51	Vikingstad
590 52	Nykil
590 53	Ulrika
590 54	Sturefors
590 55	Sturefors
590 62	Linghem
590 69	Ljungsbro
590 70	Ljungsbro
590 71	Ljungsbro
590 72	Ljungsbro
590 73	Ljungsbro
590 74	Ljungsbro
590 75	Ljungsbro
590 76	Vreta Kloster
590 77	Vreta Kloster
590 78	Vreta Kloster
590 79	Vreta Kloster
590 90	Ankarsrum
590 92	Totebo
590 93	Gunnebo
590 94	Blackstad
590 95	Loftahammar
590 96	Överum
590 98	Edsbruk
591 20	Motala
591 21	Motala
591 22	Motala
591 23	Motala
591 24	Motala
591 26	Motala
591 27	Motala
591 29	Motala
591 30	Motala
591 31	Motala
591 32	Motala
591 33	Motala
591 34	Motala
591 35	Motala
591 36	Motala
591 37	Motala
591 38	Motala
591 39	Motala
591 45	Motala
591 46	Motala
591 47	Motala
591 50	Motala
591 51	Motala
591 52	Motala
591 53	Motala
591 54	Motala
591 55	Motala
591 60	Motala
591 61	Motala
591 62	Motala
591 70	Motala
591 71	Motala
591 72	Motala
591 74	Borensberg
591 75	Borensberg
591 76	Borensberg
591 77	Borensberg
591 90	Tjällmo
591 91	Motala
591 92	Motala
591 93	Motala
591 94	Motala
591 95	Motala
591 96	Motala
591 97	Motala
591 98	Motala
591 99	Motala
592 20	Vadstena
592 21	Vadstena
592 22	Vadstena
592 23	Vadstena
592 24	Vadstena
592 29	Vadstena
592 30	Vadstena
592 31	Vadstena
592 32	Vadstena
592 40	Vadstena
592 41	Vadstena
592 42	Vadstena
592 91	Vadstena
592 92	Vadstena
592 93	Borghamn
592 94	Vadstena
593 20	Västervik
593 21	Västervik
593 22	Västervik
593 23	Västervik
593 24	Västervik
593 25	Västervik
593 26	Västervik
593 30	Västervik
593 31	Västervik
593 32	Västervik
593 33	Västervik
593 34	Västervik
593 35	Västervik
593 36	Västervik
593 37	Västervik
593 38	Västervik
593 39	Västervik
593 40	Västervik
593 41	Västervik
593 42	Västervik
593 43	Västervik
593 44	Västervik
593 50	Västervik
593 51	Västervik
593 52	Västervik
593 53	Västervik
593 54	Västervik
593 61	Västervik
593 62	Västervik
593 70	Ankarsrum
593 71	Ankarsrum
593 72	Totebo
593 74	Gunnebo
593 75	Gunnebo
593 76	Blackstad
593 91	Västervik
593 92	Västervik
593 93	Västervik
593 95	Västervik
593 96	Västervik
594 20	Gamleby
594 21	Gamleby
594 22	Gamleby
594 23	Gamleby
594 30	Gamleby
594 31	Gamleby
594 32	Gamleby
594 70	Loftahammar
594 71	Loftahammar
594 72	Överum
594 73	Överum
594 74	Edsbruk
594 75	Edsbruk
594 91	Gamleby
594 92	Gamleby
594 93	Gamleby
594 94	Gamleby
595 20	Mjölby
595 21	Mjölby
595 22	Mjölby
595 23	Mjölby
595 24	Mjölby
595 29	Mjölby
595 30	Mjölby
595 31	Mjölby
595 32	Mjölby
595 33	Mjölby
595 34	Mjölby
595 35	Mjölby
595 40	Mjölby
595 41	Mjölby
595 42	Mjölby
595 43	Mjölby
595 44	Mjölby
595 50	Mjölby
595 51	Mjölby
595 52	Mjölby
595 53	Mjölby
595 54	Mjölby
595 57	Mantorp
595 58	Mantorp
595 59	Mantorp
595 70	Boxholm
595 71	Boxholm
595 72	Boxholm
595 73	Boxholm
595 75	Boxholm
595 76	Boxholm
595 91	Mjölby
595 92	Mjölby
595 93	Mjölby
595 94	Mjölby
595 95	Mjölby
595 96	Mjölby
595 97	Mantorp
596 20	Skänninge
596 21	Skänninge
596 22	Skänninge
596 23	Skänninge
596 31	Skänninge
596 32	Skänninge
596 33	Skänninge
596 34	Skänninge
596 36	Väderstad
596 91	Skänninge
596 92	Skänninge
596 93	Skänninge
596 95	Väderstad
597 20	Åtvidaberg
597 21	Åtvidaberg
597 22	Åtvidaberg
597 23	Åtvidaberg
597 24	Åtvidaberg
597 25	Åtvidaberg
597 26	Åtvidaberg
597 30	Åtvidaberg
597 31	Åtvidaberg
597 32	Åtvidaberg
597 40	Åtvidaberg
597 41	Åtvidaberg
597 42	Åtvidaberg
597 43	Åtvidaberg
597 50	Åtvidaberg
597 51	Åtvidaberg
597 52	Åtvidaberg
597 53	Åtvidaberg
597 55	Åtvidaberg
597 91	Åtvidaberg
597 92	Åtvidaberg
597 93	Åtvidaberg
597 94	Åtvidaberg
597 95	Åtvidaberg
597 96	Åtvidaberg
597 97	Åtvidaberg
598 20	Vimmerby
598 21	Vimmerby
598 22	Vimmerby
598 23	Vimmerby
598 24	Vimmerby
598 30	Vimmerby
598 31	Vimmerby
598 32	Vimmerby
598 34	Vimmerby
598 35	Vimmerby
598 36	Vimmerby
598 37	Vimmerby
598 38	Vimmerby
598 39	Vimmerby
598 40	Vimmerby
598 70	Storebro
598 71	Södra Vi
598 72	Södra Vi
598 73	Gullringen
598 91	Vimmerby
598 92	Vimmerby
598 93	Vimmerby
598 94	Vimmerby
598 95	Vimmerby
598 96	Vimmerby
598 97	Mariannelund
598 98	Mariannelund
599 20	Ödeshög
599 21	Ödeshög
599 22	Ödeshög
599 23	Ödeshög
599 31	Ödeshög
599 32	Ödeshög
599 33	Ödeshög
599 91	Ödeshög
599 92	Ödeshög
599 93	Ödeshög
599 94	Ödeshög
602 00	Norrköping
602 01	Norrköping
602 02	Norrköping
602 03	Norrköping
602 04	Norrköping
602 05	Norrköping
602 06	Norrköping
602 08	Norrköping
602 09	Norrköping
602 10	Norrköping
602 11	Norrköping
602 12	Norrköping
602 13	Norrköping
602 14	Norrköping
602 15	Norrköping
602 16	Norrköping
602 17	Norrköping
602 18	Norrköping
602 19	Norrköping
602 20	Norrköping
602 21	Norrköping
602 22	Norrköping
602 23	Norrköping
602 24	Norrköping
602 25	Norrköping
602 26	Norrköping
602 27	Norrköping
602 28	Norrköping
602 29	Norrköping
602 30	Norrköping
602 31	Norrköping
602 32	Norrköping
602 33	Norrköping
602 34	Norrköping
602 35	Norrköping
602 36	Norrköping
602 37	Norrköping
602 38	Norrköping
602 39	Norrköping
602 40	Norrköping
602 41	Norrköping
602 42	Norrköping
602 43	Norrköping
602 44	Norrköping
602 45	Norrköping
602 46	Norrköping
602 47	Norrköping
602 51	Norrköping
603 00	Norrköping
603 01	Norrköping
603 02	Norrköping
603 36	Norrköping
603 37	Norrköping
603 45	Norrköping
603 47	Norrköping
603 48	Norrköping
603 49	Norrköping
603 50	Norrköping
603 51	Norrköping
603 52	Norrköping
603 53	Norrköping
603 54	Norrköping
603 55	Norrköping
603 56	Norrköping
603 57	Norrköping
603 58	Norrköping
603 59	Norrköping
603 60	Norrköping
603 61	Norrköping
603 62	Norrköping
603 63	Norrköping
603 64	Norrköping
603 65	Norrköping
603 66	Norrköping
603 67	Norrköping
603 68	Norrköping
603 69	Norrköping
603 70	Norrköping
603 71	Norrköping
603 72	Norrköping
603 73	Norrköping
603 74	Norrköping
603 75	Norrköping
603 76	Norrköping
603 77	Norrköping
603 78	Norrköping
603 79	Norrköping
603 80	Norrköping
603 81	Norrköping
603 83	Norrköping
603 85	Norrköping
603 86	Norrköping
603 87	Norrköping
604 00	Norrköping
605 00	Norrköping
605 91	Norrköping
605 92	Norrköping
605 93	Norrköping
605 94	Norrköping
605 95	Norrköping
605 96	Norrköping
605 97	Norrköping
605 98	Norrköping
605 99	Norrköping
606 00	Norrköping
607 00	Norrköping
609 10	Norrköping
609 11	Norrköping
610 20	Kimstad
610 21	Norsholm
610 24	Vikbolandet
610 25	Vikbolandet
610 26	Vikbolandet
610 27	Vikbolandet
610 28	Vikbolandet
610 29	Vikbolandet
610 30	Vikbolandet
610 31	Vikbolandet
610 32	Vikbolandet
610 33	Vikbolandet
610 40	Gusum
610 41	Ringarum
610 42	Gryt
610 50	Jönåker
610 53	Enstaberga
610 54	Nävekvarn
610 55	Stigtomta
610 56	Vrena
610 60	Tystberga
610 70	Vagnhärad
610 71	Vagnhärad
610 72	Vagnhärad
610 73	Vagnhärad
610 74	Vagnhärad
610 75	Västerljung
611 20	Nyköping
611 22	Nyköping
611 23	Nyköping
611 24	Nyköping
611 25	Nyköping
611 26	Nyköping
611 27	Nyköping
611 29	Nyköping
611 30	Nyköping
611 31	Nyköping
611 32	Nyköping
611 33	Nyköping
611 34	Nyköping
611 35	Nyköping
611 36	Nyköping
611 37	Nyköping
611 38	Nyköping
611 39	Nyköping
611 44	Nyköping
611 45	Nyköping
611 46	Nyköping
611 47	Nyköping
611 50	Nyköping
611 55	Nyköping
611 56	Nyköping
611 57	Nyköping
611 60	Nyköping
611 61	Nyköping
611 62	Nyköping
611 63	Nyköping
611 64	Nyköping
611 65	Nyköping
611 66	Nyköping
611 67	Nyköping
611 68	Nyköping
611 70	Jönåker
611 72	Stigtomta
611 73	Vrena
611 74	Tystberga
611 75	Enstaberga
611 76	Nävekvarn
611 79	Nyköping
611 91	Nyköping
611 92	Nyköping
611 93	Nyköping
611 94	Nyköping
611 95	Nyköping
611 96	Jönåker
611 97	Stigtomta
611 98	Vrena
611 99	Tystberga
612 20	Finspång
612 21	Finspång
612 22	Finspång
612 23	Finspång
612 24	Finspång
612 25	Finspång
612 30	Finspång
612 31	Finspång
612 32	Finspång
612 33	Finspång
612 34	Finspång
612 35	Finspång
612 36	Finspång
612 37	Finspång
612 38	Finspång
612 40	Finspång
612 41	Finspång
612 42	Finspång
612 43	Finspång
612 44	Finspång
612 45	Finspång
612 46	Finspång
612 47	Finspång
612 71	Rejmyre
612 72	Rejmyre
612 73	Ljusfallshammar
612 74	Grytgöl
612 75	Hällestad
612 76	Lotorp
612 91	Finspång
612 92	Finspång
612 93	Finspång
612 94	Finspång
612 95	Finspång
612 96	Finspång
613 20	Oxelösund
613 21	Oxelösund
613 22	Oxelösund
613 23	Oxelösund
613 24	Oxelösund
613 30	Oxelösund
613 31	Oxelösund
613 32	Oxelösund
613 33	Oxelösund
613 35	Oxelösund
613 36	Oxelösund
613 37	Oxelösund
613 38	Oxelösund
613 40	Oxelösund
613 41	Oxelösund
613 51	Oxelösund
614 20	Söderköping
614 21	Söderköping
614 22	Söderköping
614 30	Söderköping
614 31	Söderköping
614 32	Söderköping
614 33	Söderköping
614 34	Söderköping
614 90	Söderköping
614 92	Söderköping
614 93	Söderköping
614 94	Söderköping
614 95	Söderköping
614 96	Östra Ryd
614 97	Söderköping
614 98	Sankt Anna
614 99	Söderköping
615 20	Valdemarsvik
615 21	Valdemarsvik
615 22	Valdemarsvik
615 23	Valdemarsvik
615 24	Valdemarsvik
615 30	Valdemarsvik
615 31	Valdemarsvik
615 32	Valdemarsvik
615 33	Valdemarsvik
615 71	Gusum
615 72	Gusum
615 73	Gusum
615 74	Ringarum
615 75	Ringarum
615 91	Valdemarsvik
615 92	Valdemarsvik
615 93	Valdemarsvik
615 94	Valdemarsvik
615 95	Valdemarsvik
615 96	Gryt
616 20	Åby
616 21	Åby
616 22	Åby
616 30	Åby
616 31	Åby
616 32	Åby
616 33	Åby
616 34	Åby
616 35	Åby
616 90	Åby
616 91	Åby
617 20	Skärblacka
617 21	Skärblacka
617 22	Skärblacka
617 30	Skärblacka
617 31	Skärblacka
617 32	Skärblacka
617 34	Skärblacka
617 71	Kimstad
617 90	Skärblacka
617 91	Kimstad
617 92	Norsholm
618 20	Kolmården
618 21	Kolmården
618 22	Kolmården
618 23	Kolmården
618 30	Kolmården
618 31	Kolmården
618 32	Kolmården
618 33	Kolmården
618 34	Kolmården
618 35	Kolmården
618 92	Kolmården
618 93	Kolmården
618 95	Stavsjö
619 20	Trosa
619 21	Trosa
619 22	Trosa
619 23	Trosa
619 30	Trosa
619 31	Trosa
619 32	Trosa
619 33	Trosa
619 34	Trosa
619 35	Trosa
619 36	Trosa
619 71	Vagnhärad
619 72	Vagnhärad
619 73	Vagnhärad
619 91	Trosa
619 92	Trosa
619 94	Vagnhärad
619 95	Västerljung
620 20	Klintehamn
620 23	Romakloster
620 24	Dalhem
620 30	Slite
620 33	Tingstäde
620 34	Lärbro
620 35	Fårösund
621 20	Visby
621 21	Visby
621 22	Visby
621 23	Visby
621 24	Visby
621 25	Visby
621 26	Visby
621 29	Visby
621 37	Visby
621 38	Visby
621 39	Visby
621 40	Visby
621 41	Visby
621 42	Visby
621 43	Visby
621 44	Visby
621 45	Visby
621 46	Visby
621 47	Visby
621 48	Visby
621 49	Visby
621 50	Visby
621 51	Visby
621 52	Visby
621 53	Visby
621 54	Visby
621 55	Visby
621 56	Visby
621 57	Visby
621 58	Visby
621 65	Visby
621 67	Visby
621 70	Visby
621 71	Visby
621 72	Visby
621 73	Visby
621 74	Visby
621 75	Visby
621 76	Visby
621 77	Visby
621 78	Visby
621 79	Visby
621 90	Visby
621 91	Visby
621 92	Visby
621 93	Visby
621 94	Visby
621 95	Visby
621 96	Visby
621 97	Visby
621 98	Visby
621 99	Visby
622 21	Romakloster
622 34	Romakloster
622 36	Romakloster
622 38	Romakloster
622 40	Romakloster
622 42	Romakloster
622 44	Romakloster
622 46	Romakloster
622 48	Romakloster
622 50	Romakloster
622 52	Romakloster
622 54	Romakloster
622 56	Dalhem
622 58	Romakloster
622 59	Visby
622 60	Visby
622 61	Visby
622 75	Visby
622 76	Visby
623 20	Hemse
623 21	Ljugarn
623 25	Ljugarn
623 30	Burgsvik
623 31	Burgsvik
623 32	Burgsvik
623 33	Burgsvik
623 35	Burgsvik
623 36	Burgsvik
623 37	Havdhem
623 38	Havdhem
623 40	Havdhem
623 41	Havdhem
623 42	Havdhem
623 43	Havdhem
623 44	Klintehamn
623 46	Hemse
623 47	Hemse
623 50	Hemse
623 51	Hemse
623 52	Hemse
623 53	Hemse
623 54	Klintehamn
623 55	Klintehamn
623 56	Hemse
623 57	Hemse
623 59	Hemse
623 62	Ljugarn
623 63	Ljugarn
623 64	Ljugarn
623 65	Ljugarn
623 66	Ljugarn
623 75	Klintehamn
623 76	Klintehamn
623 77	Klintehamn
623 78	Klintehamn
623 79	Klintehamn
624 20	Slite
624 21	Slite
624 22	Slite
624 30	Slite
624 32	Slite
624 34	Slite
624 36	Slite
624 38	Tingstäde
624 40	Tingstäde
624 42	Tingstäde
624 44	Tingstäde
624 46	Slite
624 48	Slite
624 49	Slite
624 50	Lärbro
624 52	Lärbro
624 53	Lärbro
624 54	Lärbro
624 55	Lärbro
624 56	Lärbro
624 58	Lärbro
624 60	Lärbro
624 62	Fårösund
624 64	Fårösund
624 65	Fårösund
624 70	Fårösund
632 01	Eskilstuna
632 17	Eskilstuna
632 18	Eskilstuna
632 19	Eskilstuna
632 20	Eskilstuna
632 21	Eskilstuna
632 22	Eskilstuna
632 23	Eskilstuna
632 24	Eskilstuna
632 25	Eskilstuna
632 26	Eskilstuna
632 27	Eskilstuna
632 28	Eskilstuna
632 29	Eskilstuna
632 30	Eskilstuna
632 31	Eskilstuna
632 32	Eskilstuna
632 33	Eskilstuna
632 34	Eskilstuna
632 35	Eskilstuna
632 36	Eskilstuna
632 37	Eskilstuna
632 39	Eskilstuna
633 01	Eskilstuna
633 02	Eskilstuna
633 40	Eskilstuna
633 41	Eskilstuna
633 42	Eskilstuna
633 43	Eskilstuna
633 44	Eskilstuna
633 45	Eskilstuna
633 46	Eskilstuna
633 47	Eskilstuna
633 48	Eskilstuna
633 49	Eskilstuna
633 50	Eskilstuna
633 51	Eskilstuna
633 52	Eskilstuna
633 53	Eskilstuna
633 54	Eskilstuna
633 55	Eskilstuna
633 56	Eskilstuna
633 57	Eskilstuna
633 58	Eskilstuna
633 59	Eskilstuna
633 60	Eskilstuna
633 61	Eskilstuna
633 62	Eskilstuna
633 63	Eskilstuna
633 69	Skogstorp
633 70	Hållsta
634 01	Eskilstuna
635 01	Eskilstuna
635 02	Eskilstuna
635 03	Eskilstuna
635 04	Eskilstuna
635 05	Eskilstuna
635 06	Eskilstuna
635 07	Eskilstuna
635 08	Eskilstuna
635 09	Eskilstuna
635 10	Eskilstuna
635 11	Eskilstuna
635 12	Eskilstuna
635 13	Eskilstuna
635 14	Eskilstuna
635 19	Eskilstuna
635 20	Eskilstuna
635 30	Kvicksund
635 31	Kvicksund
635 32	Kvicksund
635 33	Stora Sundby
635 34	Stora Sundby
635 35	Stora Sundby
635 36	Ärla
635 37	Ärla
635 38	Ärla
640 20	Björkvik
640 23	Valla
640 24	Sköldinge
640 25	Julita
640 30	Hälleforsnäs
640 31	Mellösa
640 32	Malmköping
640 33	Bettna
640 34	Sparreholm
640 40	Stora Sundby
640 43	Ärla
640 45	Kvicksund
640 50	Björnlunda
640 51	Stjärnhov
640 60	Åkers Styckebruk
640 61	Stallarholmen
641 20	Katrineholm
641 21	Katrineholm
641 22	Katrineholm
641 23	Katrineholm
641 27	Katrineholm
641 29	Katrineholm
641 30	Katrineholm
641 31	Katrineholm
641 32	Katrineholm
641 33	Katrineholm
641 34	Katrineholm
641 35	Katrineholm
641 36	Katrineholm
641 37	Katrineholm
641 38	Katrineholm
641 39	Katrineholm
641 45	Katrineholm
641 46	Katrineholm
641 47	Katrineholm
641 48	Katrineholm
641 49	Katrineholm
641 50	Katrineholm
641 51	Katrineholm
641 52	Katrineholm
641 53	Katrineholm
641 61	Valla
641 62	Valla
641 63	Björkvik
641 64	Sköldinge
641 91	Katrineholm
641 92	Katrineholm
641 93	Katrineholm
641 94	Katrineholm
641 95	Katrineholm
641 96	Katrineholm
641 97	Katrineholm
641 98	Björkvik
641 99	Sköldinge
642 20	Flen
642 21	Flen
642 22	Flen
642 23	Flen
642 24	Flen
642 28	Flen
642 31	Flen
642 32	Flen
642 33	Flen
642 34	Flen
642 35	Flen
642 36	Flen
642 37	Flen
642 60	Malmköping
642 61	Malmköping
642 62	Bettna
642 63	Mellösa
642 91	Flen
642 92	Flen
642 93	Flen
642 94	Flen
642 95	Flen
642 96	Malmköping
642 97	Bettna
642 98	Bettna
643 20	Vingåker
643 21	Vingåker
643 22	Vingåker
643 30	Vingåker
643 31	Vingåker
643 32	Vingåker
643 33	Vingåker
643 60	Julita
643 62	Högsjö
643 91	Vingåker
643 92	Vingåker
643 93	Vingåker
643 94	Vingåker
643 95	Vingåker
643 96	Julita
643 98	Julita
643 99	Högsjö
644 20	Torshälla
644 21	Torshälla
644 22	Torshälla
644 30	Torshälla
644 31	Torshälla
644 32	Torshälla
644 33	Torshälla
644 34	Torshälla
644 35	Torshälla
644 36	Torshälla
645 20	Strängnäs
645 21	Strängnäs
645 22	Strängnäs
645 23	Strängnäs
645 24	Strängnäs
645 25	Strängnäs
645 30	Strängnäs
645 31	Strängnäs
645 32	Strängnäs
645 33	Strängnäs
645 34	Strängnäs
645 35	Strängnäs
645 40	Strängnäs
645 41	Strängnäs
645 42	Strängnäs
645 43	Strängnäs
645 44	Strängnäs
645 45	Strängnäs
645 47	Strängnäs
645 50	Strängnäs
645 51	Strängnäs
645 52	Strängnäs
645 59	Strängnäs
645 61	Stallarholmen
645 62	Stallarholmen
645 71	Strängnäs
645 91	Strängnäs
645 92	Strängnäs
645 93	Strängnäs
645 94	Strängnäs
645 96	Stallarholmen
645 97	Stallarholmen
646 20	Gnesta
646 21	Gnesta
646 22	Gnesta
646 23	Gnesta
646 30	Gnesta
646 31	Gnesta
646 32	Gnesta
646 33	Gnesta
646 34	Gnesta
646 35	Gnesta
646 50	Björnlunda
646 51	Stjärnhov
646 91	Gnesta
646 92	Gnesta
646 93	Gnesta
646 94	Björnlunda
646 95	Björnlunda
646 96	Stjärnhov
647 20	Mariefred
647 21	Mariefred
647 22	Mariefred
647 23	Mariefred
647 24	Mariefred
647 30	Mariefred
647 31	Mariefred
647 32	Mariefred
647 33	Mariefred
647 35	Mariefred
647 50	Åkers Styckebruk
647 51	Åkers Styckebruk
647 52	Åkers Styckebruk
647 91	Mariefred
647 92	Mariefred
647 93	Mariefred
647 95	Åkers Styckebruk
648 30	Hälleforsnäs
648 31	Hälleforsnäs
649 30	Sparreholm
649 91	Sparreholm
652 01	Karlstad
652 10	Karlstad
652 11	Karlstad
652 12	Karlstad
652 13	Karlstad
652 14	Karlstad
652 15	Karlstad
652 16	Karlstad
652 17	Karlstad
652 18	Karlstad
652 19	Karlstad
652 20	Karlstad
652 21	Karlstad
652 22	Karlstad
652 23	Karlstad
652 24	Karlstad
652 25	Karlstad
652 26	Karlstad
652 27	Karlstad
652 28	Karlstad
652 29	Karlstad
652 30	Karlstad
652 31	Karlstad
652 32	Karlstad
652 33	Karlstad
652 37	Karlstad
653 01	Karlstad
653 36	Karlstad
653 37	Karlstad
653 38	Karlstad
653 39	Karlstad
653 40	Karlstad
653 41	Karlstad
653 42	Karlstad
653 43	Karlstad
653 44	Karlstad
653 45	Karlstad
653 46	Karlstad
653 47	Karlstad
653 48	Karlstad
653 49	Karlstad
653 50	Karlstad
653 51	Karlstad
653 52	Karlstad
654 01	Karlstad
654 55	Karlstad
654 57	Karlstad
654 58	Karlstad
654 59	Karlstad
654 60	Karlstad
654 61	Karlstad
654 62	Karlstad
654 63	Karlstad
654 64	Karlstad
654 65	Karlstad
654 66	Karlstad
654 67	Karlstad
654 68	Karlstad
654 69	Karlstad
655 61	Molkom
655 91	Karlstad
655 92	Karlstad
655 93	Karlstad
655 94	Karlstad
655 95	Väse
655 96	Väse
655 97	Molkom
655 98	Molkom
656 01	Karlstad
656 28	Karlstad
656 29	Karlstad
656 31	Karlstad
656 32	Karlstad
656 33	Karlstad
656 34	Karlstad
656 35	Karlstad
656 36	Karlstad
656 37	Karlstad
656 38	Karlstad
656 39	Karlstad
656 71	Skattkärr
656 72	Skattkärr
659 97	Karlstad
659 98	Karlstad
659 99	Karlstad
660 40	Segmon
660 50	Vålberg
660 52	Edsvalla
660 57	Väse
660 60	Molkom
661 20	Säffle
661 21	Säffle
661 22	Säffle
661 23	Säffle
661 24	Säffle
661 25	Säffle
661 26	Säffle
661 29	Säffle
661 30	Säffle
661 31	Säffle
661 32	Säffle
661 33	Säffle
661 40	Säffle
661 41	Säffle
661 42	Säffle
661 43	Säffle
661 91	Säffle
661 92	Säffle
661 93	Säffle
661 94	Säffle
661 95	Värmlands Nysäter
661 96	Långserud
662 20	Åmål
662 21	Åmål
662 22	Åmål
662 23	Åmål
662 24	Åmål
662 27	Åmål
662 30	Åmål
662 31	Åmål
662 32	Åmål
662 33	Åmål
662 34	Åmål
662 35	Åmål
662 36	Åmål
662 37	Åmål
662 50	Svanskog
662 91	Åmål
662 92	Åmål
662 95	Fengersfors
662 96	Svanskog
662 97	Ånimskog
662 98	Tösse
663 20	Skoghall
663 21	Skoghall
663 22	Skoghall
663 29	Skoghall
663 30	Skoghall
663 31	Skoghall
663 32	Skoghall
663 33	Skoghall
663 34	Skoghall
663 40	Hammarö
663 41	Hammarö
663 42	Hammarö
663 43	Hammarö
663 91	Hammarö
663 92	Hammarö
664 20	Grums
664 21	Grums
664 22	Grums
664 23	Grums
664 28	Grums
664 30	Grums
664 31	Grums
664 32	Grums
664 33	Grums
664 34	Grums
664 40	Slottsbron
664 50	Vålberg
664 51	Vålberg
664 52	Vålberg
664 91	Grums
664 92	Värmskog
664 93	Edsvalla
664 94	Vålberg
664 96	Segmon
665 20	Kil
665 21	Kil
665 22	Kil
665 23	Kil
665 24	Kil
665 25	Kil
665 30	Kil
665 31	Kil
665 32	Kil
665 33	Kil
665 34	Kil
665 35	Kil
665 91	Kil
665 92	Kil
665 93	Kil
665 94	Fagerås
666 20	Bengtsfors
666 21	Bengtsfors
666 22	Bengtsfors
666 23	Bengtsfors
666 24	Bengtsfors
666 25	Bengtsfors
666 30	Bengtsfors
666 31	Bengtsfors
666 32	Bengtsfors
666 40	Skåpafors
666 41	Billingsfors
666 91	Bengtsfors
666 92	Bengtsfors
666 93	Gustavsfors
666 94	Dals Långed
666 95	Dals Långed
667 20	Forshaga
667 21	Forshaga
667 22	Forshaga
667 29	Forshaga
667 30	Forshaga
667 31	Forshaga
667 32	Forshaga
667 33	Forshaga
667 34	Forshaga
667 91	Forshaga
668 20	Ed
668 21	Ed
668 22	Ed
668 24	Ed
668 30	Ed
668 31	Ed
668 32	Ed
668 40	Bäckefors
668 91	Ed
668 92	Ed
668 93	Ed
668 94	Bäckefors
668 95	Ödskölt
669 20	Deje
669 21	Deje
669 22	Deje
669 27	Deje
669 30	Deje
669 31	Deje
669 32	Deje
669 91	Deje
669 92	Deje
670 20	Glava
670 35	Gunnarskog
670 40	Åmotfors
670 41	Koppom
671 20	Arvika
671 21	Arvika
671 22	Arvika
671 23	Arvika
671 24	Arvika
671 25	Arvika
671 26	Arvika
671 27	Arvika
671 29	Arvika
671 30	Arvika
671 31	Arvika
671 32	Arvika
671 33	Arvika
671 34	Arvika
671 40	Arvika
671 41	Arvika
671 42	Arvika
671 50	Arvika
671 51	Arvika
671 52	Arvika
671 60	Arvika
671 70	Edane
671 91	Arvika
671 92	Arvika
671 93	Arvika
671 94	Brunskog
671 95	Klässbol
671 97	Glava
671 98	Gunnarskog
672 20	Årjäng
672 21	Årjäng
672 22	Årjäng
672 23	Årjäng
672 24	Årjäng
672 29	Årjäng
672 30	Årjäng
672 31	Årjäng
672 32	Årjäng
672 91	Årjäng
672 92	Årjäng
672 93	Årjäng
672 94	Årjäng
672 95	Årjäng
672 96	Töcksfors
673 20	Charlottenberg
673 21	Charlottenberg
673 22	Charlottenberg
673 29	Charlottenberg
673 31	Charlottenberg
673 32	Charlottenberg
673 34	Åmotfors
673 35	Åmotfors
673 37	Koppom
673 91	Charlottenberg
673 92	Charlottenberg
673 96	Åmotfors
673 97	Åmotfors
673 98	Koppom
680 50	Ekshärad
680 51	Stöllet
680 52	Ambjörby
680 60	Sysslebäck
680 61	Bograngen
680 63	Likenäs
680 65	Höljes
680 71	Björneborg
680 90	Nykroppa
680 96	Lesjöfors
681 20	Kristinehamn
681 21	Kristinehamn
681 22	Kristinehamn
681 23	Kristinehamn
681 24	Kristinehamn
681 25	Kristinehamn
681 26	Kristinehamn
681 27	Kristinehamn
681 28	Kristinehamn
681 29	Kristinehamn
681 30	Kristinehamn
681 31	Kristinehamn
681 32	Kristinehamn
681 33	Kristinehamn
681 34	Kristinehamn
681 35	Kristinehamn
681 36	Kristinehamn
681 37	Kristinehamn
681 38	Kristinehamn
681 40	Kristinehamn
681 41	Kristinehamn
681 42	Kristinehamn
681 43	Kristinehamn
681 50	Kristinehamn
681 51	Kristinehamn
681 52	Kristinehamn
681 53	Kristinehamn
681 54	Kristinehamn
681 55	Kristinehamn
681 60	Kristinehamn
681 61	Björneborg
681 91	Kristinehamn
681 92	Kristinehamn
681 93	Kristinehamn
681 94	Kristinehamn
681 95	Kristinehamn
681 96	Kristinehamn
682 20	Filipstad
682 21	Filipstad
682 22	Filipstad
682 23	Filipstad
682 24	Filipstad
682 27	Filipstad
682 30	Filipstad
682 31	Filipstad
682 32	Filipstad
682 33	Filipstad
682 34	Filipstad
682 40	Filipstad
682 60	Lesjöfors
682 90	Nykroppa
682 91	Filipstad
682 92	Filipstad
682 93	Nordmarkshyttan
682 94	Lesjöfors
683 20	Hagfors
683 21	Hagfors
683 22	Hagfors
683 23	Hagfors
683 24	Hagfors
683 29	Hagfors
683 30	Hagfors
683 31	Hagfors
683 32	Hagfors
683 33	Hagfors
683 34	Hagfors
683 40	Uddeholm
683 60	Ekshärad
683 61	Ekshärad
683 62	Ekshärad
683 91	Hagfors
683 92	Hagfors
683 93	Råda
683 95	Sunnemo
684 20	Munkfors
684 21	Munkfors
684 22	Munkfors
684 23	Munkfors
684 28	Munkfors
684 29	Munkfors
684 30	Munkfors
684 31	Munkfors
684 32	Munkfors
684 91	Munkfors
684 92	Munkfors
684 93	Ransäter
684 95	Höje
685 20	Torsby
685 21	Torsby
685 22	Torsby
685 23	Torsby
685 24	Torsby
685 25	Torsby
685 29	Torsby
685 30	Torsby
685 32	Torsby
685 33	Torsby
685 34	Torsby
685 91	Torsby
685 92	Torsby
685 93	Torsby
685 94	Torsby
685 97	Östmark
685 99	Torsby
686 20	Sunne
686 21	Sunne
686 22	Sunne
686 23	Sunne
686 24	Sunne
686 25	Sunne
686 26	Sunne
686 28	Sunne
686 29	Sunne
686 30	Sunne
686 31	Sunne
686 33	Sunne
686 34	Sunne
686 35	Sunne
686 91	Sunne
686 92	Sunne
686 93	Sunne
686 94	Rottneros
686 95	Västra Ämtervik
686 96	Östra Ämtervik
686 97	Lysvik
688 21	Storfors
688 22	Storfors
688 23	Storfors
688 29	Storfors
688 30	Storfors
688 31	Storfors
688 91	Storfors
688 92	Storfors
690 45	Åsbro
691 20	Karlskoga
691 21	Karlskoga
691 22	Karlskoga
691 23	Karlskoga
691 24	Karlskoga
691 25	Karlskoga
691 26	Karlskoga
691 27	Karlskoga
691 31	Karlskoga
691 32	Karlskoga
691 33	Karlskoga
691 34	Karlskoga
691 35	Karlskoga
691 36	Karlskoga
691 37	Karlskoga
691 38	Karlskoga
691 41	Karlskoga
691 42	Karlskoga
691 43	Karlskoga
691 44	Karlskoga
691 45	Karlskoga
691 46	Karlskoga
691 47	Karlskoga
691 48	Karlskoga
691 50	Karlskoga
691 51	Karlskoga
691 52	Karlskoga
691 53	Karlskoga
691 54	Karlskoga
691 75	Karlskoga
691 76	Karlskoga
691 77	Karlskoga
691 78	Karlskoga
691 79	Karlskoga
691 91	Karlskoga
691 93	Karlskoga
691 94	Karlskoga
692 20	Kumla
692 21	Kumla
692 22	Kumla
692 23	Kumla
692 24	Kumla
692 25	Kumla
692 29	Kumla
692 30	Kumla
692 31	Kumla
692 32	Kumla
692 33	Kumla
692 34	Kumla
692 35	Kumla
692 36	Kumla
692 37	Kumla
692 38	Kumla
692 71	Kumla
692 72	Kumla
692 73	Kumla
692 75	Kumla
692 91	Kumla
692 92	Kumla
692 93	Kumla
693 20	Degerfors
693 21	Degerfors
693 22	Degerfors
693 29	Degerfors
693 30	Degerfors
693 31	Degerfors
693 32	Degerfors
693 33	Degerfors
693 34	Degerfors
693 35	Degerfors
693 70	Åtorp
693 73	Svartå
693 91	Degerfors
693 92	Degerfors
693 93	Svartå
693 94	Åtorp
693 95	Åtorp
694 20	Hallsberg
694 21	Hallsberg
694 22	Hallsberg
694 23	Hallsberg
694 24	Hallsberg
694 30	Hallsberg
694 31	Hallsberg
694 32	Hallsberg
694 33	Hallsberg
694 34	Hallsberg
694 35	Hallsberg
694 36	Hallsberg
694 37	Hallsberg
694 50	Vretstorp
694 60	Åsbro
694 72	Östansjö
694 91	Hallsberg
694 92	Hallsberg
694 93	Östansjö
694 94	Vretstorp
694 95	Vretstorp
694 96	Åsbro
695 20	Laxå
695 21	Laxå
695 22	Laxå
695 29	Laxå
695 30	Laxå
695 31	Laxå
695 32	Laxå
695 50	Finnerödja
695 60	Hasselfors
695 72	Röfors
695 91	Laxå
695 92	Laxå
695 93	Finnerödja
695 94	Finnerödja
695 95	Hasselfors
696 20	Askersund
696 21	Askersund
696 22	Askersund
696 23	Askersund
696 30	Askersund
696 31	Askersund
696 32	Askersund
696 33	Askersund
696 34	Askersund
696 74	Hammar
696 75	Åmmeberg
696 76	Zinkgruvan
696 91	Askersund
696 92	Askersund
696 94	Hammar
696 95	Åmmeberg
696 96	Zinkgruvan
697 20	Pålsboda
697 21	Pålsboda
697 22	Pålsboda
697 30	Pålsboda
697 31	Pålsboda
697 32	Pålsboda
697 74	Sköllersta
697 91	Pålsboda
697 92	Pålsboda
697 93	Hjortkvarn
697 94	Sköllersta
702 01	Örebro
702 02	Örebro
702 03	Örebro
702 04	Örebro
702 05	Örebro
702 08	Örebro
702 10	Örebro
702 11	Örebro
702 12	Örebro
702 13	Örebro
702 14	Örebro
702 15	Örebro
702 16	Örebro
702 17	Örebro
702 18	Örebro
702 19	Örebro
702 20	Örebro
702 21	Örebro
702 22	Örebro
702 23	Örebro
702 24	Örebro
702 25	Örebro
702 26	Örebro
702 27	Örebro
702 28	Örebro
702 29	Örebro
702 30	Örebro
702 31	Örebro
702 32	Örebro
702 33	Örebro
702 34	Örebro
702 35	Örebro
702 36	Örebro
702 40	Örebro
702 41	Örebro
702 42	Örebro
702 43	Örebro
702 52	Örebro
702 54	Örebro
702 80	Örebro
702 81	Örebro
702 82	Örebro
702 83	Örebro
702 84	Örebro
702 85	Örebro
702 86	Örebro
702 87	Örebro
702 98	Örebro
702 99	Örebro
703 01	Örebro
703 02	Örebro
703 03	Örebro
703 39	Örebro
703 40	Örebro
703 41	Örebro
703 42	Örebro
703 43	Örebro
703 44	Örebro
703 45	Örebro
703 46	Örebro
703 47	Örebro
703 48	Örebro
703 49	Örebro
703 50	Örebro
703 51	Örebro
703 52	Örebro
703 53	Örebro
703 54	Örebro
703 55	Örebro
703 56	Örebro
703 57	Örebro
703 58	Örebro
703 59	Örebro
703 60	Örebro
703 61	Örebro
703 62	Örebro
703 63	Örebro
703 64	Örebro
703 65	Örebro
703 66	Örebro
703 67	Örebro
703 68	Örebro
703 69	Örebro
703 70	Örebro
703 71	Örebro
703 72	Örebro
703 73	Örebro
703 74	Örebro
703 75	Örebro
703 76	Örebro
703 78	Örebro
703 80	Örebro
703 81	Örebro
703 82	Örebro
703 83	Örebro
705 10	Örebro
705 91	Örebro
705 92	Örebro
705 93	Örebro
705 94	Örebro
705 95	Örebro
705 96	Glanshammar
705 97	Glanshammar
705 98	Lillkyrka
709 99	Örebro
710 41	Fellingsbro
711 20	Lindesberg
711 21	Lindesberg
711 22	Lindesberg
711 23	Lindesberg
711 24	Lindesberg
711 30	Lindesberg
711 31	Lindesberg
711 32	Lindesberg
711 33	Lindesberg
711 34	Lindesberg
711 35	Lindesberg
711 36	Lindesberg
711 72	Vedevåg
711 76	Storå
711 77	Stråssa
711 78	Guldsmedshyttan
711 91	Lindesberg
711 92	Vedevåg
711 93	Lindesberg
711 94	Lindesberg
711 95	Gusselby
711 96	Storå
711 97	Storå
711 98	Ramsberg
712 20	Hällefors
712 21	Hällefors
712 22	Hällefors
712 30	Hällefors
712 31	Hällefors
712 32	Hällefors
712 33	Hällefors
712 34	Hällefors
712 60	Grythyttan
712 91	Hällefors
712 93	Hällefors
712 94	Grythyttan
712 95	Grythyttan
713 20	Nora
713 21	Nora
713 22	Nora
713 23	Nora
713 30	Nora
713 31	Nora
713 32	Nora
713 33	Nora
713 34	Nora
713 72	Gyttorp
713 91	Nora
713 92	Gyttorp
713 93	Nora
713 94	Nora
714 20	Kopparberg
714 21	Kopparberg
714 22	Kopparberg
714 30	Kopparberg
714 31	Kopparberg
714 32	Kopparberg
714 33	Kopparberg
714 34	Kopparberg
714 35	Kopparberg
714 36	Kopparberg
714 37	Kopparberg
714 72	Ställdalen
714 91	Kopparberg
714 92	Kopparberg
714 93	Kopparberg
714 94	Kopparberg
715 20	Odensbacken
715 21	Odensbacken
715 31	Odensbacken
715 32	Odensbacken
715 72	Stora Mellösa
715 91	Odensbacken
715 92	Stora Mellösa
715 93	Odensbacken
715 94	Odensbacken
715 95	Kilsmo
716 20	Fjugesta
716 21	Fjugesta
716 30	Fjugesta
716 31	Fjugesta
716 91	Fjugesta
716 92	Fjugesta
716 93	Fjugesta
716 94	Mullhyttan
718 20	Frövi
718 21	Frövi
718 22	Frövi
718 30	Frövi
718 31	Frövi
718 32	Frövi
718 33	Frövi
718 40	Dyltabruk
718 91	Frövi
718 92	Frövi
718 93	Frövi
718 94	Ervalla
718 95	Ervalla
718 96	Dyltabruk
718 97	Dyltabruk
719 21	Vintrosa
719 22	Vintrosa
719 30	Vintrosa
719 31	Vintrosa
719 32	Vintrosa
719 40	Garphyttan
719 41	Garphyttan
719 91	Vintrosa
719 92	Vintrosa
719 93	Vintrosa
719 94	Vintrosa
719 95	Vintrosa
722 01	Västerås
722 09	Västerås
722 10	Västerås
722 11	Västerås
722 12	Västerås
722 13	Västerås
722 14	Västerås
722 15	Västerås
722 16	Västerås
722 17	Västerås
722 18	Västerås
722 19	Västerås
722 20	Västerås
722 21	Västerås
722 22	Västerås
722 23	Västerås
722 24	Västerås
722 25	Västerås
722 26	Västerås
722 27	Västerås
722 28	Västerås
722 31	Västerås
722 33	Västerås
722 40	Västerås
722 41	Västerås
722 42	Västerås
722 43	Västerås
722 44	Västerås
722 45	Västerås
722 46	Västerås
723 01	Västerås
723 34	Västerås
723 35	Västerås
723 36	Västerås
723 37	Västerås
723 38	Västerås
723 39	Västerås
723 40	Västerås
723 41	Västerås
723 42	Västerås
723 43	Västerås
723 44	Västerås
723 45	Västerås
723 46	Västerås
723 47	Västerås
723 48	Västerås
723 49	Västerås
723 50	Västerås
723 51	Västerås
723 52	Västerås
723 53	Västerås
723 55	Västerås
723 56	Västerås
723 57	Västerås
723 58	Västerås
723 59	Västerås
724 01	Västerås
724 02	Västerås
724 55	Västerås
724 60	Västerås
724 61	Västerås
724 62	Västerås
724 63	Västerås
724 64	Västerås
724 65	Västerås
724 66	Västerås
724 67	Västerås
724 68	Västerås
724 69	Västerås
724 70	Västerås
724 71	Västerås
724 72	Västerås
724 73	Västerås
724 74	Västerås
724 75	Västerås
724 76	Västerås
724 77	Västerås
724 78	Västerås
724 79	Västerås
724 80	Västerås
724 81	Västerås
724 82	Västerås
724 83	Västerås
724 87	Västerås
725 90	Västerås
725 91	Västerås
725 92	Västerås
725 93	Västerås
725 94	Västerås
725 95	Västerås
725 96	Västerås
725 97	Västerås
725 98	Västerås
726 20	Skultuna
726 30	Skultuna
726 31	Skultuna
726 91	Skultuna
726 92	Skultuna
730 30	Kolsva
730 40	Kolbäck
730 50	Skultuna
730 60	Ramnäs
730 61	Virsbo
730 70	Västerfärnebo
730 71	Salbohed
730 91	Riddarhyttan
731 20	Köping
731 21	Köping
731 22	Köping
731 23	Köping
731 24	Köping
731 25	Köping
731 26	Köping
731 27	Köping
731 29	Köping
731 30	Köping
731 31	Köping
731 32	Köping
731 33	Köping
731 34	Köping
731 35	Köping
731 36	Köping
731 37	Köping
731 40	Köping
731 41	Köping
731 42	Köping
731 43	Köping
731 50	Köping
731 51	Köping
731 52	Köping
731 53	Köping
731 54	Köping
731 60	Valskog
731 70	Köping
731 91	Köping
731 92	Köping
731 93	Köping
731 94	Köping
731 95	Köping
731 96	Köping
731 97	Köping
731 98	Köping
732 20	Arboga
732 21	Arboga
732 22	Arboga
732 23	Arboga
732 24	Arboga
732 25	Arboga
732 26	Arboga
732 27	Arboga
732 30	Arboga
732 31	Arboga
732 32	Arboga
732 33	Arboga
732 34	Arboga
732 45	Arboga
732 46	Arboga
732 47	Arboga
732 48	Arboga
732 49	Arboga
732 50	Arboga
732 71	Fellingsbro
732 72	Fellingsbro
732 73	Fellingsbro
732 91	Arboga
732 92	Arboga
732 93	Arboga
732 94	Arboga
732 95	Arboga
732 96	Arboga
732 97	Arboga
732 98	Arboga
733 20	Sala
733 21	Sala
733 22	Sala
733 23	Sala
733 24	Sala
733 25	Sala
733 26	Sala
733 27	Sala
733 30	Sala
733 31	Sala
733 32	Sala
733 33	Sala
733 34	Sala
733 35	Sala
733 36	Sala
733 37	Sala
733 38	Sala
733 39	Sala
733 40	Sala
733 45	Storvreta
733 60	Västerfärnebo
733 61	Västerfärnebo
733 62	Västerfärnebo
733 63	Salbohed
733 73	Ransta
733 75	Möklinta
733 91	Sala
733 92	Sala
733 93	Sala
733 94	Sala
733 95	Sala
733 96	Sala
733 97	Sala
733 98	Ransta
733 99	Möklinta
734 20	Hallstahammar
734 21	Hallstahammar
734 22	Hallstahammar
734 23	Hallstahammar
734 24	Hallstahammar
734 25	Hallstahammar
734 26	Hallstahammar
734 27	Hallstahammar
734 28	Kolbäck
734 30	Hallstahammar
734 31	Hallstahammar
734 32	Hallstahammar
734 33	Hallstahammar
734 34	Hallstahammar
734 35	Hallstahammar
734 36	Hallstahammar
734 37	Hallstahammar
734 38	Hallstahammar
734 39	Hallstahammar
734 40	Hallstahammar
734 50	Kolbäck
734 51	Kolbäck
734 91	Hallstahammar
734 92	Hallstahammar
734 93	Kolbäck
734 94	Strömsholm
735 20	Surahammar
735 21	Surahammar
735 22	Surahammar
735 23	Surahammar
735 31	Surahammar
735 32	Surahammar
735 33	Surahammar
735 34	Surahammar
735 35	Surahammar
735 36	Surahammar
735 37	Surahammar
735 38	Surahammar
735 60	Ramnäs
735 91	Surahammar
735 92	Ramnäs
736 20	Kungsör
736 21	Kungsör
736 22	Kungsör
736 23	Kungsör
736 25	Kungsör
736 30	Kungsör
736 31	Kungsör
736 32	Kungsör
736 33	Kungsör
736 34	Kungsör
736 35	Kungsör
736 36	Kungsör
736 91	Kungsör
736 92	Kungsör
736 93	Kungsör
737 20	Fagersta
737 21	Fagersta
737 22	Fagersta
737 23	Fagersta
737 24	Fagersta
737 25	Fagersta
737 26	Fagersta
737 30	Fagersta
737 31	Fagersta
737 32	Fagersta
737 33	Fagersta
737 34	Fagersta
737 40	Fagersta
737 41	Fagersta
737 42	Fagersta
737 43	Fagersta
737 44	Fagersta
737 45	Fagersta
737 46	Fagersta
737 47	Fagersta
737 48	Fagersta
737 49	Fagersta
737 61	Virsbo
737 90	Ängelsberg
737 91	Fagersta
737 92	Fagersta
738 20	Norberg
738 21	Norberg
738 22	Norberg
738 23	Norberg
738 30	Norberg
738 31	Norberg
738 32	Norberg
738 33	Norberg
738 34	Norberg
738 35	Norberg
738 50	Norberg
738 91	Norberg
738 92	Norberg
739 20	Skinnskatteberg
739 21	Skinnskatteberg
739 22	Skinnskatteberg
739 23	Skinnskatteberg
739 30	Skinnskatteberg
739 31	Skinnskatteberg
739 70	Skinnskatteberg
739 91	Skinnskatteberg
739 92	Skinnskatteberg
739 93	Riddarhyttan
740 20	Vänge
740 21	Järlåsa
740 22	Bälinge
740 30	Björklinge
740 44	Tärnsjö
740 45	Tärnsjö
740 46	Östervåla
740 47	Harbo
740 48	Östervåla
740 71	Öregrund
741 20	Knivsta
741 21	Knivsta
741 22	Knivsta
741 23	Knivsta
741 24	Knivsta
741 25	Knivsta
741 30	Knivsta
741 31	Knivsta
741 39	Knivsta
741 40	Knivsta
741 41	Knivsta
741 42	Knivsta
741 43	Knivsta
741 44	Knivsta
741 45	Knivsta
741 46	Knivsta
741 47	Knivsta
741 71	Knivsta
741 72	Knivsta
741 73	Knivsta
741 75	Knivsta
741 90	Knivsta
741 91	Knivsta
741 92	Knivsta
741 93	Knivsta
741 94	Knivsta
741 95	Knivsta
741 96	Knivsta
741 97	Almunge
741 98	Knutby
742 20	Östhammar
742 21	Östhammar
742 31	Östhammar
742 32	Östhammar
742 33	Östhammar
742 34	Östhammar
742 35	Östhammar
742 36	Östhammar
742 41	Öregrund
742 42	Öregrund
742 43	Öregrund
742 50	Hargshamn
742 91	Östhammar
742 92	Östhammar
742 93	Östhammar
742 94	Östhammar
742 95	Hargshamn
743 20	Storvreta
743 21	Storvreta
743 22	Storvreta
743 30	Storvreta
743 32	Storvreta
743 34	Storvreta
743 35	Storvreta
743 40	Storvreta
743 41	Storvreta
743 45	Storvreta
743 50	Vattholma
743 61	Björklinge
743 62	Björklinge
743 64	Björklinge
743 71	Björklinge
743 72	Björklinge
743 73	Björklinge
743 74	Björklinge
743 91	Storvreta
743 92	Vattholma
743 93	Vattholma
743 94	Skyttorp
743 95	Uppsala
744 20	Heby
744 21	Heby
744 31	Heby
744 32	Heby
744 50	Morgongåva
744 51	Morgongåva
744 91	Heby
744 92	Huddungeby
744 93	Runhällen
744 94	Morgongåva
744 95	Vittinge
744 96	Järlåsa
744 97	Järlåsa
745 20	Enköping
745 21	Enköping
745 22	Enköping
745 23	Enköping
745 25	Enköping
745 26	Enköping
745 27	Enköping
745 28	Enköping
745 30	Enköping
745 31	Enköping
745 32	Enköping
745 33	Enköping
745 34	Enköping
745 35	Enköping
745 36	Enköping
745 37	Enköping
745 38	Enköping
745 39	Enköping
745 40	Enköping
745 41	Enköping
745 42	Enköping
745 44	Enköping
745 45	Enköping
745 47	Enköping
745 60	Enköping
745 61	Enköping
745 62	Enköping
745 63	Enköping
745 64	Enköping
745 69	Enköping
745 71	Enköping
745 91	Enköping
745 92	Enköping
745 93	Enköping
745 94	Enköping
745 95	Enköping
745 96	Enköping
745 97	Enköping
745 98	Enköping
745 99	Enköping
746 20	Bålsta
746 21	Bålsta
746 22	Bålsta
746 23	Bålsta
746 24	Bålsta
746 25	Bålsta
746 26	Bålsta
746 27	Bålsta
746 29	Bålsta
746 30	Bålsta
746 31	Bålsta
746 32	Bålsta
746 33	Bålsta
746 34	Bålsta
746 35	Bålsta
746 36	Bålsta
746 37	Bålsta
746 38	Bålsta
746 39	Bålsta
746 40	Bålsta
746 41	Bålsta
746 50	Bålsta
746 51	Bålsta
746 52	Bålsta
746 91	Bålsta
746 92	Bålsta
746 93	Bålsta
746 94	Bålsta
747 20	Alunda
747 21	Alunda
747 30	Alunda
747 31	Alunda
747 32	Alunda
747 40	Gimo
747 41	Gimo
747 42	Gimo
747 43	Gimo
747 44	Gimo
747 91	Alunda
747 92	Alunda
747 93	Alunda
747 94	Alunda
747 95	Gimo
748 20	Österbybruk
748 21	Österbybruk
748 22	Österbybruk
748 30	Österbybruk
748 31	Österbybruk
748 32	Österbybruk
748 40	Örbyhus
748 41	Örbyhus
748 42	Örbyhus
748 50	Tobo
748 91	Österbybruk
748 92	Österbybruk
748 93	Österbybruk
748 94	Örbyhus
748 95	Örbyhus
748 96	Tobo
749 35	Enköping
749 40	Enköping
749 41	Enköping
749 42	Enköping
749 43	Enköping
749 44	Enköping
749 45	Enköping
749 46	Enköping
749 47	Enköping
749 48	Enköping
749 49	Enköping
749 51	Grillby
749 52	Grillby
749 59	Enköping
749 60	Örsundsbro
749 61	Örsundsbro
749 62	Örsundsbro
749 63	Örsundsbro
749 70	Fjärdhundra
749 71	Fjärdhundra
749 72	Fjärdhundra
752 00	Uppsala
752 17	Uppsala
752 18	Uppsala
752 19	Uppsala
752 20	Uppsala
752 21	Uppsala
752 22	Uppsala
752 23	Uppsala
752 24	Uppsala
752 25	Uppsala
752 26	Uppsala
752 27	Uppsala
752 28	Uppsala
752 29	Uppsala
752 30	Uppsala
752 31	Uppsala
752 32	Uppsala
752 33	Uppsala
752 34	Uppsala
752 35	Uppsala
752 36	Uppsala
752 37	Uppsala
752 38	Uppsala
752 39	Uppsala
752 40	Uppsala
752 41	Uppsala
752 42	Uppsala
752 43	Uppsala
752 44	Uppsala
752 54	Uppsala
752 57	Uppsala
752 58	Uppsala
752 60	Uppsala
752 61	Uppsala
752 62	Uppsala
752 63	Uppsala
752 64	Uppsala
752 65	Uppsala
752 66	Uppsala
752 67	Uppsala
752 68	Uppsala
752 69	Uppsala
752 71	Uppsala
752 72	Uppsala
752 73	Uppsala
752 75	Uppsala
753 00	Uppsala
753 01	Uppsala
753 02	Uppsala
753 03	Uppsala
753 08	Uppsala
753 09	Uppsala
753 10	Uppsala
753 11	Uppsala
753 12	Uppsala
753 13	Uppsala
753 14	Uppsala
753 15	Uppsala
753 16	Uppsala
753 17	Uppsala
753 18	Uppsala
753 19	Uppsala
753 20	Uppsala
753 21	Uppsala
753 22	Uppsala
753 23	Uppsala
753 24	Uppsala
753 25	Uppsala
753 26	Uppsala
753 27	Uppsala
753 28	Uppsala
753 29	Uppsala
753 30	Uppsala
753 31	Uppsala
753 32	Uppsala
753 33	Uppsala
753 34	Uppsala
753 35	Uppsala
753 36	Uppsala
753 37	Uppsala
753 40	Uppsala
753 41	Uppsala
753 42	Uppsala
753 50	Uppsala
753 75	Uppsala
753 80	Uppsala
753 81	Uppsala
753 82	Uppsala
753 83	Uppsala
754 00	Uppsala
754 18	Uppsala
754 19	Uppsala
754 20	Uppsala
754 21	Uppsala
754 22	Uppsala
754 23	Uppsala
754 24	Uppsala
754 25	Uppsala
754 26	Uppsala
754 27	Uppsala
754 28	Uppsala
754 29	Uppsala
754 30	Uppsala
754 31	Uppsala
754 32	Uppsala
754 33	Uppsala
754 34	Uppsala
754 35	Uppsala
754 36	Uppsala
754 37	Uppsala
754 39	Uppsala
754 40	Uppsala
754 41	Uppsala
754 42	Uppsala
754 43	Uppsala
754 44	Uppsala
754 45	Uppsala
754 46	Uppsala
754 47	Uppsala
754 48	Uppsala
754 49	Uppsala
754 50	Uppsala
754 51	Uppsala
754 52	Uppsala
754 53	Uppsala
754 54	Uppsala
754 60	Uppsala
754 71	Uppsala
754 73	Uppsala
754 74	Uppsala
755 00	Uppsala
755 50	Uppsala
755 76	Vänge
755 77	Vänge
755 78	Vänge
755 91	Uppsala
755 92	Uppsala
755 93	Uppsala
755 94	Uppsala
755 95	Uppsala
755 96	Uppsala
755 97	Uppsala
755 98	Uppsala
756 00	Uppsala
756 42	Uppsala
756 43	Uppsala
756 44	Uppsala
756 45	Uppsala
756 46	Uppsala
756 47	Uppsala
756 48	Uppsala
756 49	Uppsala
756 50	Uppsala
756 51	Uppsala
756 52	Uppsala
756 53	Uppsala
756 54	Uppsala
756 55	Uppsala
756 56	Uppsala
756 57	Uppsala
756 58	Uppsala
756 59	Uppsala
756 60	Uppsala
757 00	Uppsala
757 52	Uppsala
757 53	Uppsala
757 54	Uppsala
757 55	Uppsala
757 56	Uppsala
757 57	Uppsala
757 58	Uppsala
757 59	Uppsala
759 00	Uppsala
760 21	Vätö
760 31	Edsbro
760 40	Väddö
760 41	Arholma
760 42	Björkö
760 44	Barnens Ö
760 45	Grisslehamn
760 49	Herräng
761 20	Norrtälje
761 21	Norrtälje
761 22	Norrtälje
761 23	Norrtälje
761 24	Norrtälje
761 28	Norrtälje
761 29	Norrtälje
761 30	Norrtälje
761 31	Norrtälje
761 32	Norrtälje
761 33	Norrtälje
761 34	Norrtälje
761 40	Norrtälje
761 41	Norrtälje
761 42	Norrtälje
761 43	Norrtälje
761 44	Norrtälje
761 45	Norrtälje
761 46	Norrtälje
761 49	Norrtälje
761 50	Norrtälje
761 51	Norrtälje
761 52	Norrtälje
761 53	Norrtälje
761 54	Norrtälje
761 60	Norrtälje
761 61	Norrtälje
761 62	Norrtälje
761 63	Norrtälje
761 64	Norrtälje
761 65	Norrtälje
761 71	Norrtälje
761 72	Norrtälje
761 73	Norrtälje
761 74	Norrtälje
761 75	Norrtälje
761 76	Norrtälje
761 91	Norrtälje
761 92	Norrtälje
761 93	Norrtälje
761 94	Norrtälje
761 98	Norrtälje
762 20	Rimbo
762 21	Rimbo
762 22	Rimbo
762 23	Rimbo
762 31	Rimbo
762 41	Rimbo
762 51	Rimbo
762 61	Rimbo
762 62	Rimbo
762 71	Rimbo
762 91	Rimbo
762 92	Rimbo
762 93	Rimbo
762 94	Rimbo
762 95	Rimbo
762 96	Rånäs
762 97	Edsbro
762 98	Edsbro
763 20	Hallstavik
763 21	Hallstavik
763 22	Hallstavik
763 23	Hallstavik
763 30	Hallstavik
763 34	Hallstavik
763 35	Hallstavik
763 40	Hallstavik
763 41	Hallstavik
763 42	Hallstavik
763 43	Hallstavik
763 71	Herräng
763 90	Herräng
763 91	Hallstavik
763 92	Hallstavik
763 93	Skebobruk
763 94	Hallstavik
764 21	Väddö
764 30	Väddö
764 31	Väddö
764 53	Väddö
764 54	Arholma
764 56	Grisslehamn
764 57	Grisslehamn
764 91	Väddö
764 92	Väddö
764 93	Väddö
770 70	Långshyttan
770 71	Stjärnsund
771 20	Ludvika
771 21	Ludvika
771 22	Ludvika
771 23	Ludvika
771 24	Ludvika
771 25	Ludvika
771 26	Ludvika
771 28	Ludvika
771 30	Ludvika
771 31	Ludvika
771 32	Ludvika
771 33	Ludvika
771 34	Ludvika
771 35	Ludvika
771 36	Ludvika
771 40	Ludvika
771 41	Ludvika
771 42	Ludvika
771 43	Ludvika
771 50	Ludvika
771 51	Ludvika
771 52	Ludvika
771 53	Ludvika
771 54	Ludvika
771 55	Ludvika
771 60	Ludvika
771 65	Ludvika
771 90	Ludvika
771 92	Ludvika
771 94	Ludvika
772 20	Grängesberg
772 21	Grängesberg
772 22	Grängesberg
772 30	Grängesberg
772 31	Grängesberg
772 32	Grängesberg
772 40	Grängesberg
772 50	Grängesberg
772 70	Saxdalen
772 90	Grängesberg
772 92	Grängesberg
772 94	Grängesberg
774 20	Avesta
774 21	Avesta
774 22	Avesta
774 23	Avesta
774 24	Avesta
774 27	Avesta
774 29	Avesta
774 30	Avesta
774 31	Avesta
774 32	Avesta
774 33	Avesta
774 34	Avesta
774 35	Avesta
774 40	Avesta
774 41	Avesta
774 60	Avesta
774 61	Avesta
774 62	Avesta
774 63	Avesta
774 67	Horndal
774 68	Horndal
774 91	Avesta
774 92	Avesta
774 93	Avesta
774 94	Avesta
774 97	Fors
774 98	Horndal
774 99	By Kyrkby
775 25	Krylbo
775 26	Krylbo
775 28	Krylbo
775 50	Krylbo
775 51	Krylbo
775 52	Krylbo
775 53	Krylbo
775 54	Krylbo
775 70	Krylbo
775 71	Krylbo
775 95	Krylbo
775 96	Krylbo
776 20	Hedemora
776 21	Hedemora
776 22	Hedemora
776 23	Hedemora
776 28	Hedemora
776 30	Hedemora
776 31	Hedemora
776 32	Hedemora
776 33	Hedemora
776 34	Hedemora
776 35	Hedemora
776 36	Hedemora
776 70	Vikmanshyttan
776 71	Långshyttan
776 72	Långshyttan
776 73	Långshyttan
776 74	Stjärnsund
776 90	Hedemora
776 91	Hedemora
776 92	Hedemora
776 93	Hedemora
776 95	Vikmanshyttan
776 96	Dala-Husby
776 97	Dala-Husby
776 98	Garpenberg
777 20	Smedjebacken
777 21	Smedjebacken
777 22	Smedjebacken
777 23	Smedjebacken
777 25	Smedjebacken
777 30	Smedjebacken
777 31	Smedjebacken
777 32	Smedjebacken
777 33	Smedjebacken
777 34	Smedjebacken
777 50	Smedjebacken
777 51	Smedjebacken
777 60	Söderbärke
777 90	Smedjebacken
777 91	Smedjebacken
777 93	Söderbärke
777 94	Söderbärke
780 40	Mockfjärd
780 41	Gagnef
780 44	Dala-Floda
780 50	Vansbro
780 51	Dala-Järna
780 53	Nås
780 54	Äppelbo
780 61	Öje
780 64	Lima
780 66	Rörbäcksnäs
780 67	Sälen
780 68	Transtrand
780 91	Sälen
781 20	Borlänge
781 21	Borlänge
781 22	Borlänge
781 23	Borlänge
781 24	Borlänge
781 26	Borlänge
781 27	Borlänge
781 28	Borlänge
781 29	Borlänge
781 60	Gustafs
781 61	Gustafs
781 62	Gustafs
781 68	Borlänge
781 70	Borlänge
781 71	Borlänge
781 72	Borlänge
781 73	Borlänge
781 74	Borlänge
781 90	Borlänge
781 91	Borlänge
781 93	Borlänge
781 94	Borlänge
781 95	Borlänge
781 96	Borlänge
781 97	Borlänge
781 98	Borlänge
781 99	Idkerberget
782 20	Malung
782 21	Malung
782 22	Malung
782 23	Malung
782 24	Malung
782 27	Malung
782 30	Malung
782 31	Malung
782 33	Malung
782 34	Malung
782 35	Malung
782 75	Malungsfors
782 90	Malung
782 91	Malung
783 20	Säter
783 21	Säter
783 22	Säter
783 23	Säter
783 27	Säter
783 30	Säter
783 31	Säter
783 32	Säter
783 34	Säter
783 35	Säter
783 50	Gustafs
783 90	Säter
783 91	Säter
783 92	Stora Skedvi
783 93	Stora Skedvi
783 95	Gustafs
784 30	Borlänge
784 31	Borlänge
784 32	Borlänge
784 33	Borlänge
784 34	Borlänge
784 35	Borlänge
784 36	Borlänge
784 37	Borlänge
784 39	Borlänge
784 40	Borlänge
784 41	Borlänge
784 42	Borlänge
784 43	Borlänge
784 44	Borlänge
784 45	Borlänge
784 50	Borlänge
784 51	Borlänge
784 52	Borlänge
784 53	Borlänge
784 54	Borlänge
784 55	Borlänge
784 56	Borlänge
784 60	Borlänge
784 61	Borlänge
784 62	Borlänge
784 63	Borlänge
784 65	Borlänge
784 66	Borlänge
784 67	Borlänge
784 68	Borlänge
784 72	Borlänge
784 73	Borlänge
784 74	Borlänge
784 75	Borlänge
784 76	Borlänge
784 77	Borlänge
784 78	Borlänge
785 20	Gagnef
785 21	Gagnef
785 30	Gagnef
785 42	Mockfjärd
785 43	Mockfjärd
785 45	Björbo
785 62	Djurmo
785 91	Gagnef
785 92	Gagnef
786 20	Vansbro
786 21	Vansbro
786 31	Vansbro
786 32	Vansbro
786 33	Vansbro
786 71	Dala-Järna
786 72	Dala-Järna
786 91	Vansbro
786 92	Dala-Järna
786 93	Nås
786 94	Äppelbo
786 95	Dala-Floda
786 97	Björbo
790 20	Grycksbo
790 21	Bjursås
790 22	Sågmyra
790 23	Svärdsjö
790 24	Toftbyn
790 25	Linghed
790 26	Enviken
790 31	Djura
791 20	Falun
791 21	Falun
791 22	Falun
791 23	Falun
791 24	Falun
791 25	Falun
791 26	Falun
791 27	Falun
791 28	Falun
791 29	Falun
791 30	Falun
791 31	Falun
791 32	Falun
791 33	Falun
791 34	Falun
791 35	Falun
791 36	Falun
791 37	Falun
791 38	Falun
791 40	Falun
791 41	Falun
791 42	Falun
791 43	Falun
791 44	Falun
791 45	Falun
791 46	Falun
791 47	Falun
791 50	Falun
791 51	Falun
791 52	Falun
791 53	Falun
791 55	Falun
791 56	Falun
791 60	Falun
791 61	Falun
791 62	Falun
791 70	Falun
791 71	Falun
791 72	Falun
791 73	Falun
791 74	Falun
791 75	Falun
791 76	Falun
791 77	Falun
791 79	Falun
791 91	Falun
791 92	Falun
791 93	Falun
791 94	Falun
791 95	Falun
791 96	Falun
792 20	Mora
792 21	Mora
792 22	Mora
792 23	Mora
792 24	Mora
792 25	Mora
792 26	Mora
792 27	Mora
792 30	Mora
792 31	Mora
792 32	Mora
792 33	Mora
792 34	Mora
792 35	Mora
792 36	Mora
792 37	Mora
792 50	Mora
792 51	Mora
792 52	Mora
792 53	Mora
792 75	Färnäs
792 77	Nusnäs
792 90	Sollerön
792 91	Mora
792 92	Mora
792 93	Venjan
792 94	Mora
792 95	Mora
792 96	Våmhus
792 97	Mora
792 98	Garsås
793 20	Leksand
793 21	Leksand
793 22	Leksand
793 23	Leksand
793 24	Leksand
793 25	Leksand
793 26	Leksand
793 27	Leksand
793 30	Leksand
793 31	Leksand
793 32	Leksand
793 33	Leksand
793 35	Leksand
793 36	Leksand
793 40	Insjön
793 41	Insjön
793 50	Leksand
793 60	Siljansnäs
793 70	Tällberg
793 90	Leksand
793 91	Leksand
793 92	Leksand
793 93	Djura
793 94	Tällberg
793 97	Siljansnäs
794 20	Orsa
794 21	Orsa
794 22	Orsa
794 30	Orsa
794 31	Orsa
794 32	Orsa
794 33	Orsa
794 34	Orsa
794 90	Orsa
794 91	Orsa
794 92	Orsa
794 93	Orsa
794 98	Orsa
795 20	Rättvik
795 21	Rättvik
795 22	Rättvik
795 23	Rättvik
795 30	Rättvik
795 31	Rättvik
795 32	Rättvik
795 33	Rättvik
795 35	Rättvik
795 36	Rättvik
795 70	Vikarbyn
795 90	Rättvik
795 91	Rättvik
795 92	Rättvik
795 95	Vikarbyn
795 96	Boda Kyrkby
796 20	Älvdalen
796 21	Älvdalen
796 22	Älvdalen
796 25	Älvdalen
796 26	Älvdalen
796 30	Älvdalen
796 31	Älvdalen
796 90	Älvdalen
796 91	Älvdalen
796 92	Älvdalen
796 99	Älvdalen
802 00	Gävle
802 08	Gävle
802 10	Gävle
802 50	Gävle
802 51	Gävle
802 52	Gävle
802 53	Gävle
802 54	Gävle
802 55	Gävle
802 56	Gävle
802 57	Gävle
802 58	Gävle
802 60	Gävle
802 61	Gävle
802 62	Gävle
802 63	Gävle
802 64	Gävle
802 65	Gävle
802 66	Gävle
802 67	Gävle
802 69	Gävle
802 70	Gävle
802 71	Gävle
802 72	Gävle
802 74	Gävle
802 75	Gävle
802 76	Gävle
802 77	Gävle
802 80	Gävle
802 81	Gävle
802 82	Gävle
802 83	Gävle
802 84	Gävle
802 85	Gävle
802 86	Gävle
802 87	Gävle
802 88	Gävle
802 91	Gävle
802 92	Gävle
802 93	Gävle
803 01	Gävle
803 02	Gävle
803 09	Gävle
803 10	Gävle
803 11	Gävle
803 20	Gävle
803 21	Gävle
803 22	Gävle
803 23	Gävle
803 24	Gävle
803 25	Gävle
804 00	Gävle
804 23	Gävle
804 24	Gävle
804 25	Gävle
804 26	Gävle
804 27	Gävle
804 28	Gävle
804 29	Gävle
804 30	Gävle
804 31	Gävle
804 32	Gävle
804 33	Gävle
804 34	Gävle
805 01	Gävle
805 91	Gävle
805 92	Gävle
805 95	Gävle
805 96	Gävle
805 97	Gävle
805 98	Gävle
806 00	Gävle
806 26	Gävle
806 27	Gävle
806 28	Gävle
806 30	Gävle
806 31	Gävle
806 32	Gävle
806 33	Gävle
806 34	Gävle
806 35	Gävle
806 36	Gävle
806 37	Gävle
806 38	Gävle
806 41	Gävle
806 42	Gävle
806 43	Gävle
806 45	Gävle
806 46	Gävle
806 47	Gävle
806 48	Gävle
806 49	Gävle
810 20	Österfärnebo
810 21	Gysinge
810 22	Årsunda
810 40	Hedesunda
810 64	Karlholmsbruk
810 65	Skärplinge
811 20	Sandviken
811 21	Sandviken
811 22	Sandviken
811 23	Sandviken
811 24	Sandviken
811 25	Sandviken
811 26	Sandviken
811 30	Sandviken
811 31	Sandviken
811 32	Sandviken
811 33	Sandviken
811 34	Sandviken
811 35	Sandviken
811 36	Sandviken
811 37	Sandviken
811 38	Sandviken
811 39	Sandviken
811 40	Sandviken
811 41	Sandviken
811 50	Sandviken
811 51	Sandviken
811 52	Sandviken
811 53	Sandviken
811 54	Sandviken
811 60	Sandviken
811 61	Sandviken
811 62	Sandviken
811 70	Järbo
811 71	Järbo
811 73	Årsunda
811 74	Österfärnebo
811 91	Sandviken
811 92	Sandviken
811 93	Sandviken
811 94	Sandviken
811 95	Järbo
811 96	Årsunda
811 97	Gysinge
811 98	Österfärnebo
811 99	Årsunda
812 20	Storvik
812 21	Storvik
812 22	Storvik
812 25	Storvik
812 30	Storvik
812 31	Storvik
812 40	Kungsgården
812 41	Gästrike-Hammarby
812 51	Åshammar
812 90	Storvik
812 92	Gästrike-Hammarby
812 93	Kungsgården
812 94	Åshammar
813 20	Hofors
813 21	Hofors
813 22	Hofors
813 23	Hofors
813 27	Hofors
813 30	Hofors
813 31	Hofors
813 32	Hofors
813 33	Hofors
813 34	Hofors
813 35	Hofors
813 36	Hofors
813 40	Torsåker
813 91	Hofors
813 94	Torsåker
813 95	Torsåker
813 96	Torsåker
814 20	Skutskär
814 21	Skutskär
814 22	Skutskär
814 23	Skutskär
814 24	Skutskär
814 25	Älvkarleby
814 26	Älvkarleby
814 27	Älvkarleby
814 30	Skutskär
814 31	Skutskär
814 32	Skutskär
814 40	Skutskär
814 41	Skutskär
814 42	Skutskär
814 70	Älvkarleby
814 91	Furuvik
814 92	Skutskär
814 93	Skutskär
814 94	Älvkarleby
814 95	Älvkarleby
815 20	Tierp
815 21	Tierp
815 22	Tierp
815 23	Tierp
815 24	Tierp
815 25	Tierp
815 26	Tierp
815 27	Tierp
815 28	Tierp
815 35	Tierp
815 36	Tierp
815 37	Tierp
815 38	Tierp
815 40	Tierp
815 41	Tierp
815 44	Tierp
815 45	Tierp
815 69	Månkarbo
815 75	Söderfors
815 76	Söderfors
815 91	Tierp
815 92	Tierp
815 93	Tierp
815 94	Tierp
815 95	Månkarbo
816 20	Ockelbo
816 21	Ockelbo
816 22	Ockelbo
816 23	Ockelbo
816 25	Ockelbo
816 26	Ockelbo
816 30	Ockelbo
816 31	Ockelbo
816 90	Ockelbo
816 91	Jädraås
816 92	Lingbo
816 93	Ockelbo
816 94	Ockelbo
816 95	Åmotsbruk
817 20	Norrsundet
817 21	Norrsundet
817 30	Norrsundet
817 40	Bergby
817 91	Norrsundet
817 92	Bergby
817 93	Hamrångefjärden
817 94	Axmar
818 20	Valbo
818 21	Valbo
818 30	Valbo
818 31	Valbo
818 32	Valbo
818 33	Valbo
818 34	Valbo
818 35	Valbo
818 41	Forsbacka
818 42	Forsbacka
818 43	Forsbacka
818 45	Hedesunda
818 91	Valbo
818 92	Valbo
818 95	Hedesunda
818 96	Hedesunda
819 30	Skärplinge
819 40	Karlholmsbruk
819 61	Skärplinge
819 62	Karlholmsbruk
819 63	Hällnäs
819 64	Hällnäs
819 65	Hällnäs
819 66	Tierp
820 20	Ljusne
820 21	Vallvik
820 22	Sandarne
820 23	Bergvik
820 26	Marmaverken
820 29	Stråtjära
820 40	Järvsö
820 41	Färila
820 42	Korskrogen
820 43	Kårböle
820 46	Ramsjö
820 50	Los
820 51	Hamra
820 60	Delsbo
820 62	Bjuråker
820 64	Näsviken
820 65	Forsa
820 70	Bergsjö
820 71	Ilsbo
820 72	Strömsbruk
820 74	Stocka
820 75	Harmånger
820 76	Jättendal
820 77	Gnarp
820 78	Hassela
821 20	Bollnäs
821 21	Bollnäs
821 22	Bollnäs
821 23	Bollnäs
821 24	Bollnäs
821 25	Bollnäs
821 26	Bollnäs
821 27	Arbrå
821 30	Bollnäs
821 31	Bollnäs
821 32	Bollnäs
821 33	Bollnäs
821 34	Bollnäs
821 35	Bollnäs
821 36	Bollnäs
821 40	Bollnäs
821 41	Bollnäs
821 42	Bollnäs
821 43	Bollnäs
821 50	Bollnäs
821 51	Bollnäs
821 58	Rengsjö
821 60	Arbrå
821 61	Arbrå
821 62	Arbrå
821 63	Arbrå
821 67	Vallsta
821 68	Vallsta
821 91	Bollnäs
821 92	Bollnäs
821 93	Bollnäs
821 94	Bollnäs
821 95	Bollnäs
821 98	Rengsjö
822 20	Alfta
822 21	Alfta
822 22	Alfta
822 25	Alfta
822 30	Alfta
822 31	Alfta
822 40	Alfta
822 91	Alfta
822 92	Alfta
822 98	Alfta
822 99	Alfta
823 20	Kilafors
823 21	Kilafors
823 22	Kilafors
823 30	Kilafors
823 91	Kilafors
823 92	Holmsveden
823 93	Segersta
824 20	Hudiksvall
824 21	Hudiksvall
824 22	Hudiksvall
824 23	Hudiksvall
824 24	Hudiksvall
824 25	Hudiksvall
824 26	Hudiksvall
824 27	Hudiksvall
824 28	Hudiksvall
824 30	Hudiksvall
824 31	Hudiksvall
824 32	Hudiksvall
824 33	Hudiksvall
824 34	Hudiksvall
824 35	Hudiksvall
824 39	Hudiksvall
824 40	Hudiksvall
824 41	Hudiksvall
824 42	Hudiksvall
824 43	Hudiksvall
824 44	Hudiksvall
824 45	Hudiksvall
824 50	Hudiksvall
824 51	Hudiksvall
824 52	Hudiksvall
824 53	Hudiksvall
824 54	Hudiksvall
824 55	Hudiksvall
824 56	Hudiksvall
824 60	Forsa
824 61	Forsa
824 62	Forsa
824 65	Näsviken
824 66	Näsviken
824 67	Näsviken
824 70	Delsbo
824 71	Delsbo
824 72	Delsbo
824 73	Delsbo
824 74	Delsbo
824 77	Bjuråker
824 78	Bjuråker
824 79	Bjuråker
824 91	Hudiksvall
824 92	Hudiksvall
824 93	Hudiksvall
824 94	Hudiksvall
824 95	Strömsbruk
824 96	Stocka
825 20	Iggesund
825 21	Iggesund
825 30	Iggesund
825 31	Iggesund
825 32	Iggesund
825 91	Iggesund
825 92	Njutånger
825 93	Njutånger
825 95	Enånger
825 96	Enånger
826 20	Söderhamn
826 21	Söderhamn
826 22	Söderhamn
826 23	Söderhamn
826 24	Söderhamn
826 25	Söderhamn
826 26	Söderhamn
826 27	Söderhamn
826 30	Söderhamn
826 31	Söderhamn
826 32	Söderhamn
826 34	Söderhamn
826 35	Söderhamn
826 36	Söderhamn
826 37	Söderhamn
826 39	Söderhamn
826 40	Söderhamn
826 50	Söderhamn
826 60	Söderhamn
826 61	Söderala
826 62	Norrala
826 67	Bergvik
826 68	Bergvik
826 69	Stråtjära
826 70	Söderhamn
826 72	Sandarne
826 73	Sandarne
826 75	Ljusne
826 76	Ljusne
826 77	Ljusne
826 79	Vallvik
826 91	Söderhamn
826 92	Söderala
826 93	Söderhamn
826 94	Norrala
826 95	Trönödal
827 20	Ljusdal
827 21	Ljusdal
827 22	Ljusdal
827 23	Ljusdal
827 24	Ljusdal
827 25	Ljusdal
827 27	Järvsö
827 28	Färila
827 30	Ljusdal
827 31	Ljusdal
827 32	Ljusdal
827 33	Ljusdal
827 34	Ljusdal
827 35	Ljusdal
827 40	Tallåsen
827 50	Järvsö
827 51	Järvsö
827 52	Järvsö
827 53	Järvsö
827 54	Järvsö
827 60	Färila
827 61	Färila
827 62	Färila
827 63	Färila
827 70	Los
827 71	Hamra
827 72	Korskrogen
827 73	Kårböle
827 75	Ramsjö
827 76	Ramsjö
827 91	Ljusdal
827 92	Ljusdal
827 93	Ljusdal
827 94	Ljusdal
827 95	Tallåsen
828 20	Edsbyn
828 21	Edsbyn
828 22	Edsbyn
828 23	Edsbyn
828 25	Edsbyn
828 30	Edsbyn
828 31	Edsbyn
828 32	Edsbyn
828 33	Edsbyn
828 34	Edsbyn
828 91	Edsbyn
828 92	Edsbyn
828 93	Voxnabruk
828 94	Edsbyn
828 95	Viksjöfors
828 99	Edsbyn
829 20	Bergsjö
829 21	Bergsjö
829 22	Harmånger
829 23	Gnarp
829 24	Hassela
829 50	Bergsjö
829 51	Bergsjö
829 52	Bergsjö
829 53	Bergsjö
829 60	Gnarp
829 61	Gnarp
829 62	Gnarp
829 91	Ilsbo
829 95	Harmånger
829 96	Jättendal
829 98	Hassela
830 21	Tandsbyn
830 22	Fåker
830 24	Oviken
830 30	Lit
830 43	Ås
830 44	Nälden
830 47	Trångsviken
830 51	Offerdal
830 60	Föllinge
830 70	Hammerdal
830 76	Stugun
830 90	Gäddede
831 20	Östersund
831 21	Östersund
831 22	Östersund
831 23	Östersund
831 24	Östersund
831 25	Östersund
831 26	Östersund
831 27	Östersund
831 28	Östersund
831 29	Östersund
831 30	Östersund
831 31	Östersund
831 32	Östersund
831 33	Östersund
831 34	Östersund
831 35	Östersund
831 36	Östersund
831 37	Östersund
831 38	Östersund
831 40	Östersund
831 41	Östersund
831 42	Östersund
831 43	Östersund
831 44	Östersund
831 45	Östersund
831 46	Östersund
831 47	Östersund
831 48	Östersund
831 49	Östersund
831 50	Östersund
831 51	Östersund
831 52	Östersund
831 53	Östersund
831 54	Östersund
831 55	Östersund
831 56	Östersund
831 57	Östersund
831 58	Östersund
831 59	Östersund
831 60	Östersund
831 61	Östersund
831 62	Östersund
831 63	Östersund
831 65	Östersund
831 66	Östersund
831 70	Östersund
831 71	Östersund
831 72	Östersund
831 73	Östersund
831 74	Östersund
831 75	Östersund
831 76	Östersund
831 77	Östersund
831 78	Östersund
831 90	Östersund
831 91	Östersund
831 92	Östersund
831 95	Östersund
831 96	Östersund
831 97	Östersund
831 99	Östersund
832 20	Frösön
832 21	Frösön
832 23	Frösön
832 41	Frösön
832 42	Frösön
832 43	Frösön
832 44	Frösön
832 45	Frösön
832 46	Frösön
832 47	Frösön
832 48	Frösön
832 51	Frösön
832 53	Frösön
832 54	Frösön
832 55	Frösön
832 56	Frösön
832 93	Frösön
832 94	Orrviken
832 96	Frösön
833 20	Strömsund
833 21	Strömsund
833 22	Strömsund
833 23	Strömsund
833 24	Strömsund
833 26	Strömsund
833 27	Strömsund
833 31	Strömsund
833 32	Strömsund
833 33	Strömsund
833 34	Strömsund
833 35	Strömsund
833 36	Strömsund
833 41	Hammerdal
833 48	Hammerdal
833 49	Hammerdal
833 51	Hoting
833 59	Hoting
833 61	Gäddede
833 91	Norråker
833 92	Strömsund
833 93	Strömsund
833 94	Strömsund
833 95	Strömsund
833 96	Strömsund
833 97	Lidsjöberg
833 98	Gäddede
834 20	Brunflo
834 21	Brunflo
834 31	Brunflo
834 32	Brunflo
834 33	Brunflo
834 34	Brunflo
834 96	Brunflo
834 97	Brunflo
834 98	Brunflo
834 99	Tandsbyn
835 20	Krokom
835 21	Krokom
835 22	Krokom
835 23	Föllinge
835 31	Krokom
835 32	Krokom
835 33	Krokom
835 39	Nälden
835 40	Nälden
835 41	Dvärsätt
835 42	Krokom
835 61	Föllinge
835 62	Föllinge
835 63	Föllinge
835 64	Föllinge
835 91	Krokom
835 92	Krokom
835 94	Aspås
835 95	Nälden
835 96	Trångsviken
835 97	Offerdal
835 98	Offerdal
835 99	Krokom
836 31	Lit
836 71	Ås
836 91	Lit
836 92	Lit
836 93	Häggenås
836 94	Ås
836 95	Ås
837 20	Järpen
837 21	Mörsil
837 22	Järpen
837 23	Åre
837 24	Duved
837 25	Storlien
837 31	Järpen
837 32	Järpen
837 41	Mörsil
837 51	Åre
837 52	Åre
837 71	Duved
837 72	Duved
837 73	Duved
837 75	Vålådalen
837 91	Mattmar
837 92	Mörsil
837 93	Järpen
837 94	Järpen
837 95	Undersåker
837 96	Undersåker
837 97	Åre
837 98	Åre
837 99	Storlien
838 20	Frösön
838 21	Frösön
838 26	Frösön
838 27	Frösön
838 71	Frösön
838 72	Frösön
838 73	Frösön
838 74	Frösön
838 75	Frösön
838 76	Frösön
838 77	Frösön
838 78	Frösön
838 79	Frösön
839 20	Östersund
839 21	Östersund
839 22	Östersund
839 23	Östersund
839 24	Östersund
839 25	Östersund
839 26	Östersund
839 27	Östersund
839 28	Östersund
839 29	Östersund
839 30	Östersund
839 31	Östersund
839 32	Östersund
839 33	Östersund
839 34	Östersund
839 35	Östersund
839 36	Östersund
839 37	Östersund
839 38	Östersund
839 39	Östersund
839 40	Östersund
839 41	Östersund
839 42	Östersund
839 43	Östersund
839 44	Östersund
839 45	Östersund
839 46	Östersund
839 47	Östersund
839 48	Östersund
839 49	Östersund
839 50	Östersund
839 77	Östersund
840 30	Rätan
840 31	Åsarna
840 32	Klövsjö
840 40	Svenstavik
840 50	Gällö
840 58	Pilgrimstad
840 60	Bräcke
840 64	Kälarne
840 70	Hammarstrand
840 73	Bispgården
840 90	Ytterhogdal
840 91	Vemhån
840 92	Vemdalen
840 93	Hede
840 94	Tännäs
840 95	Funäsdalen
840 96	Ljusnedal
840 97	Bruksvallarna
840 98	Tänndalen
841 20	Ånge
841 21	Ånge
841 22	Ånge
841 23	Ånge
841 31	Ånge
841 32	Ånge
841 33	Ånge
841 34	Ånge
841 44	Alby
841 71	Fränsta
841 72	Fränsta
841 73	Fränsta
841 74	Fränsta
841 75	Torpshammar
841 77	Torpshammar
841 91	Ånge
841 92	Ånge
841 93	Östavall
841 94	Alby
841 98	Ljungaverk
841 99	Ljungaverk
842 20	Sveg
842 21	Sveg
842 22	Sveg
842 31	Sveg
842 32	Sveg
842 33	Sveg
842 34	Sveg
842 35	Sveg
842 71	Ytterhogdal
842 90	Sveg
842 91	Sveg
842 92	Sveg
842 93	Sveg
842 94	Sveg
842 95	Lillhärdal
842 96	Lofsdalen
842 97	Ytterhogdal
842 99	Sveg
843 20	Bräcke
843 21	Bräcke
843 31	Bräcke
843 32	Bräcke
843 41	Gällö
843 91	Bräcke
843 92	Bräcke
843 93	Bräcke
843 94	Gällö
843 95	Gällö
843 96	Gällö
843 97	Pilgrimstad
844 20	Hammarstrand
844 21	Hammarstrand
844 22	Bispgården
844 23	Kälarne
844 31	Hammarstrand
844 32	Hammarstrand
844 41	Bispgården
844 51	Stugun
844 61	Kälarne
844 91	Hammarstrand
844 92	Hammarstrand
844 93	Bispgården
844 94	Bispgården
844 95	Stugun
844 96	Stugun
844 97	Kälarne
844 98	Kälarne
845 20	Svenstavik
845 21	Svenstavik
845 31	Svenstavik
845 51	Åsarna
845 52	Åsarna
845 61	Svenstavik
845 71	Oviken
845 72	Oviken
845 73	Oviken
845 91	Hallen
845 94	Hackås
845 95	Rätan
845 97	Klövsjö
846 20	Hede
846 21	Hede
846 31	Hede
846 71	Vemdalen
846 72	Funäsdalen
846 73	Funäsdalen
846 74	Funäsdalen
846 91	Hede
846 92	Hede
846 93	Vemhån
846 94	Vemdalen
846 95	Tännäs
846 96	Ljusnedal
846 97	Bruksvallarna
846 98	Tänndalen
852 01	Sundsvall
852 29	Sundsvall
852 30	Sundsvall
852 31	Sundsvall
852 32	Sundsvall
852 33	Sundsvall
852 34	Sundsvall
852 35	Sundsvall
852 36	Sundsvall
852 37	Sundsvall
852 38	Sundsvall
852 39	Sundsvall
852 40	Sundsvall
852 41	Sundsvall
852 42	Sundsvall
852 43	Sundsvall
852 44	Sundsvall
853 01	Sundsvall
853 50	Sundsvall
853 51	Sundsvall
853 52	Sundsvall
853 53	Sundsvall
853 56	Sundsvall
853 57	Sundsvall
853 58	Sundsvall
853 59	Sundsvall
854 01	Sundsvall
854 02	Sundsvall
854 60	Sundsvall
854 61	Sundsvall
854 62	Sundsvall
854 63	Sundsvall
854 66	Sundsvall
854 67	Sundsvall
854 68	Sundsvall
855 61	Kovland
855 90	Sundsvall
855 91	Sundsvall
855 92	Kovland
855 97	Indal
855 98	Liden
855 99	Liden
856 01	Sundsvall
856 30	Sundsvall
856 31	Sundsvall
856 32	Sundsvall
856 33	Sundsvall
856 34	Sundsvall
856 35	Sundsvall
856 40	Sundsvall
856 41	Sundsvall
856 42	Sundsvall
856 43	Sundsvall
856 44	Sundsvall
856 45	Sundsvall
856 50	Sundsvall
856 51	Sundsvall
856 52	Sundsvall
856 53	Sundsvall
857 00	Sundsvall
857 01	Sundsvall
857 30	Sundsvall
857 31	Sundsvall
857 32	Sundsvall
857 33	Sundsvall
857 34	Sundsvall
857 35	Sundsvall
857 40	Sundsvall
857 41	Sundsvall
857 42	Sundsvall
857 50	Sundsvall
857 51	Sundsvall
857 52	Sundsvall
857 53	Sundsvall
859 00	Sundsvall
859 01	Sundsvall
859 02	Sundsvall
859 03	Sundsvall
859 04	Sundsvall
859 05	Sundsvall
859 06	Sundsvall
859 07	Sundsvall
859 08	Sundsvall
859 09	Sundsvall
859 10	Sundsvall
859 11	Sundsvall
859 12	Sundsvall
859 13	Sundsvall
859 14	Sundsvall
859 15	Sundsvall
859 16	Sundsvall
859 17	Sundsvall
859 18	Sundsvall
859 19	Sundsvall
859 20	Sundsvall
859 21	Sundsvall
859 22	Sundsvall
859 23	Sundsvall
859 24	Sundsvall
859 25	Sundsvall
859 26	Sundsvall
859 27	Sundsvall
859 28	Sundsvall
859 29	Sundsvall
859 30	Sundsvall
859 31	Sundsvall
859 32	Sundsvall
859 33	Sundsvall
859 34	Sundsvall
859 35	Sundsvall
859 36	Sundsvall
859 37	Sundsvall
859 38	Sundsvall
859 39	Sundsvall
859 40	Sundsvall
859 41	Sundsvall
859 42	Sundsvall
859 43	Sundsvall
859 44	Sundsvall
859 45	Sundsvall
859 46	Sundsvall
859 47	Sundsvall
859 48	Sundsvall
859 49	Sundsvall
859 50	Sundsvall
859 51	Sundsvall
859 52	Sundsvall
859 53	Sundsvall
859 54	Sundsvall
859 55	Sundsvall
859 56	Sundsvall
859 57	Sundsvall
859 58	Sundsvall
859 59	Sundsvall
859 60	Sundsvall
859 61	Sundsvall
859 62	Sundsvall
859 63	Sundsvall
859 64	Sundsvall
859 65	Sundsvall
859 66	Sundsvall
859 67	Sundsvall
859 68	Sundsvall
859 69	Sundsvall
859 70	Sundsvall
859 71	Sundsvall
859 72	Sundsvall
859 73	Sundsvall
859 74	Sundsvall
859 75	Sundsvall
859 76	Sundsvall
859 77	Sundsvall
859 78	Sundsvall
859 79	Sundsvall
859 80	Sundsvall
859 81	Sundsvall
859 82	Sundsvall
859 83	Sundsvall
859 84	Sundsvall
859 85	Sundsvall
859 86	Sundsvall
859 87	Sundsvall
859 88	Sundsvall
859 89	Sundsvall
859 90	Sundsvall
859 91	Sundsvall
859 92	Sundsvall
859 93	Sundsvall
859 94	Sundsvall
859 95	Sundsvall
859 96	Sundsvall
859 97	Sundsvall
859 98	Sundsvall
859 99	Sundsvall
860 25	Kovland
860 30	Sörberge
860 32	Fagervik
860 33	Bergeforsen
860 35	Söråker
860 40	Indal
860 41	Liden
861 20	Timrå
861 21	Timrå
861 22	Timrå
861 23	Timrå
861 24	Timrå
861 26	Timrå
861 27	Sörberge
861 28	Söråker
861 31	Timrå
861 32	Timrå
861 33	Timrå
861 34	Timrå
861 35	Timrå
861 36	Timrå
861 38	Bergeforsen
861 39	Bergeforsen
861 41	Sörberge
861 42	Sörberge
861 43	Sörberge
861 45	Fagervik
861 51	Söråker
861 52	Söråker
861 91	Timrå
861 92	Bergeforsen
861 94	Söråker
861 95	Söråker
862 20	Kvissleby
862 21	Kvissleby
862 22	Kvissleby
862 23	Kvissleby
862 24	Kvissleby
862 31	Kvissleby
862 32	Kvissleby
862 33	Kvissleby
862 34	Kvissleby
862 40	Njurunda
862 41	Njurunda
862 91	Kvissleby
862 92	Kvissleby
862 94	Njurunda
862 95	Njurunda
862 96	Njurunda
863 01	Sundsvall
863 20	Sundsbruk
863 21	Sundsbruk
863 22	Sundsbruk
863 23	Sundsbruk
863 31	Sundsbruk
863 32	Sundsbruk
863 33	Sundsbruk
863 34	Sundsbruk
863 35	Sundsbruk
863 36	Sundsbruk
863 37	Sundsvall
863 41	Sundsvall
863 42	Sundsvall
864 20	Matfors
864 21	Matfors
864 22	Matfors
864 23	Matfors
864 31	Matfors
864 32	Matfors
864 33	Matfors
864 41	Stöde
864 91	Matfors
864 92	Matfors
864 95	Stöde
864 96	Stöde
865 20	Alnö
865 21	Alnö
865 22	Alnö
865 31	Alnö
865 32	Alnö
865 33	Alnö
865 51	Ankarsvik
865 91	Alnö
865 92	Alnö
870 30	Nordingrå
870 31	Mjällom
870 32	Ullånger
870 33	Docksta
870 52	Nyland
871 20	Härnösand
871 21	Härnösand
871 22	Härnösand
871 23	Härnösand
871 24	Härnösand
871 25	Härnösand
871 26	Härnösand
871 27	Härnösand
871 29	Härnösand
871 30	Härnösand
871 31	Härnösand
871 32	Härnösand
871 33	Härnösand
871 40	Härnösand
871 41	Härnösand
871 42	Härnösand
871 45	Härnösand
871 50	Härnösand
871 51	Härnösand
871 52	Härnösand
871 53	Härnösand
871 54	Härnösand
871 60	Härnösand
871 61	Härnösand
871 62	Härnösand
871 65	Härnösand
871 66	Härnösand
871 71	Älandsbro
871 91	Härnösand
871 92	Härnösand
871 93	Härnösand
871 97	Utansjö
871 98	Ramvik
871 99	Härnösand
872 20	Kramfors
872 21	Kramfors
872 22	Kramfors
872 23	Kramfors
872 24	Kramfors
872 25	Kramfors
872 26	Kramfors
872 30	Kramfors
872 31	Kramfors
872 32	Kramfors
872 33	Kramfors
872 34	Kramfors
872 35	Kramfors
872 36	Kramfors
872 43	Kramfors
872 63	Lunde
872 64	Sandöverken
872 75	Lugnvik
872 91	Kramfors
872 92	Kramfors
872 93	Lunde
872 94	Sandöverken
872 95	Lugnvik
872 98	Noraström
873 20	Bollstabruk
873 21	Bollstabruk
873 22	Bollstabruk
873 30	Bollstabruk
873 40	Bollstabruk
873 50	Väja
873 71	Nyland
873 72	Ullånger
873 91	Bollstabruk
873 92	Bollstabruk
873 93	Nyland
873 94	Nyland
873 95	Ullånger
873 96	Docksta
873 97	Mjällom
873 98	Nordingrå
873 99	Nordingrå
880 30	Näsåker
880 37	Junsele
880 40	Ramsele
880 41	Edsele
880 50	Backe
880 51	Rossön
881 20	Sollefteå
881 21	Sollefteå
881 22	Sollefteå
881 23	Sollefteå
881 24	Sollefteå
881 25	Sollefteå
881 26	Sollefteå
881 27	Sollefteå
881 30	Sollefteå
881 31	Sollefteå
881 32	Sollefteå
881 33	Sollefteå
881 34	Sollefteå
881 35	Sollefteå
881 40	Sollefteå
881 41	Sollefteå
881 50	Sollefteå
881 51	Sollefteå
881 52	Sollefteå
881 60	Sollefteå
881 70	Näsåker
881 91	Sollefteå
881 92	Sollefteå
881 93	Sollefteå
881 94	Sollefteå
881 95	Undrom
881 98	Näsåker
881 99	Näsåker
882 20	Långsele
882 21	Långsele
882 22	Långsele
882 30	Långsele
882 40	Långsele
882 50	Långsele
882 91	Långsele
882 93	Helgum
883 70	Ramsele
883 71	Junsele
883 72	Backe
883 91	Edsele
883 92	Ramsele
883 93	Ramsele
883 94	Backe
883 95	Rossön
883 96	Junsele
883 97	Junsele
890 35	Husum
890 37	Gideå
890 42	Mellansel
890 50	Björna
890 51	Långviksmon
890 54	Trehörningsjö
891 20	Örnsköldsvik
891 21	Örnsköldsvik
891 22	Örnsköldsvik
891 23	Örnsköldsvik
891 24	Örnsköldsvik
891 25	Örnsköldsvik
891 26	Örnsköldsvik
891 27	Örnsköldsvik
891 28	Örnsköldsvik
891 29	Örnsköldsvik
891 30	Örnsköldsvik
891 31	Örnsköldsvik
891 32	Örnsköldsvik
891 33	Örnsköldsvik
891 34	Örnsköldsvik
891 35	Örnsköldsvik
891 36	Örnsköldsvik
891 37	Örnsköldsvik
891 38	Örnsköldsvik
891 39	Örnsköldsvik
891 40	Örnsköldsvik
891 41	Örnsköldsvik
891 42	Örnsköldsvik
891 43	Örnsköldsvik
891 44	Örnsköldsvik
891 45	Örnsköldsvik
891 50	Örnsköldsvik
891 51	Örnsköldsvik
891 55	Arnäsvall
891 60	Örnsköldsvik
891 61	Örnsköldsvik
891 62	Örnsköldsvik
891 63	Örnsköldsvik
891 64	Örnsköldsvik
891 65	Örnsköldsvik
891 77	Järved
891 90	Örnsköldsvik
891 92	Örnsköldsvik
891 95	Arnäsvall
891 96	Arnäsvall
892 20	Domsjö
892 21	Domsjö
892 22	Domsjö
892 23	Domsjö
892 24	Domsjö
892 30	Domsjö
892 31	Domsjö
892 32	Domsjö
892 33	Domsjö
892 34	Domsjö
892 40	Domsjö
892 41	Domsjö
892 42	Domsjö
892 43	Domsjö
892 50	Domsjö
892 51	Domsjö
892 92	Domsjö
893 20	Bjästa
893 21	Bjästa
893 22	Bjästa
893 23	Bjästa
893 24	Bjästa
893 30	Bjästa
893 31	Bjästa
893 40	Köpmanholmen
893 91	Bjästa
893 92	Bjästa
893 95	Sidensjö
893 96	Sidensjö
893 99	Ulvöhamn
894 20	Själevad
894 21	Själevad
894 22	Själevad
894 23	Själevad
894 30	Själevad
894 31	Själevad
894 35	Själevad
894 40	Överhörnäs
894 41	Överhörnäs
894 91	Själevad
894 93	Överhörnäs
894 95	Moliden
895 20	Bredbyn
895 21	Bredbyn
895 22	Bredbyn
895 23	Bredbyn
895 30	Bredbyn
895 40	Mellansel
895 91	Bredbyn
895 92	Bredbyn
895 93	Bredbyn
895 95	Mellansel
895 97	Skorped
895 98	Solberg
895 99	Solberg
896 21	Husum
896 31	Husum
896 32	Husum
896 91	Husum
896 93	Gideå
897 90	Björna
897 91	Långviksmon
903 00	Umeå
903 01	Umeå
903 02	Umeå
903 03	Umeå
903 04	Umeå
903 10	Umeå
903 11	Umeå
903 13	Umeå
903 14	Umeå
903 20	Umeå
903 21	Umeå
903 22	Umeå
903 23	Umeå
903 25	Umeå
903 26	Umeå
903 27	Umeå
903 28	Umeå
903 29	Umeå
903 30	Umeå
903 31	Umeå
903 32	Umeå
903 33	Umeå
903 34	Umeå
903 35	Umeå
903 36	Umeå
903 37	Umeå
903 38	Umeå
903 39	Umeå
903 40	Umeå
903 42	Umeå
903 43	Umeå
903 44	Umeå
903 45	Umeå
903 46	Umeå
903 47	Umeå
903 51	Umeå
903 52	Umeå
903 53	Umeå
903 54	Umeå
903 55	Umeå
903 60	Umeå
903 61	Umeå
903 62	Umeå
903 63	Umeå
903 64	Umeå
903 65	Umeå
904 00	Umeå
904 01	Umeå
904 02	Umeå
904 03	Umeå
904 04	Umeå
904 05	Umeå
904 06	Umeå
904 20	Umeå
904 21	Umeå
904 22	Umeå
904 26	Umeå
904 31	Umeå
904 32	Umeå
904 33	Umeå
904 34	Umeå
904 35	Umeå
904 36	Umeå
904 40	Röbäck
904 41	Röbäck
905 00	Umeå
905 80	Umeå
905 81	Umeå
905 82	Umeå
905 83	Umeå
905 86	Umeå
905 87	Umeå
905 88	Umeå
905 91	Umeå
905 92	Umeå
905 93	Umeå
905 94	Umeå
905 95	Umeå
905 96	Umeå
906 00	Umeå
906 02	Umeå
906 03	Umeå
906 04	Umeå
906 05	Umeå
906 12	Umeå
906 13	Umeå
906 15	Umeå
906 20	Umeå
906 21	Umeå
906 22	Umeå
906 24	Umeå
906 25	Umeå
906 26	Umeå
906 27	Umeå
906 28	Umeå
906 29	Umeå
906 30	Umeå
906 37	Umeå
906 38	Umeå
906 40	Umeå
906 41	Umeå
906 42	Umeå
906 43	Umeå
906 50	Umeå
906 51	Umeå
906 52	Umeå
906 53	Umeå
906 54	Umeå
906 55	Umeå
906 56	Umeå
906 60	Umeå
907 00	Umeå
907 02	Umeå
907 03	Umeå
907 04	Umeå
907 12	Umeå
907 13	Umeå
907 19	Umeå
907 27	Umeå
907 28	Umeå
907 29	Umeå
907 30	Umeå
907 31	Umeå
907 32	Umeå
907 33	Umeå
907 34	Umeå
907 35	Umeå
907 36	Umeå
907 37	Umeå
907 38	Umeå
907 39	Umeå
907 40	Umeå
907 41	Umeå
907 42	Umeå
907 43	Umeå
907 46	Umeå
907 49	Umeå
907 50	Umeå
907 51	Umeå
907 52	Umeå
907 53	Umeå
907 54	Umeå
907 55	Umeå
910 50	Fredrika
910 52	Långbäcken
910 60	Åsele
910 63	Hällaström
910 94	Dikanäs
911 20	Vännäs
911 21	Vännäs
911 30	Vännäs
911 31	Vännäs
911 32	Vännäs
911 33	Vännäs
911 34	Vännäs
911 35	Vännäsby
911 36	Vännäsby
911 91	Vännäs
911 92	Vännäs
911 93	Vännäs
911 94	Vännäs
912 20	Vilhelmina
912 21	Vilhelmina
912 22	Vilhelmina
912 23	Vilhelmina
912 24	Vilhelmina
912 31	Vilhelmina
912 32	Vilhelmina
912 33	Vilhelmina
912 34	Vilhelmina
912 70	Marsfjäll
912 90	Vilhelmina
912 91	Vilhelmina
912 92	Vilhelmina
912 93	Vilhelmina
912 94	Latikberg
912 95	Storseleby
912 97	Malgomaj
912 98	Klimpfjäll
912 99	Vilhelmina
913 20	Holmsund
913 21	Holmsund
913 22	Holmsund
913 31	Holmsund
913 32	Holmsund
913 33	Holmsund
913 34	Holmsund
913 35	Holmsund
913 41	Obbola
913 42	Obbola
914 20	Nordmaling
914 21	Nordmaling
914 22	Nordmaling
914 29	Rundvik
914 31	Nordmaling
914 32	Nordmaling
914 33	Nordmaling
914 41	Rundvik
914 90	Nordmaling
914 91	Nordmaling
914 92	Lögdeå
914 93	Norrfors
914 94	Nyåker
914 95	Gräsmyr
914 96	Håknäs
914 98	Nordmaling
915 20	Robertsfors
915 21	Robertsfors
915 23	Robertsfors
915 31	Robertsfors
915 32	Robertsfors
915 34	Ånäset
915 91	Robertsfors
915 92	Robertsfors
915 93	Robertsfors
915 94	Ånäset
915 95	Ånäset
915 96	Flarken
915 97	Bygdeå
915 98	Bygdeå
916 20	Bjurholm
916 21	Bjurholm
916 31	Bjurholm
916 91	Bjurholm
916 92	Bjurholm
916 93	Bjurholm
916 95	Örträsk
917 20	Dorotea
917 21	Dorotea
917 22	Dorotea
917 31	Dorotea
917 32	Dorotea
917 91	Dorotea
917 93	Lajksjöberg
917 94	Lavsjön
917 95	Svanavattnet
917 99	Dorotea
918 20	Sävar
918 21	Sävar
918 31	Sävar
918 32	Sävar
918 34	Sävar
918 91	Sävar
918 92	Bullmark
918 93	Bygdeå
918 94	Bygdeå
919 20	Åsele
919 21	Åsele
919 31	Åsele
919 32	Åsele
919 91	Åsele
919 92	Åsele
919 93	Fredrika
919 94	Hällaström
919 95	Långbäcken
920 34	Vormsele
920 37	Kristineberg
920 38	Kristineberg
920 39	Rökå
920 40	Kristineberg
920 41	Björksele
920 42	Vindelgransele
920 51	Gunnarn
920 64	Tärnaby
920 70	Sorsele
920 72	Blattnicksele
920 73	Gargnäs
921 20	Lycksele
921 21	Lycksele
921 22	Lycksele
921 23	Lycksele
921 24	Lycksele
921 27	Lycksele
921 28	Lycksele
921 29	Hornmyr
921 31	Lycksele
921 32	Lycksele
921 33	Lycksele
921 34	Lycksele
921 35	Lycksele
921 36	Lycksele
921 37	Lycksele
921 41	Lycksele
921 42	Lycksele
921 45	Lycksele
921 46	Lycksele
921 73	Kristineberg
921 91	Lycksele
921 92	Lycksele
921 93	Lycksele
921 94	Rusksele
921 95	Blåviksjön
921 96	Lycksele
921 99	Lycksele
922 20	Vindeln
922 21	Vindeln
922 31	Vindeln
922 32	Vindeln
922 61	Tavelsjö
922 62	Tavelsjö
922 63	Tavelsjö
922 65	Tavelsjö
922 66	Tavelsjö
922 67	Tavelsjö
922 73	Hällnäs
922 75	Åmsele
922 76	Botsmark
922 77	Botsmark
922 78	Botsmark
922 90	Vindeln
922 91	Vindeln
922 92	Vindeln
922 93	Vindeln
922 94	Tvärålund
922 95	Granö
923 20	Storuman
923 21	Storuman
923 22	Storuman
923 23	Storuman
923 24	Storuman
923 26	Storuman
923 31	Storuman
923 32	Storuman
923 41	Stensele
923 94	Dikanäs
923 97	Slussfors
923 98	Storuman
923 99	Storuman
924 20	Sorsele
924 21	Sorsele
924 31	Sorsele
924 32	Sorsele
924 92	Blattnicksele
924 93	Gargnäs
924 94	Sorsele
924 98	Slagnäs
925 32	Tärnaby
925 91	Tärnaby
930 47	Byske
930 52	Fällfors
930 55	Jörn
930 61	Bastuträsk
930 70	Malå
930 71	Rentjärn
930 72	Adak
930 90	Arjeplog
930 91	Slagnäs
930 92	Mellanström
930 93	Laisvall
931 20	Skellefteå
931 21	Skellefteå
931 22	Skellefteå
931 23	Skellefteå
931 24	Skellefteå
931 27	Skellefteå
931 28	Skellefteå
931 30	Skellefteå
931 31	Skellefteå
931 32	Skellefteå
931 33	Skellefteå
931 34	Skellefteå
931 35	Skellefteå
931 36	Skellefteå
931 37	Skellefteå
931 38	Skellefteå
931 39	Skellefteå
931 40	Skellefteå
931 41	Skellefteå
931 42	Skellefteå
931 44	Skellefteå
931 45	Skellefteå
931 46	Skellefteå
931 48	Skellefteå
931 49	Skellefteå
931 50	Skellefteå
931 51	Skellefteå
931 52	Skellefteå
931 53	Skellefteå
931 54	Skellefteå
931 55	Skellefteå
931 56	Skellefteå
931 57	Skellefteå
931 58	Skellefteå
931 61	Skellefteå
931 62	Skellefteå
931 63	Skellefteå
931 64	Skellefteå
931 65	Skellefteå
931 70	Skellefteå
931 71	Skellefteå
931 76	Skellefteå
931 77	Skellefteå
931 78	Skellefteå
931 91	Skellefteå
931 92	Skellefteå
931 93	Skellefteå
931 94	Skellefteå
931 95	Skellefteå
931 96	Skellefteå
931 97	Skellefteå
931 98	Skellefteå
931 99	Skellefteå
932 20	Skelleftehamn
932 21	Skelleftehamn
932 22	Ursviken
932 31	Skelleftehamn
932 32	Skelleftehamn
932 33	Skelleftehamn
932 34	Örviken
932 35	Ursviken
932 36	Ursviken
932 37	Ursviken
933 20	Arvidsjaur
933 21	Arvidsjaur
933 22	Arvidsjaur
933 27	Arvidsjaur
933 31	Arvidsjaur
933 32	Arvidsjaur
933 33	Arvidsjaur
933 34	Arvidsjaur
933 90	Moskosel
933 91	Arvidsjaur
933 92	Arvidsjaur
933 99	Arvidsjaur
934 20	Kåge
934 21	Kåge
934 24	Byske
934 31	Kåge
934 32	Kåge
934 41	Ersmark
934 51	Byske
934 52	Byske
934 61	Fällfors
934 91	Kåge
934 92	Kåge
934 93	Kusmark
934 94	Kåge
934 95	Kåge
934 96	Kåge
934 97	Byske
934 98	Byske
935 20	Norsjö
935 21	Norsjö
935 31	Norsjö
935 32	Norsjö
935 70	Bastuträsk
935 91	Norsjö
935 92	Norsjö
935 93	Norsjö
936 20	Boliden
936 21	Boliden
936 31	Boliden
936 32	Boliden
936 51	Jörn
936 91	Boliden
936 92	Boliden
936 93	Boliden
936 94	Jörn
936 95	Jörn
937 20	Burträsk
937 21	Burträsk
937 31	Burträsk
937 32	Burträsk
937 33	Bygdsiljum
937 91	Burträsk
937 92	Burträsk
937 93	Burträsk
937 94	Burträsk
937 95	Burträsk
937 96	Bygdsiljum
938 20	Arjeplog
938 21	Arjeplog
938 31	Arjeplog
938 32	Arjeplog
938 92	Mellanström
938 93	Laisvall
938 94	Arjeplog
938 96	Arjeplog
939 20	Malå
939 21	Malå
939 31	Malå
939 32	Malå
939 91	Rentjärn
939 92	Adak
939 93	Malå
939 94	Malå
939 95	Malå
941 20	Piteå
941 21	Piteå
941 22	Piteå
941 23	Piteå
941 24	Piteå
941 25	Piteå
941 26	Piteå
941 28	Piteå
941 31	Piteå
941 32	Piteå
941 33	Piteå
941 34	Piteå
941 35	Piteå
941 36	Piteå
941 37	Piteå
941 38	Piteå
941 39	Piteå
941 40	Piteå
941 41	Piteå
941 42	Piteå
941 43	Piteå
941 46	Piteå
941 47	Piteå
941 48	Piteå
941 50	Piteå
941 51	Piteå
941 52	Piteå
941 53	Piteå
941 61	Piteå
941 62	Piteå
941 63	Piteå
941 64	Piteå
941 65	Piteå
941 66	Piteå
941 91	Piteå
941 92	Arnemark
941 99	Piteå
942 20	Älvsbyn
942 21	Älvsbyn
942 22	Älvsbyn
942 28	Älvsbyn
942 31	Älvsbyn
942 32	Älvsbyn
942 33	Älvsbyn
942 34	Älvsbyn
942 35	Älvsbyn
942 36	Älvsbyn
942 91	Vistträsk
942 92	Älvsbyn
942 93	Älvsbyn
942 94	Sikfors
942 95	Vidsel
942 98	Koler
942 99	Älvsbyn
943 20	Öjebyn
943 21	Öjebyn
943 22	Öjebyn
943 23	Öjebyn
943 28	Öjebyn
943 31	Öjebyn
943 32	Öjebyn
943 33	Öjebyn
943 35	Öjebyn
943 36	Öjebyn
944 20	Hortlax
944 21	Hortlax
944 31	Hortlax
944 32	Hortlax
944 71	Piteå
944 72	Piteå
944 73	Piteå
944 91	Hortlax
944 92	Blåsmark
944 93	Hemmingsmark
944 94	Jävrebyn
945 20	Norrfjärden
945 21	Norrfjärden
945 23	Rosvik
945 31	Norrfjärden
945 32	Norrfjärden
945 33	Rosvik
945 34	Rosvik
945 91	Norrfjärden
945 92	Altersbruk
945 93	Sjulsmark
946 31	Roknäs
946 40	Svensbyn
946 91	Roknäs
946 92	Lillpite
946 99	Roknäs
950 40	Töre
950 42	Morjärv
952 20	Kalix
952 21	Kalix
952 22	Kalix
952 23	Kalix
952 27	Kalix
952 31	Kalix
952 32	Kalix
952 33	Kalix
952 34	Kalix
952 35	Kalix
952 36	Kalix
952 41	Kalix
952 42	Kalix
952 43	Töre
952 44	Töre
952 51	Kalix
952 61	Kalix
952 62	Kalix
952 63	Kalix
952 70	Risögrund
952 71	Karlsborgsverken
952 72	Sangis
952 91	Kalix
952 92	Kalix
952 93	Kalix
952 94	Kalix
952 95	Båtskärsnäs
952 96	Lappträsk
952 97	Kalix
952 98	Morjärv
953 20	Haparanda
953 21	Haparanda
953 22	Haparanda
953 23	Haparanda
953 24	Haparanda
953 28	Haparanda
953 31	Haparanda
953 32	Haparanda
953 33	Haparanda
953 34	Haparanda
953 35	Haparanda
953 36	Haparanda
953 37	Haparanda
953 91	Haparanda
953 92	Haparanda
953 93	Karungi
953 94	Seskarö
953 95	Nikkala
954 20	Gammelstad
954 21	Gammelstad
954 22	Gammelstad
954 23	Gammelstad
954 31	Gammelstad
954 32	Gammelstad
954 33	Gammelstad
954 34	Gammelstad
954 35	Gammelstad
954 41	Södra Sunderbyn
954 42	Södra Sunderbyn
955 20	Råneå
955 21	Råneå
955 22	Råneå
955 31	Råneå
955 32	Råneå
955 91	Råneå
955 92	Råneå
955 95	Niemisel
955 96	Vitå
955 99	Råneå
956 20	Överkalix
956 21	Överkalix
956 22	Överkalix
956 23	Överkalix
956 31	Överkalix
956 32	Överkalix
956 91	Överkalix
956 92	Överkalix
956 93	Överkalix
956 98	Lansjärv
956 99	Överkalix
957 20	Övertorneå
957 21	Övertorneå
957 22	Övertorneå
957 23	Juoksengi
957 31	Övertorneå
957 32	Övertorneå
957 91	Övertorneå
957 92	Övertorneå
957 93	Pello
957 94	Övertorneå
957 99	Övertorneå
960 24	Harads
960 30	Vuollerim
960 33	Murjek
961 20	Boden
961 21	Boden
961 22	Boden
961 23	Boden
961 28	Boden
961 31	Boden
961 32	Boden
961 33	Boden
961 34	Boden
961 35	Boden
961 36	Boden
961 37	Boden
961 38	Boden
961 39	Boden
961 40	Boden
961 42	Boden
961 43	Boden
961 44	Boden
961 45	Boden
961 46	Boden
961 47	Boden
961 48	Boden
961 49	Boden
961 50	Boden
961 51	Boden
961 61	Boden
961 62	Boden
961 64	Boden
961 67	Boden
961 68	Boden
961 73	Boden
961 74	Boden
961 75	Boden
961 76	Boden
961 77	Boden
961 78	Harads
961 90	Harads
961 91	Boden
961 92	Boden
961 93	Boden
961 95	Boden
961 96	Boden
961 97	Gunnarsbyn
961 98	Boden
962 20	Jokkmokk
962 21	Jokkmokk
962 22	Jokkmokk
962 23	Jokkmokk
962 24	Jokkmokk
962 25	Jokkmokk
962 26	Jokkmokk
962 31	Jokkmokk
962 32	Jokkmokk
962 33	Jokkmokk
962 96	Jokkmokk
962 97	Jokkmokk
962 99	Jokkmokk
972 00	Luleå
972 21	Luleå
972 22	Luleå
972 23	Luleå
972 31	Luleå
972 32	Luleå
972 33	Luleå
972 34	Luleå
972 35	Luleå
972 36	Luleå
972 38	Luleå
972 39	Luleå
972 41	Luleå
972 42	Luleå
972 45	Luleå
972 51	Luleå
972 52	Luleå
972 53	Luleå
972 54	Luleå
973 00	Luleå
973 18	Luleå
973 21	Luleå
973 22	Luleå
973 23	Luleå
973 24	Luleå
973 25	Luleå
973 27	Luleå
973 28	Luleå
973 29	Luleå
973 31	Luleå
973 32	Luleå
973 33	Luleå
973 34	Luleå
973 35	Luleå
973 41	Luleå
973 42	Luleå
973 43	Luleå
973 44	Luleå
973 45	Luleå
973 46	Luleå
973 47	Luleå
974 00	Luleå
974 21	Luleå
974 22	Luleå
974 23	Luleå
974 32	Luleå
974 33	Luleå
974 34	Luleå
974 35	Luleå
974 36	Luleå
974 37	Luleå
974 38	Luleå
974 39	Luleå
974 41	Luleå
974 42	Luleå
974 43	Luleå
974 44	Luleå
974 51	Luleå
974 52	Luleå
974 53	Luleå
974 54	Luleå
974 55	Luleå
974 99	Luleå
975 61	Luleå
975 91	Luleå
975 92	Luleå
975 93	Luleå
975 94	Luleå
975 95	Luleå
975 96	Luleå
975 97	Luleå
975 98	Luleå
976 01	Luleå
976 26	Luleå
976 27	Luleå
976 31	Luleå
976 32	Luleå
976 33	Luleå
976 34	Luleå
976 36	Luleå
977 21	Luleå
977 22	Luleå
977 51	Luleå
977 52	Luleå
977 53	Luleå
977 54	Luleå
977 55	Luleå
977 56	Luleå
977 75	Luleå
980 20	Svappavaara
980 41	Hakkas
980 42	Ullatti
980 45	Vettasjärvi
980 60	Korpilombolo
980 61	Tärendö
980 62	Junosuando
980 63	Kangos
980 65	Kainulasjärvi
981 20	Kiruna
981 21	Kiruna
981 22	Kiruna
981 23	Kiruna
981 24	Kiruna
981 27	Kiruna
981 28	Kiruna
981 29	Kiruna
981 30	Kiruna
981 31	Kiruna
981 32	Kiruna
981 33	Kiruna
981 34	Kiruna
981 35	Kiruna
981 36	Kiruna
981 37	Kiruna
981 38	Kiruna
981 39	Kiruna
981 40	Kiruna
981 41	Kiruna
981 42	Kiruna
981 43	Kiruna
981 44	Kiruna
981 45	Kiruna
981 47	Kiruna
981 91	Jukkasjärvi
981 92	Kiruna
981 93	Björkliden
981 94	Riksgränsen
981 95	Kiruna
981 99	Kiruna
982 20	Gällivare
982 21	Gällivare
982 22	Gällivare
982 28	Gällivare
982 31	Gällivare
982 32	Gällivare
982 34	Gällivare
982 35	Gällivare
982 36	Gällivare
982 37	Gällivare
982 38	Gällivare
982 39	Gällivare
982 41	Gällivare
982 60	Porjus
982 61	Svappavaara
982 91	Gällivare
982 92	Gällivare
982 93	Gällivare
982 99	Gällivare
983 20	Malmberget
983 21	Malmberget
983 22	Malmberget
983 25	Malmberget
983 28	Koskullskulle
983 31	Malmberget
983 32	Malmberget
983 33	Malmberget
983 34	Malmberget
983 35	Malmberget
983 36	Malmberget
983 41	Koskullskulle
984 20	Pajala
984 21	Pajala
984 22	Pajala
984 23	Pajala
984 28	Pajala
984 31	Pajala
984 32	Pajala
984 33	Korpilombolo
984 70	Pajala
984 91	Pajala
984 92	Pajala
984 94	Lovikka
984 99	Pajala
985 93	Lannavaara
986 31	Karesuando
