name	locality	segments
Kustvägen	Abbekås	18
Kalmarvägen	Abbekås	10
Faxevägen	Abbekås	9
Nils Holgerssons väg	Abbekås	5
Sockenvägen	Abbekås	5
Södrevångsvägen	Abbekås	5
Kroppsmarksvägen	Abbekås	4
Tennisvägen	Abbekås	4
Fiskarevägen	Abbekås	3
Idrottsvägen	Abbekås	3
Sörgårdsvägen	Adak	9
Slagnäsvägen	Adak	8
Gruvvägen	Adak	3
Ringvägen	Adak	3
Öhmansvägen	Adak	2
Arthur Fribergs väg	Adak	1
Mellansänkevägen	Adak	1
Nygatan	Adak	1
Hjällbovägen	Agnesberg	96
Transportgatan	Agnesberg	92
Gråbovägen	Agnesberg	73
Litteraturgatan	Agnesberg	69
Gamlestadsvägen	Agnesberg	66
Lillekärr norra	Agnesberg	55
Orrekulla industrigata	Agnesberg	48
Lillekärr södra	Agnesberg	46
Nortagenevägen	Agnesberg	46
Lillhagsparken	Agnesberg	44
Bokvägen	Agunnaryd	6
Bygdevägen	Agunnaryd	5
Anders väg	Agunnaryd	3
Promenadvägen	Agunnaryd	3
Agundavägen	Agunnaryd	2
Brånavägen	Agunnaryd	2
Palms väg	Agunnaryd	2
Bankabodavägen	Agunnaryd	1
Björkelundsvägen	Agunnaryd	1
Lönnvägen	Agunnaryd	1
Ledetvägen	Alafors	16
Alingsåsvägen	Alafors	15
Lunnavägen	Alafors	15
Brobacken	Alafors	12
Häljeredsvägen	Alafors	9
Rishedsvägen	Alafors	8
Sjövallavägen	Alafors	8
Brandsbovägen	Alafors	6
Furulundsvägen	Alafors	6
Randåsvägen	Alafors	6
Albyvägen	Alby	14
Gamla vägen	Alby	14
Industrivägen	Alby	13
Idrottsvägen	Alby	10
Murarvägen	Alby	8
Torsjövägen	Alby	7
Omformarvägen	Alby	6
Svenskbyvägen	Alby	5
Tallmovägen	Alby	4
Bakgatan	Alby	3
Runemovägen	Alfta	12
Bornvägen	Alfta	11
Brickmansvägen	Alfta	9
Bromansvägen	Alfta	6
Långgatan	Alfta	6
Rösabergsvägen	Alfta	6
Skindravägen	Alfta	6
Västra Ösavägen	Alfta	6
Kvarnbacksvägen	Alfta	5
Per-Ersvägen	Alfta	5
Lygnövägen	Alingsås	53
Enehagsgatan	Alingsås	39
Marydsvägen	Alingsås	39
Saxebäcksvägen	Alingsås	35
Vänersborgsvägen	Alingsås	34
Färgesundsvägen	Alingsås	31
Stadsskogsgatan	Alingsås	27
Gamla Kungsvägen	Alingsås	22
Bolltorpshöjdsvägen	Alingsås	20
Bolltorpsvägen	Alingsås	20
Vargmossevägen	Almunge	22
Almungevägen	Almunge	13
Eknäsvägen	Almunge	9
Hästhagsvägen	Almunge	8
Eksundavägen	Almunge	6
Lillsjövägen	Almunge	5
Långsjövägen	Almunge	5
Silvervägen	Almunge	5
Bibacken	Almunge	4
Mogavägen	Almunge	4
Raholmsvägen	Alnö	48
Johannedalsvägen	Alnö	38
Färjevägen	Alnö	18
Vibacksvägen	Alnö	12
Kryssarvägen	Alnö	9
Fockvägen	Alnö	8
Kajutvägen	Alnö	8
Sätervägen	Alnö	8
Berghemsvägen	Alnö	7
Tunadalsvägen	Alnö	7
Bäckebovägen	Alsterbro	10
Näshagsvägen	Alsterbro	7
Marknadsvägen	Alsterbro	6
Smedtorpsvägen	Alsterbro	6
Nybrovägen	Alsterbro	5
Oxhagsvägen	Alsterbro	5
Ringvägen	Alsterbro	5
Skolgatan	Alsterbro	5
Stationsgatan	Alsterbro	5
Balebovägen	Alsterbro	4
Storgatan	Alstermo	24
Långgatan	Alstermo	12
Rydeforsvägen	Alstermo	10
Bubbetorpsvägen	Alstermo	8
Alstervägen	Alstermo	6
Stamvägen	Alstermo	6
Parkvägen	Alstermo	5
Aspvägen	Alstermo	4
Fågelvägen	Alstermo	4
Järnvägsgatan	Alstermo	4
Södra Altervägen	Altersbruk	46
Altersbruksvägen	Altersbruk	9
Ytterbyvägen	Altersbruk	8
Dalbackavägen	Altersbruk	6
Lakaforsvägen	Altersbruk	4
Livarvägen	Altersbruk	3
Gamla Bruksvägen	Altersbruk	2
Holmbomsvägen	Altersbruk	2
Holmträskvägen	Altersbruk	2
Holmuddsvägen	Altersbruk	2
Foghammarvägen	Alunda	18
Prästgårdsvägen	Alunda	13
Torpvägen	Alunda	11
Ekebyvägen	Alunda	8
Korsängsvägen	Alunda	7
Enbärsvägen	Alunda	6
Hantverkarvägen	Alunda	6
Marmavägen	Alunda	6
Parkvägen	Alunda	6
Solvarvet	Alunda	6
Växjövägen	Alvesta	30
Värnamovägen	Alvesta	27
Sköldstavägen	Alvesta	19
Blommagårdsvägen	Alvesta	16
Storgatan	Alvesta	15
Fabriksgatan	Alvesta	12
Lekarydsvägen	Alvesta	11
Aringsåsvägen	Alvesta	10
Lilla vägen	Alvesta	10
Lunnagårdsvägen	Alvesta	10
Kungsvägen	Alvhem	5
Stationsvägen	Alvhem	4
Alfs väg	Alvhem	3
Hajs väg	Alvhem	3
Lokvägen	Alvhem	2
Adolf Fredriks väg	Alvhem	1
Dressinvägen	Alvhem	1
Stinsvägen	Alvhem	1
Älgörtsvägen	Alvhem	1
Grysjöåsvägen	Ambjörby	12
Femtåvägen	Ambjörby	5
Björnåsvägen	Ambjörby	4
Albacksvägen	Ambjörby	3
Krusmovägen	Ambjörby	2
Blekvägen	Ambjörby	1
Nyvallsvägen	Ambjörby	1
Sunevallsvägen	Ambjörby	1
Österängsvägen	Ambjörby	1
Lingonstigen	Ambjörnarp	9
Genvägen	Ambjörnarp	6
Solbyvägen	Ambjörnarp	5
Norra Strandvägen	Ambjörnarp	3
Tranemovägen	Ambjörnarp	3
Annelundvägen	Ambjörnarp	2
Fågelvägen	Ambjörnarp	2
Gislavedsvägen	Ambjörnarp	2
Hjortronstigen	Ambjörnarp	2
Södra Strandvägen	Ambjörnarp	2
Pålsvägen	Anderslöv	11
Landsvägen	Anderslöv	10
Östergatan	Anderslöv	10
Smedjegatan	Anderslöv	9
Gabeljungsvägen	Anderslöv	8
Hällåkravägen	Anderslöv	7
Vallgatan	Anderslöv	7
Hagalundsvägen	Anderslöv	6
Nygatan	Anderslöv	6
Asbjärsvägen	Anderslöv	5
Brogatan	Anderstorp	20
Storgatan	Anderstorp	18
Ågatan	Anderstorp	15
Lindvägen	Anderstorp	13
Allégatan	Anderstorp	12
Långgatan	Anderstorp	12
Svarvaretorpsvägen	Anderstorp	11
Hantverkargatan	Anderstorp	10
Parkgatan	Anderstorp	10
Götgatan	Anderstorp	9
Konserthusgatan	Aneby	14
Österlånggatan	Aneby	13
Bredestadsvägen	Aneby	11
Järnvägsgatan	Aneby	10
Skogsgatan	Aneby	10
Västerlånggatan	Aneby	8
Industrigatan	Aneby	7
Köpmansgatan	Aneby	7
Torggatan	Aneby	7
Grännavägen	Aneby	6
Gråbovägen	Angered	71
Ljusårsvägen	Angered	22
Bergsjövägen	Angered	21
Hultavägen	Angered	21
Duvans väg	Angered	19
Äspereds skogsväg	Angered	18
Ekereds höjd	Angered	15
Stjärnbildsgatan	Angered	14
Gunnilsevägen	Angered	13
Badviksvägen	Angered	12
Kungsvägen	Ankarsrum	20
Tjustvägen	Ankarsrum	10
Trädgårdsvägen	Ankarsrum	7
Ankarströmsvägen	Ankarsrum	6
Axhultsvägen	Ankarsrum	6
Bruksvägen	Ankarsrum	6
Ekvägen	Ankarsrum	6
Ankarforsvägen	Ankarsrum	5
Måns Spånbergs väg	Ankarsrum	5
Granvägen	Ankarsrum	4
Raholmsvägen	Ankarsvik	63
Appelbergsvägen	Ankarsvik	32
Övre Raholmsvägen	Ankarsvik	16
Bänkåsvägen	Ankarsvik	13
Norrstigen	Ankarsvik	10
Fartygsvägen	Ankarsvik	8
Kustvägen	Ankarsvik	8
Kyrkbergsvägen	Ankarsvik	8
Bergsvägen	Ankarsvik	6
Linjevägen	Ankarsvik	6
Smedjegatan	Anneberg	9
Järnvägsgatan	Anneberg	5
Dalgatan	Anneberg	4
Eksjövägen	Anneberg	4
Pilabogatan	Anneberg	4
Solbergavägen	Anneberg	4
Upphemsvägen	Anneberg	4
Västra Långgatan	Anneberg	4
Alléen	Anneberg	3
Danielsgatan	Anneberg	3
Strandsjövägen	Annerstad	8
Furulundsvägen	Annerstad	7
Johans väg	Annerstad	5
Nyebrovägen	Annerstad	5
Hamnvägen	Annerstad	4
Sixtens väg	Annerstad	4
Öjarpsvägen	Annerstad	4
Lillehemsvägen	Annerstad	3
Mabäcksvägen	Annerstad	3
Nikanders väg	Annerstad	3
Boråsvägen	Aplared	20
Strandvägen	Aplared	5
Bastuvägen	Aplared	4
Huluvägen	Aplared	4
Johannas väg	Aplared	4
Grändsholmsvägen	Aplared	3
Knotthultsvägen	Aplared	3
Skansaviksvägen	Aplared	3
Skolvägen	Aplared	3
Stationsvägen	Aplared	3
Köpingsvägen	Arboga	18
Fellingsbrovägen	Arboga	16
Jädersvägen	Arboga	13
Centrumleden	Arboga	12
Herrgårdsgatan	Arboga	12
Brattbergsvägen	Arboga	11
Hamrevägen	Arboga	11
Sofiedalsgatan	Arboga	11
Västermovägen	Arboga	11
Västerleden	Arboga	10
Gamla landsvägen	Arbrå	29
Storgatan	Arbrå	19
Västergatan	Arbrå	14
Storsvedvägen	Arbrå	12
Hälsingegatan	Arbrå	11
Stationsesplanaden	Arbrå	11
Sjöstigen	Arbrå	8
Fagernäsvägen	Arbrå	7
Per-Ersgränd	Arbrå	7
Sjörgråvägen	Arbrå	7
Vikavägen	Arholma	21
Marumsvägen	Arholma	20
Rumshamnsvägen	Arholma	19
Bäckviksvägen	Arholma	17
Skatenvägen	Arholma	15
Simpnäs hamnväg	Arholma	14
Järfällastigen	Arholma	12
Utanåvägen	Arholma	12
Björkholmastigen	Arholma	11
Mulnäs	Arholma	11
Himmelstorpsvägen	Arild	16
Nabbavägen	Arild	16
Skäretvägen	Arild	14
Mattlummervägen	Arild	11
Grytvägen	Arild	8
Törnrosvägen	Arild	8
Hagavägen	Arild	7
Kalle Smes väg	Arild	7
Klötesvägen	Arild	7
Strandhagsvägen	Arild	7
Silvervägen	Arjeplog	15
Drottninggatan	Arjeplog	12
Renstigen	Arjeplog	11
Lugnetvägen	Arjeplog	9
Peljevägen	Arjeplog	9
Gruvvägen	Arjeplog	8
Sädvaluspen	Arjeplog	8
Nadokvägen	Arjeplog	7
Slagnäsvägen	Arjeplog	7
Barrgatan	Arjeplog	6
Gamla Arkelstorpsvägen	Arkelstorp	13
Mannestadsvägen	Arkelstorp	13
Ekestadsvägen	Arkelstorp	11
Helmershusvägen	Arkelstorp	11
Limugnsvägen	Arkelstorp	11
Gamla Allarpsvägen	Arkelstorp	10
Gamla byvägen	Arkelstorp	10
Hillehagsvägen	Arkelstorp	9
Flackarpsvägen	Arkelstorp	8
Lille Pers väg	Arkelstorp	8
Lundavägen	Arlöv	74
Vattenverksvägen	Arlöv	43
Klågerupsvägen	Arlöv	37
Flintrännegatan	Arlöv	32
Västkustvägen	Arlöv	32
Inre Ringvägen	Arlöv	30
Toftanäsvägen	Arlöv	25
Lommavägen	Arlöv	23
Sallerupsvägen	Arlöv	23
Gullbergagatan	Arlöv	20
Kläppgärdanvägen	Arnemark	9
Burmansvägen	Arnemark	8
Nybackavägen	Arnemark	7
Stridholmsvägen	Arnemark	7
Pålslättsvägen	Arnemark	5
Degerkullsvägen	Arnemark	4
Färjevägen	Arnemark	4
Isakstigen	Arnemark	4
Rönnbergsvägen	Arnemark	4
Ante Bergs väg	Arnemark	3
Arnäsvägen	Arnäsvall	10
Svartbyvägen	Arnäsvall	8
Härbrevägen	Arnäsvall	7
Måvägen	Arnäsvall	7
Nederövägen	Arnäsvall	6
Sockenvägen	Arnäsvall	6
Örtagårdsvägen	Arnäsvall	6
Fröstavägen	Arnäsvall	5
Pionvägen	Arnäsvall	5
Forbondevägen	Arnäsvall	4
Villavägen	Arvidsjaur	21
Västlundavägen	Arvidsjaur	20
Gamla landsvägen	Arvidsjaur	17
Järnvägsgatan	Arvidsjaur	17
Sten Laestadius väg	Arvidsjaur	16
Fjällströmsvägen	Arvidsjaur	11
Skillnadsgatan	Arvidsjaur	10
Skomakaregatan	Arvidsjaur	10
Stationsgatan	Arvidsjaur	10
Domängatan	Arvidsjaur	9
Järnvägsgatan	Arvika	22
Sävsjövägen	Arvika	19
Fallängsvägen	Arvika	17
Tranbärsvägen	Arvika	14
Kolonigatan	Arvika	13
Solviksvägen	Arvika	13
Västra Kyrkogatan	Arvika	13
Christian Erikssons väg	Arvika	12
Källgatan	Arvika	12
Östra Esplanaden	Arvika	12
Jannebergsvägen	Asarum	54
Hokavägen	Asarum	24
Horsarydsvägen	Asarum	24
Torarpsvägen	Asarum	19
Lärkvägen	Asarum	16
Iglavägen	Asarum	15
Långasjönäsvägen	Asarum	15
Tararpsvägen	Asarum	14
Nya Tingsrydsvägen	Asarum	13
Rosendalsvägen	Asarum	12
Gårdsjögatan	Askersund	15
Hagavägen	Askersund	10
Närlundavägen	Askersund	10
Borgmästargatan	Askersund	7
Drottning Kristinas väg	Askersund	7
Kvarnhagsvägen	Askersund	7
Storgatan	Askersund	7
Bergslagsvägen	Askersund	6
Floragatan	Askersund	6
Gullregnsvägen	Askersund	6
Gamla Särövägen	Askim	33
Hults sörgårdsväg	Askim	25
Skalldalsvägen	Askim	19
Trollåsvägen	Askim	19
Askims kyrkväg	Askim	16
Säröleden	Askim	16
Hovås länsmansväg	Askim	15
Kläppestigen	Askim	12
Sjövägen	Askim	12
Gärdesvägen	Askim	11
Eslövsvägen	Asmundtorp	20
Vadensjövägen	Asmundtorp	9
Munkebäcksvägen	Asmundtorp	8
Råga Hörstadsvägen	Asmundtorp	7
Nissebovägen	Asmundtorp	6
Norrenäsvägen	Asmundtorp	6
Österfäladsvägen	Asmundtorp	6
Fasanvägen	Asmundtorp	5
Hansavägen	Asmundtorp	5
Jägmästarvägen	Asmundtorp	5
Furuvägen	Asperöd	13
Ellestadsvägen	Asperöd	12
Navrödsvägen	Asperöd	10
Granvägen	Asperöd	9
Kvegsänkesvägen	Asperöd	9
Björkvägen	Asperöd	8
Kronhjortsvägen	Asperöd	8
Tockarpsvägen	Asperöd	8
Raftarpsvägen	Asperöd	7
Storvägen	Asperöd	7
Liesvägen	Aspås	8
Nolbacksvägen	Aspås	7
Övre Gräftevägen	Aspås	7
Kvarnvägen	Aspås	6
Brattåkern	Aspås	5
Tomsetvägen	Aspås	5
Gärdevägen	Aspås	4
Nygårdsvägen	Aspås	4
Asplienvägen	Aspås	3
Nedre Gräftevägen	Aspås	2
Älvbrovägen	Avesta	36
Myrgatan	Avesta	19
Prästgatan	Avesta	18
Bergslagsvägen	Avesta	15
Skogsbovägen	Avesta	14
Dalavägen	Avesta	13
Vågmästaregatan	Avesta	13
Axel Johnsons väg	Avesta	12
Krylbovägen	Avesta	12
Borgers väg	Avesta	11
Orrnäsvägen	Axmar	38
Gåsholmavägen	Axmar	37
Axmarstig	Axmar	36
Hamnvägen	Axmar	29
Gamla Gåsholmavägen	Axmar	23
Fallsmursvägen	Axmar	17
Uttervikarna	Axmar	13
Finnharsvägen	Axmar	12
Harivägen	Axmar	12
Skållharsvägen	Axmar	12
Skaravägen	Axvall	13
Ringvägen	Axvall	11
Olofstorpsvägen	Axvall	9
Tranumsvägen	Axvall	8
Wilsons väg	Axvall	6
Hedvägen	Axvall	4
Husargatan	Axvall	4
Långgatan	Axvall	4
Dammgatan	Axvall	3
Mejerigatan	Axvall	3
Hobyvägen	Backaryd	22
Värendsvägen	Backaryd	14
Norra Långgölsövägen	Backaryd	9
Gamla Backarydsvägen	Backaryd	8
Lindetvägen	Backaryd	7
Värmansmålavägen	Backaryd	7
Östra Hultsvägen	Backaryd	7
Möljerydsvägen	Backaryd	6
Årsjömålavägen	Backaryd	6
Hejanvägen	Backaryd	5
Stationsvägen	Backe	22
Gamla vägen	Backe	12
Kyrkvägen	Backe	12
Lasarettsvägen	Backe	6
Läkarvägen	Backe	6
Johannesbergsvägen	Backe	5
Stenhammarsvägen	Backe	5
Mariebergsvägen	Backe	3
Strandvägen	Backe	3
Tallvägen	Backe	3
Sköndalsvägen	Bagarmossen	63
Bagarfruvägen	Bagarmossen	45
Orhemsvägen	Bagarmossen	43
Thorsten Levenstams Väg	Bagarmossen	36
Mickel bagares gränd	Bagarmossen	24
Perstorpsvägen	Bagarmossen	20
Finbagarvägen	Bagarmossen	18
Gråhundsvägen	Bagarmossen	16
Karin Larssons Väg	Bagarmossen	15
Affärsvägen	Bagarmossen	14
Martin P Nilssons väg	Ballingslöv	20
Vångagårdsvägen	Ballingslöv	5
Albins väg	Ballingslöv	4
Almaåvägen	Ballingslöv	4
Ballingslövsvägen	Ballingslöv	3
Solhällsgatan	Ballingslöv	3
Havrabjärsgatan	Ballingslöv	2
Högastensgatan	Ballingslöv	2
Mossvägen	Ballingslöv	2
Pålsgatan	Ballingslöv	2
Nybohovsbacken	Bandhagen	56
Östbergabackarna	Bandhagen	52
Södertäljevägen	Bandhagen	50
Storsjövägen	Bandhagen	38
Svärdlångsvägen	Bandhagen	38
Nybohovsgränd	Bandhagen	28
Årstaängsvägen	Bandhagen	27
Sjöviksbacken	Bandhagen	26
Tellusborgsvägen	Bandhagen	26
Liljeholmsvägen	Bandhagen	22
Björnebergsvägen	Bankeryd	21
Torpleden	Bankeryd	18
Villavägen	Bankeryd	15
Domsandsstigen	Bankeryd	13
Ulfsbostigen	Bankeryd	13
Ekeforsvägen	Bankeryd	11
Kortebovägen	Bankeryd	11
Sjöåkravägen	Bankeryd	11
Trånghallavägen	Bankeryd	11
Vättergatan	Bankeryd	11
Särslövsvägen	Bara	20
Malmövägen	Bara	16
Vinbärsgatan	Bara	16
Möllebergavägen	Bara	13
Banvägen	Bara	12
Joachim Becks gata	Bara	11
Kärrvägen	Bara	8
Bjärshögsvägen	Bara	7
Finnebjersgatan	Bara	7
Virängsvägen	Bara	7
Hakens väg	Barnens Ö	33
Sennebyvägen	Barnens Ö	32
Ytterskär	Barnens Ö	27
Väddö Backaslingan	Barnens Ö	23
Salnövägen	Barnens Ö	21
Messmyrsvägen	Barnens Ö	19
Bylehamnsvägen	Barnens Ö	18
Gåsviksslingan	Barnens Ö	18
Assöslingan	Barnens Ö	15
Gamla Grisslehamnsvägen	Barnens Ö	15
Blåeldvägen	Barsebäck	17
Lundåkravägen	Barsebäck	17
Pinhättevägen	Barsebäck	17
Litorinavägen	Barsebäck	12
Kraftverksvägen	Barsebäck	11
Skepparevägen	Barsebäck	10
Kumlevägen	Barsebäck	9
Kustvägen	Barsebäck	9
Stubbviksvägen	Barsebäck	8
Byastugsvägen	Barsebäck	7
Gubbträskvägen	Bastuträsk	16
Norrsundsvägen	Bastuträsk	16
Hemnäsvägen	Bastuträsk	14
Strandvägen	Bastuträsk	9
Byavägen	Bastuträsk	8
Domänvägen	Bastuträsk	7
Tallvägen	Bastuträsk	6
Västerviksvägen	Bastuträsk	6
Cafévägen	Bastuträsk	5
Skolvägen	Bastuträsk	5
Nötesjövägen	Beddingestrand	19
Fältvägen	Beddingestrand	10
Södra Sturupsvägen	Beddingestrand	10
Bramstorpsvägen	Beddingestrand	9
Killerödsvägen	Beddingestrand	7
Nötesjö bygata	Beddingestrand	7
Lyngsjövägen	Beddingestrand	5
Rampvägen	Beddingestrand	5
Västerlångvägen	Beddingestrand	5
Bremadsvägen	Beddingestrand	4
Karlsbergsvägen	Bengtsfors	13
Kinadalsvägen	Bengtsfors	12
Storgatan	Bengtsfors	11
Djupviksvägen	Bengtsfors	10
Franserudsvägen	Bengtsfors	9
Sandgärdesgatan	Bengtsfors	9
Strandvägen	Bengtsfors	9
Södra vägen	Bengtsfors	9
Blekerigatan	Bengtsfors	8
Centrumvägen	Bengtsfors	8
Västergatan	Berga	11
Stora vägen	Berga	10
Norra Storgatan	Berga	9
Mellbyvägen	Berga	8
Petters väg	Berga	8
Järnvägsgatan	Berga	7
Majsvägen	Berga	6
Södra vägen	Berga	6
Prästgatan	Berga	5
Åsevägen	Berga	5
Viksjövägen	Bergby	27
Heden	Bergby	20
Högbacksvägen	Bergby	15
Hamrångevägen	Bergby	11
Sjökallavägen	Bergby	10
Veda	Bergby	9
Fäbovägen	Bergby	8
Virkesvägen	Bergby	8
Höjdvägen	Bergby	7
Norra Hagstavägen	Bergby	7
Lundevägen	Bergeforsen	21
Sandarnavägen	Bergeforsen	11
Blomkålsgatan	Bergeforsen	10
Flottargatan	Bergeforsen	9
Stavreviksvägen	Bergeforsen	9
Triangelvägen	Bergeforsen	7
Backvägen	Bergeforsen	5
Borrgatan	Bergeforsen	5
Industrigatan	Bergeforsen	5
Långvägen	Bergeforsen	5
Kungskullavägen	Berghem	14
Varbergsvägen	Berghem	14
Daltorpsvägen	Berghem	9
Bäckängsvägen	Berghem	6
Solsätersvägen	Berghem	6
Tingsslättsvägen	Berghem	6
Solhöjdsvägen	Berghem	5
Ljungstenavägen	Berghem	4
Åkrabäcksvägen	Berghem	3
Dalavägen	Berghem	2
Kyrkogatan	Bergkvara	14
Bryggaregatan	Bergkvara	12
Hamngatan	Bergkvara	8
Storgatan	Bergkvara	8
Pråmgatan	Bergkvara	6
Abborregatan	Bergkvara	5
Dalskärsvägen	Bergkvara	5
Norra Ragnabovägen	Bergkvara	5
Siggatorpsvägen	Bergkvara	5
Skogsvägen	Bergkvara	5
Södra vägen	Bergsjö	25
Bållebergsvägen	Bergsjö	22
Bergevägen	Bergsjö	19
Lönnbergsvägen	Bergsjö	10
Skolvägen	Bergsjö	10
Stationsvägen	Bergsjö	8
Prästvägen	Bergsjö	7
Hundskinnsvägen	Bergsjö	6
Schönströms väg	Bergsjö	6
Örnjantesvägen	Bergsjö	6
Skogvägen	Bergvik	18
Vannsättervägen	Bergvik	18
Mohedsvägen	Bergvik	14
Fallvägen	Bergvik	13
Nedre bölegatan	Bergvik	13
Älvstigen	Bergvik	12
Lynäsvägen	Bergvik	10
Norrhällsvägen	Bergvik	9
Åsenvägen	Bergvik	9
Björkhagsvägen	Bergvik	8
Runebyvägen	Bettna	7
Skenalavägen	Bettna	5
Asphagsvägen	Bettna	4
Dalbyvägen	Bettna	4
Kullavägen	Bettna	4
Kungsbackavägen	Bettna	4
Oppundavägen	Bettna	4
Strömsborgsvägen	Bettna	4
Sandavägen	Bettna	3
Enrisvägen	Bettna	2
Södra Särövägen	Billdal	52
Letsegårdsvägen	Billdal	32
Tråkärrsslättvägen	Billdal	28
Billdals hagenväg	Billdal	27
Svindalsvägen	Billdal	25
Kopparåsvägen	Billdal	24
Billdals aspväg	Billdal	23
Lesikavägen	Billdal	22
Billdals lövskogsväg	Billdal	21
Billdals storegårdsväg	Billdal	20
Värmövägen	Billeberga	7
Billeshögsvägen	Billeberga	5
Blomvägen	Billeberga	5
Brovallavägen	Billeberga	5
Hedvägen	Billeberga	5
Södervägen	Billeberga	5
Billebergavägen	Billeberga	4
Idrottsvägen	Billeberga	4
Solhällsvägen	Billeberga	4
Svalövsvägen	Billeberga	4
Nya vägen	Billesholm	15
Torekullsvägen	Billesholm	12
Storgatan	Billesholm	11
Böketoftavägen	Billesholm	9
Järnvägsgatan	Billesholm	9
Ljungsgårdsvägen	Billesholm	9
Sonnadammsgatan	Billesholm	9
Tjutebrovägen	Billesholm	9
Östra vägen	Billesholm	9
Brantastigsvägen	Billesholm	8
Aggarp	Billinge	9
Måns Andreas väg	Billinge	7
Stationsvägen	Billinge	5
Vattenverksvägen	Billinge	4
Aspakullavägen	Billinge	3
Fageråsvägen	Billinge	3
Skogsvägen	Billinge	3
Fädriften	Billinge	2
Kyrkvägen	Billinge	2
Rönneådalsvägen	Billinge	2
Stuputvägen	Billingsfors	13
Dalhemsvägen	Billingsfors	12
Baståsvägen	Billingsfors	9
Strandvägen	Billingsfors	9
Högsvägen	Billingsfors	8
Lövåsvägen	Billingsfors	8
Sågverksvägen	Billingsfors	8
Övre Terrassgatan	Billingsfors	8
Tallåsvägen	Billingsfors	7
Nedre terrassgatan	Billingsfors	6
Sundsvallsvägen	Bispgården	17
Skogsvägen	Bispgården	11
Slåttmyrvägen	Bispgården	11
Hannåsvägen	Bispgården	9
Järåvägen	Bispgården	8
Villavägen	Bispgården	8
Annedalsvägen	Bispgården	5
Industrivägen	Bispgården	5
Nipvägen	Bispgården	5
Alléstigen	Bispgården	4
Kyrkogatan	Bjurholm	12
Sjömyrvägen	Bjurholm	9
Vännäsvägen	Bjurholm	9
Örträskvägen	Bjurholm	7
Nyåsvägen	Bjurholm	5
Storgatan	Bjurholm	5
Brännavägen	Bjurholm	4
Hantverkargatan	Bjurholm	4
Klockarvägen	Bjurholm	4
Lillvägen	Bjurholm	4
Skovägen	Bjursås	18
Proselins väg	Bjursås	16
Klockarns hage	Bjursås	15
Gästgivarvägen	Bjursås	13
Bjursåsvägen	Bjursås	11
Skarpsvedsvägen	Bjursås	10
Björsvedsvägen	Bjursås	8
Holsgatan	Bjursås	8
Borisa	Bjursås	7
Backgårdsvägen	Bjursås	6
Norrdellsvägen	Bjuråker	20
Strömbackavägen	Bjuråker	12
Svågavägen	Bjuråker	10
Ehingervägen	Bjuråker	5
Hamnvägen	Bjuråker	5
Skolvägen	Bjuråker	5
Syltavägen	Bjuråker	5
Söderblomsvägen	Bjuråker	5
Klockarvägen	Bjuråker	4
Forslins väg	Bjuråker	3
Tjutebrovägen	Bjuv	27
Villagatan	Bjuv	14
Almgatan	Bjuv	10
Boställsgatan	Bjuv	10
Blåbärsgatan	Bjuv	9
Hedenvägen	Bjuv	9
Sjukhusvägen	Bjuv	9
Kvarngatan	Bjuv	8
Gruvgatan	Bjuv	7
Orkestergatan	Bjuv	7
Norra vägen	Bjärnum	20
Ringvägen	Bjärnum	15
Boställsgatan	Bjärnum	12
Nygatan	Bjärnum	12
Södra vägen	Bjärnum	12
Göingevägen	Bjärnum	10
Hågnarpsvägen	Bjärnum	9
Slättarödsvägen	Bjärnum	8
Kroppedammsgatan	Bjärnum	7
Piltavägen	Bjärnum	7
Västanvägen	Bjärred	30
Norra Västkustvägen	Bjärred	27
Fjelievägen	Bjärred	20
Leifs väg	Bjärred	19
Kamrersvägen	Bjärred	16
Svalvägen	Bjärred	16
Västervångsvägen	Bjärred	16
Morkullevägen	Bjärred	13
Järavallsvägen	Bjärred	12
Amiralsvägen	Bjärred	11
Nätragatan	Bjästa	23
Fageråsvägen	Bjästa	8
Rosenborgsvägen	Bjästa	8
Dirigentvägen	Bjästa	7
Gitarrvägen	Bjästa	6
Orgelvägen	Bjästa	6
Tjärnvägen	Bjästa	6
Kyrkvägen	Bjästa	5
Åmynnesvägen	Bjästa	5
Bygatan	Bjästa	4
Kullvägen	Björbo	18
Dalsängsvägen	Björbo	10
Storängsvägen	Björbo	9
Björbovägen	Björbo	8
Forsvägen	Björbo	8
Handbackvägen	Björbo	8
Holgattu	Björbo	8
Kullfallsvägen	Björbo	8
Kullsvedsvägen	Björbo	8
Terminalvägen	Björbo	8
Varbergsvägen	Björketorp	10
Österbyvägen	Björketorp	10
Byvägen	Björketorp	4
Marknadsvägen	Björketorp	4
Per Anders väg	Björketorp	4
Holmåkravägen	Björketorp	3
Lundavägen	Björketorp	3
Salemvägen	Björketorp	3
Staxeredsvägen	Björketorp	3
Björkängsvägen	Björketorp	2
Träskvägen	Björkliden	10
Lapportsvägen	Björkliden	9
Vetenskapens väg	Björkliden	4
Kalle Jons väg	Björkliden	2
Karvens väg	Björkliden	2
Syster Syrenas väg	Björkliden	1
Ramsjövägen	Björklinge	49
Puckvägen	Björklinge	10
Ramsjö backe	Björklinge	10
Vendelvägen	Björklinge	10
Bror Hjorths väg	Björklinge	8
Diskusvägen	Björklinge	8
Norra Långåsvägen	Björklinge	8
Norra Tibblevägen	Björklinge	8
Spjutvägen	Björklinge	8
Södra Tibblevägen	Björklinge	8
Karl Johans väg	Björksele	3
Västanbäcksvägen	Björksele	3
Hedvägen	Björksele	1
Sandviksvägen	Björkvik	29
Vedebyvägen	Björkvik	15
Näckrossvängen	Björkvik	6
Munkhagsvägen	Björkvik	5
Yngarestigen	Björkvik	4
Liljekonvaljstigen	Björkvik	3
Åsättersvägen	Björkvik	3
Krusbärsstigen	Björkvik	2
Kyrkvägen	Björkvik	2
Lingonstigen	Björkvik	2
Björkudden	Björkö	65
Granövägen	Björkö	42
Finnholmsvägen	Björkö	27
Förängsudden	Björkö	27
Västernäsvägen	Björkö	26
Sindviksvägen	Björkö	25
Norra Oxhalsövägen	Björkö	22
Parkuddsvägen	Björkö	21
Strömsborgsvägen	Björkö	19
Koholma hamnväg	Björkö	17
Björköbyvägen	Björköby	18
Talgoxevägen	Björköby	8
Hansarpsvägen	Björköby	5
Almvägen	Björköby	3
Aspvägen	Björköby	3
Björkbacksvägen	Björköby	3
Björkmossevägen	Björköby	3
Bofinksvägen	Björköby	3
Kristinelundsvägen	Björköby	2
Alvägen	Björköby	1
Fredrikavägen	Björna	8
Björkvägen	Björna	5
Modovägen	Björna	5
Villagatan	Björna	5
Ängsvägen	Björna	5
Centralgatan	Björna	4
Husumvägen	Björna	4
Öviksvägen	Björna	4
Dalgatan	Björna	3
Granvägen	Björna	3
Krontorpsvägen	Björneborg	14
Kristinehamnsvägen	Björneborg	10
Gullspångsvägen	Björneborg	7
Utfartsvägen	Björneborg	7
Vassgårdavägen	Björneborg	7
Degerforsvägen	Björneborg	6
Parbovägen	Björneborg	6
Stationsvägen	Björneborg	6
Hyttgatan	Björneborg	5
Verkstadsgatan	Björneborg	5
Ekvägen	Björnlunda	11
Kvarnvägen	Björnlunda	6
Nystugevägen	Björnlunda	6
Ullevivägen	Björnlunda	6
Humlevägen	Björnlunda	5
Hacksjövägen	Björnlunda	4
Hagvägen	Björnlunda	4
Norrgårdsvägen	Björnlunda	4
Smedjevägen	Björnlunda	4
Stationsvägen	Björnlunda	4
Byvägen	Blackstad	4
Sparbanksvägen	Blackstad	4
Backsippevändan	Blackstad	3
Norringevägen	Blackstad	3
Grabovägen	Blackstad	2
Korsgrindsallén	Blackstad	2
Kyrkbacken	Blackstad	2
Dackevändan	Blackstad	1
Kyrksjövägen	Blackstad	1
Lundskullevändan	Blackstad	1
Skolvägen	Blattnicksele	5
Ekorrvägen	Blattnicksele	4
Strandvägen	Blattnicksele	4
Färjvägen	Blattnicksele	3
Gaiva	Blattnicksele	3
Stationsvägen	Blattnicksele	3
Magasinsvägen	Blattnicksele	2
Parkvägen	Blattnicksele	2
Renmansvägen	Blattnicksele	2
Stens väg	Blattnicksele	2
Bleketvägen	Bleket	15
Ängholmsvägen	Bleket	10
Vettebergsvägen	Bleket	6
Gamla vägen	Bleket	4
Kvarnbergsvägen	Bleket	4
Marinvägen	Bleket	4
Slåtthusvägen	Bleket	4
Stansviksvägen	Bleket	4
Strandgatan	Bleket	4
Utmarksvägen	Bleket	4
Simontorps Säteriväg	Blentarp	12
Ågerupsvägen	Blentarp	11
Karupsvägen	Blentarp	10
Nämndemansvägen	Blentarp	9
Blentarpsvägen	Blentarp	8
Elsagårdsvägen	Blentarp	8
Kagebjersvägen	Blentarp	8
Kläckerivägen	Blentarp	8
Simontorpsvägen	Blentarp	8
Ängavägen	Blentarp	8
Mönevägen	Blidsberg	12
Falköpingsvägen	Blidsberg	6
Ulricehamnsvägen	Blidsberg	6
S:t Bertils väg	Blidsberg	5
Skolhusvägen	Blidsberg	5
Stationsvägen	Blidsberg	5
Bergbackagatan	Blidsberg	4
Elsegårdsvägen	Blidsberg	4
Brogärdesvägen	Blidsberg	3
Hallabovägen	Blidsberg	3
Algatan	Blomstermåla	10
Sandbäckshultsvägen	Blomstermåla	9
Skäppentorpsvägen	Blomstermåla	9
Backgatan	Blomstermåla	6
Krungårdsvägen	Blomstermåla	6
Skällerydsvägen	Blomstermåla	6
Dalgatan	Blomstermåla	5
Norbavägen	Blomstermåla	5
Ringvägen	Blomstermåla	5
Sandgatan	Blomstermåla	5
Västra vägen	Blåsmark	16
Blåsmarksvägen	Blåsmark	12
Igeltjärnvägen	Blåsmark	6
Kallforsvägen	Blåsmark	6
Minavägen	Blåsmark	6
Mellansjövägen	Blåsmark	4
Renstigen	Blåsmark	4
Gårdsmyrvägen	Blåsmark	3
Järvstigen	Blåsmark	3
Lillkvarnvägen	Blåsmark	3
Ponderosavägen	Blåviksjön	7
Gästgivarevägen	Bockara	23
Kyrkvägen	Bockara	12
Prästgårdsvägen	Bockara	11
Stationsvägen	Bockara	9
Ringvägen	Bockara	8
Klockgärdesvägen	Bockara	5
Skolvägen	Bockara	5
Välenvägen	Bockara	5
Ängsvägen	Bockara	5
Bruksvägen	Bockara	4
Storgatan	Boda Glasbruk	8
Smedgatan	Boda Glasbruk	7
Idrottsvägen	Boda Glasbruk	5
Gransjövägen	Boda Glasbruk	4
Kärravägen	Boda Glasbruk	4
Ekbackevägen	Boda Glasbruk	3
Kulans väg	Boda Glasbruk	3
Skolgatan	Boda Glasbruk	3
Bolet	Boda Glasbruk	2
Hyttvägen	Boda Glasbruk	2
Ovanmyra byväg	Boda Kyrkby	30
Sjurbergsvägen	Boda Kyrkby	24
Lenåsvägen	Boda Kyrkby	23
Dalhallavägen	Boda Kyrkby	19
Östra Boda Lenåsvägen	Boda Kyrkby	17
Backa Norrgårdsvägen	Boda Kyrkby	16
Björkallén	Boda Kyrkby	16
Silverberg Södra vägen	Boda Kyrkby	14
Tempelvägen	Boda Kyrkby	14
Östra Boda Klittgatu	Boda Kyrkby	13
Per Hörbergs väg	Bodafors	10
Parkgatan	Bodafors	9
Smedgatan	Bodafors	9
Hantverkaregatan	Bodafors	8
Myrgatan	Bodafors	8
Torggatan	Bodafors	8
Jönköpingsvägen	Bodafors	7
Magasinsgatan	Bodafors	7
Skolgatan	Bodafors	7
Allégatan	Bodafors	6
Svängleden	Boden	27
Brogatan	Boden	18
Kyrkgatan	Boden	18
Garnisonsgatan	Boden	17
Ortenmyrvägen	Boden	17
Sävastvägen	Boden	17
Kryddvägen	Boden	16
Kungsgatan	Boden	16
Gamla Lulevägen	Boden	15
Trångforsvägen	Boden	15
Åsbyvägen	Bograngen	8
Tossjödammvägen	Bograngen	5
Lettenvägen	Bograngen	4
Tåsanvägen	Bograngen	4
Gränsvägen	Bograngen	3
Bograngenvägen	Bograngen	2
Prästgårdsvägen	Bograngen	2
Rönnvägen	Bograngen	2
Skjutbanevägen	Bograngen	2
Sollidenvägen	Bograngen	2
Lilla Kongahällavägen	Bohus	30
Ellesbobacken	Bohus	19
Skårdalsvägen	Bohus	18
Jordfallsvägen	Bohus	12
Bohushöjdsvägen	Bohus	11
Sandliden	Bohus	11
Kongahällavägen	Bohus	10
Göteborgsvägen	Bohus	9
Lindvägen	Bohus	9
Rördalsvägen	Bohus	9
Långesandsvägen	Bohus-Björkö	12
Blåbärsvägen	Bohus-Björkö	6
Norgårdsvägen	Bohus-Björkö	5
Olvonvägen	Bohus-Björkö	4
Backevägen	Bohus-Björkö	3
Bergmans väg	Bohus-Björkö	3
Björnbärsvägen	Bohus-Björkö	3
Hummerviksvägen	Bohus-Björkö	3
Hälsövägen	Bohus-Björkö	3
Kornellvägen	Bohus-Björkö	3
Kungshamnsvägen	Bohus-Malmön	5
Per väktares gata	Bohus-Malmön	5
Drottning Astrids väg	Bohus-Malmön	3
Kvarngatan	Bohus-Malmön	3
Vikarvsvägen	Bohus-Malmön	3
Sollidenvägen	Bohus-Malmön	2
Museivägen	Bohus-Malmön	1
Riddar Axels gata	Bohus-Malmön	1
Robackevägen	Bohus-Malmön	1
Skolgatan	Boliden	23
Strömforsvägen	Boliden	21
Ringen	Boliden	11
Yttervägen	Boliden	11
Storgatan	Boliden	10
Östra Järnvägsgatan	Boliden	9
Anrikningsvägen	Boliden	7
Stationsgatan	Boliden	7
Bäckgatan	Boliden	6
Kyrkogatan	Boliden	6
Kungsbackavägen	Bollebygd	14
Erikstorpsvägen	Bollebygd	13
Skräddaregårdsvägen	Bollebygd	13
Kråktorpsvägen	Bollebygd	12
Rinna Söderväg	Bollebygd	12
Göteborgsvägen	Bollebygd	11
Björnskogsvägen	Bollebygd	8
Örehultsvägen	Bollebygd	8
Egnahemsvägen	Bollebygd	7
Rinnavägen	Bollebygd	7
Fröstevägen	Bollnäs	24
Bollevägen	Bollnäs	21
Anneforsvägen	Bollnäs	19
Södra Kilaforsvägen	Bollnäs	19
Arbråvägen	Bollnäs	17
Björkhamregatan	Bollnäs	15
Sjukhusvägen	Bollnäs	15
Virvelvägen	Bollnäs	14
Norrlandsvägen	Bollnäs	13
Skogsvägen	Bollnäs	13
Tunsjövägen	Bollstabruk	21
Storgatan	Bollstabruk	20
Strandvägen	Bollstabruk	15
Movägen	Bollstabruk	14
Byvägen	Bollstabruk	13
Ringvägen	Bollstabruk	12
Borgargatan	Bollstabruk	11
Bruksvägen	Bollstabruk	11
Åslingevägen	Bollstabruk	11
Holmnäsvägen	Bollstabruk	10
Kyrkvägen	Bor	11
Linbastuvägen	Bor	7
Rastavallsvägen	Bor	7
Savens väg	Bor	7
Östergårdsvägen	Bor	7
Kvadervägen	Bor	6
Vikavägen	Bor	6
Stationsvägen	Bor	5
Ångloksvägen	Bor	5
Skogsvägen	Bor	4
Norrbygatan	Borensberg	23
Älgstigen	Borensberg	14
Hällsättersleden	Borensberg	13
Fågelsjövägen	Borensberg	11
Husbyvägen	Borensberg	11
Trädgårdsgatan	Borensberg	11
Enbacken	Borensberg	10
Falkgatan	Borensberg	9
Skogsödlevägen	Borensberg	9
Skolgatan	Borensberg	9
Hovanäsvägen	Borghamn	14
Borghamnsvägen	Borghamn	10
Rogslösa kyrkväg	Borghamn	7
Släggvägen	Borghamn	7
Bårstadvägen	Borghamn	6
Sjövägen	Borghamn	5
Stationsvägen	Borghamn	5
Borgshultsvägen	Borghamn	3
Strandstigen	Borghamn	3
Bockavägen	Borghamn	2
Sandgatan	Borgholm	20
Lannsjövägen	Borgholm	18
Köpingevägen	Borgholm	17
Sjöstugevägen	Borgholm	17
Valsnäsgatan	Borgholm	16
Skedemossevägen	Borgholm	15
Golfbyvägen	Borgholm	14
Ängshökens väg	Borgholm	14
Torsgatan	Borgholm	13
Nedra Vannborga by	Borgholm	12
Deragårdsvägen	Borgstena	12
Länsvägen	Borgstena	12
Björkängsvägen	Borgstena	4
Haraldsvägen	Borgstena	4
Kronängsvägen	Borgstena	3
Krögarevägen	Borgstena	3
Kvarnfallsvägen	Borgstena	3
Källåsvägen	Borgstena	3
Låkenäsvägen	Borgstena	3
Solängsvägen	Borgstena	3
Röda vägen	Borlänge	45
Tjärnavägen	Borlänge	43
Mats Knuts väg	Borlänge	34
Tunavägen	Borlänge	33
Lapp Anders väg	Borlänge	31
Årbyvägen	Borlänge	31
Ovanbrogatan	Borlänge	25
Amsbergsvägen	Borlänge	23
Kvarnsvedsvägen	Borlänge	19
Skogsvägen	Borlänge	19
Per Ivars väg	Borrby	12
Sandby strandväg	Borrby	12
Gamla kustvägen	Borrby	10
Norra Tuvevägen	Borrby	10
Sandby byaväg	Borrby	10
Sandbybäcksvägen	Borrby	10
Bygatan	Borrby	9
Räckavägen	Borrby	9
Hillshögsvägen	Borrby	8
Sandbacka	Borrby	8
Göteborgsvägen	Borås	52
Brämhultsvägen	Borås	40
Trandaredsgatan	Borås	40
Lars Kaggsgatan	Borås	37
Samaritvägen	Borås	37
Symfonigatan	Borås	36
Skaraborgsvägen	Borås	35
Alingsåsvägen	Borås	33
Lilla Brogatan	Borås	28
Varbergsvägen	Borås	27
Lappbrovägen	Botsmark	10
Rådmansvägen	Botsmark	9
Åkerviksvägen	Botsmark	6
Asplidvägen	Botsmark	5
Botulfsvägen	Botsmark	5
Stenbergsvägen	Botsmark	5
Företagsvägen	Botsmark	4
Högliden	Botsmark	4
Bergviksvägen	Botsmark	3
Byagårdsvägen	Botsmark	3
Johan Printz väg	Bottnaryd	8
Lindängsvägen	Bottnaryd	8
Nissastigen	Bottnaryd	7
Nygatan	Bottnaryd	7
Movägen	Bottnaryd	6
Byskolevägen	Bottnaryd	5
Operaliden	Bottnaryd	5
Rönnbärsvägen	Bottnaryd	5
Snickarevägen	Bottnaryd	5
Klockarevägen	Bottnaryd	4
Dinglevägen	Bovallstrand	18
Långekärrsvägen	Bovallstrand	16
Svenneby häradsväg	Bovallstrand	11
Idrottsvägen	Bovallstrand	9
Sotenäsvägen	Bovallstrand	9
Havsvägen	Bovallstrand	8
Heljerödsgatan	Bovallstrand	8
Grönviksgatan	Bovallstrand	6
Valövägen	Bovallstrand	6
Övre Hogslättsvägen	Bovallstrand	6
Väderstadsvägen	Boxholm	13
Västerleden	Boxholm	12
Carl Tryggers väg	Boxholm	10
Ringvägen	Boxholm	10
Storgatan	Boxholm	10
Älvkullevägen	Boxholm	10
Fällhagsvägen	Boxholm	9
Parkgatan	Boxholm	9
Skyttebovägen	Boxholm	9
Wrangels väg	Boxholm	9
Gatebäcksvägen	Brandstorp	4
Hjällövägen	Brandstorp	4
Körsbärsstigen	Brandstorp	4
Nyponstigen	Brandstorp	4
Svedgatan	Brandstorp	3
Brandstorpsvägen	Brandstorp	2
Bredsjön Tallstigen	Brandstorp	2
Krikongatan	Brandstorp	2
Naxosgatan	Brandstorp	2
Smultronstigen	Brandstorp	2
Östersjögatan	Brantevik	7
Fartygsgatan	Brantevik	6
Haslevägen	Brantevik	6
Pantaregatan	Brantevik	6
Skillingevägen	Brantevik	6
Simris bygata	Brantevik	5
Solfångarvägen	Brantevik	5
Tångstigen	Brantevik	5
Hammarsvägen	Brantevik	4
Höga vägen	Brantevik	4
Sågvägen	Brastad	17
Lyckevägen	Brastad	14
Persens väg	Brastad	14
Barkedalsvägen	Brastad	13
Kyrkvägen	Brastad	13
Sjöbolsvägen	Brastad	13
Stämmetvägen	Brastad	12
Enevägen	Brastad	11
Backavägen	Brastad	10
Bloms väg	Brastad	9
Baron Rappes väg	Braås	14
Betlehemsvägen	Braås	10
Skolgatan	Braås	9
Parkgatan	Braås	8
Södertullsvägen	Braås	8
Carl Lihnells väg	Braås	7
Movägen	Braås	7
Rynnings väg	Braås	6
Böksholmsvägen	Braås	5
Hasselvägen	Braås	5
Fågelvägen	Bredared	9
Myrekullavägen	Bredared	9
Segerstorpsvägen	Bredared	5
Skogsvägen	Bredared	5
Orrstigen	Bredared	3
Oxelstigen	Bredared	3
Oxhagsvägen	Bredared	3
Askallén	Bredared	2
Björkstigen	Bredared	2
Fasanstigen	Bredared	2
Östergårdsvägen	Bredaryd	22
Industrivägen	Bredaryd	16
Lundavägen	Bredaryd	14
Norregårdsvägen	Bredaryd	13
Parkvägen	Bredaryd	13
Rönnegårdsvägen	Bredaryd	11
Häggegårdsvägen	Bredaryd	9
Smedgatan	Bredaryd	8
Ringvägen	Bredaryd	7
Rosenvägen	Bredaryd	7
Köpmangatan	Bredbyn	22
Näsbacken	Bredbyn	11
Nygatan	Bredbyn	6
Skolbacken	Bredbyn	6
Södra Långgatan	Bredbyn	6
Bondegatan	Bredbyn	5
Fysikvägen	Bredbyn	5
Norra Långgatan	Bredbyn	5
Rektorsvägen	Bredbyn	5
Trädgårdsgatan	Bredbyn	5
Enköpingsvägen	Bro	88
Granhammarsvägen	Bro	48
Håtunavägen	Bro	25
Ginnlögs väg	Bro	20
Lejondalsvägen	Bro	20
Husbyvägen	Bro	18
Rösaringvägen	Bro	18
Ådövägen	Bro	18
Effektvägen	Bro	16
Skolvägen	Bro	16
Bruksgatan	Broakulla	8
Åbyvägen	Broakulla	7
Ekvägen	Broakulla	6
Kvarnvägen	Broakulla	5
Landsvägen	Broakulla	5
Alsbovägen	Broakulla	4
Fridhemsgatan	Broakulla	4
Broakullavägen	Broakulla	3
Baldervägen	Broakulla	2
Björkvägen	Broakulla	2
Hestravägen	Broaryd	8
Kyrkvägen	Broaryd	7
Östra vägen	Broaryd	7
Håkanssons väg	Broaryd	4
Dalavägen	Broaryd	3
Fabriksgatan	Broaryd	3
Norra vägen	Broaryd	3
Björkvägen	Broaryd	2
Industrigatan	Broaryd	2
Lundavägen	Broaryd	2
Tydingegatan	Broby	12
Snapphanegatan	Broby	11
Bödkaregatan	Broby	10
Gränsgatan	Broby	10
Pappersbruksvägen	Broby	8
Röingevägen	Broby	8
Brittens väg	Broby	7
Bildesgatan	Broby	5
Kristianstadsvägen	Broby	5
Verkstadsgatan	Broby	5
Fjällåkravägen	Broddetorp	3
Frimansvägen	Broddetorp	3
Botorpsvägen	Broddetorp	1
Centrumvägen	Broddetorp	1
Falköpingsvägen	Broddetorp	1
Stenstorpsvägen	Broddetorp	1
Ankarsrumsvägen	Brokind	11
Totebovägen	Brokind	6
Himalajavägen	Brokind	5
Oskarshamnsvägen	Brokind	4
Talluddsvägen	Brokind	4
Glasmakarevägen	Brokind	3
Gökgatan	Brokind	3
Prästgårdsvägen	Brokind	3
Sahultsvägen	Brokind	3
Skolvägen	Brokind	3
Spångavägen	Bromma	138
Bergslagsvägen	Bromma	96
Holbergsgatan	Bromma	76
Bällstavägen	Bromma	63
Beckombergavägen	Bromma	55
Gliavägen	Bromma	54
Åkeshovsvägen	Bromma	53
Doktor Abrahams väg	Bromma	47
Björnsonsgatan	Bromma	39
Vultejusvägen	Bromma	33
Storgatan	Bromölla	27
Tians väg	Bromölla	20
Dalagatan	Bromölla	18
Folkets Husgatan	Bromölla	15
Nygatan	Bromölla	15
Villagatan	Bromölla	11
Kastanjevägen	Bromölla	10
Ågatan	Bromölla	10
Hagagatan	Bromölla	8
Hermansens gata	Bromölla	8
Älgebyvägen	Brottby	24
Stockbyvägen	Brottby	22
Bromsebyvägen	Brottby	21
Björndalsvägen	Brottby	16
Bergsjövägen	Brottby	15
Albyvägen	Brottby	14
Gamla Norrtäljevägen	Brottby	14
Lindholmens gårds väg	Brottby	14
Sundbyvägen	Brottby	13
Sunnerstavägen	Brottby	11
Rockvallen	Bruksvallarna	21
Wallesvägen	Bruksvallarna	14
Präst-Svens väg	Bruksvallarna	12
Kläppvägen	Bruksvallarna	10
Röningen	Bruksvallarna	10
Klinkvägen	Bruksvallarna	7
Libacken	Bruksvallarna	7
Fäbodvägen	Bruksvallarna	6
Skarssvängen	Bruksvallarna	6
Osthangvägen	Bruksvallarna	5
Karl Johans Väg	Brunflo	15
Bäckvägen	Brunflo	9
Von Essens Väg	Brunflo	9
Gustavägen	Brunflo	8
Kyrkvägen	Brunflo	7
Storviksvägen	Brunflo	7
Gränsvägen	Brunflo	6
Kvartermästarvägen	Brunflo	6
Mariebyvägen	Brunflo	6
Sjövägen	Brunflo	6
Ingesundsvägen	Brunskog	15
Korpralsvägen	Brunskog	9
Tornstigen	Brunskog	8
Utblicksvägen	Brunskog	8
Myromsvägen	Brunskog	6
Båtgatan	Brunskog	4
Fyrklövervägen	Brunskog	3
Gamla vägen	Brunskog	3
Holmströms väg	Brunskog	3
Rapsodivägen	Brunskog	3
Bruksvägen	Bruzaholm	10
Idrottsvägen	Bruzaholm	7
Lundbergsgatan	Bruzaholm	7
Eksjövägen	Bruzaholm	6
Malmgatan	Bruzaholm	4
Lilla Vävargatan	Bruzaholm	3
Stora Vävargatan	Bruzaholm	3
Stuverydsvägen	Bruzaholm	3
Sörlidsgatan	Bruzaholm	3
Villagatan	Bruzaholm	3
Riksvägen	Bräcke	11
Västra Kungsvägen	Bräcke	11
Jämtlandsgatan	Bräcke	8
Gamla Sösjövägen	Bräcke	7
Gränsgatan	Bräcke	6
Norrlandsgatan	Bräcke	6
Rettigsvägen	Bräcke	6
Torpgatan	Bräcke	6
Hantverksgatan	Bräcke	5
Kyrkvägen	Bräcke	5
Gamla riksvägen	Bräkne-Hoby	52
Bräknevägen	Bräkne-Hoby	18
Gustavsbergsvägen	Bräkne-Hoby	13
Hjälmserydsvägen	Bräkne-Hoby	13
Backarydsvägen	Bräkne-Hoby	10
Halasjövägen	Bräkne-Hoby	9
Kvarnvägen	Bräkne-Hoby	9
Stenåsavägen	Bräkne-Hoby	9
Aspvägen	Bräkne-Hoby	8
Svenstorpsvägen	Bräkne-Hoby	8
Kyrkvägen	Brämhult	27
Tvinnargatan	Brämhult	24
Dammkullevägen	Brämhult	21
Smörhulegatan	Brämhult	17
Trandaredsgatan	Brämhult	17
Våglängdsgatan	Brämhult	13
Kamgarnsgatan	Brämhult	11
Källgatan	Brämhult	11
Rydsgatan	Brämhult	11
Rosengatan	Brämhult	9
Rapsvägen	Brålanda	15
Storgatan	Brålanda	11
Allégatan	Brålanda	9
Färgelandavägen	Brålanda	8
Göteborgsvägen	Brålanda	7
Lillebyvägen	Brålanda	7
Västra gatan	Brålanda	7
Törnrosgatan	Brålanda	6
Industrigatan	Brålanda	5
Centralgatan	Brålanda	4
Sommarbyvägen	Brösarp	22
Sockenvägen	Brösarp	14
Tostarödsvägen	Brösarp	13
Tillgrens väg	Brösarp	10
Bengtemöllevägen	Brösarp	9
Julebodavägen	Brösarp	9
Myrestadsvägen	Brösarp	9
Brunnsviksvägen	Brösarp	8
Holmavägen	Brösarp	8
Dammåkravägen	Brösarp	7
Torpavägen	Bua	20
Nordmarkavägen	Bua	16
Toftavägen	Bua	16
Lindåsvägen	Bua	14
Balgövägen	Bua	13
Suddeviksvägen	Bua	13
Östra Sanddammsvägen	Bua	13
Attorpsvägen	Bua	12
Espeviksvägen	Bua	12
Mittmarkavägen	Bua	12
Flodavägen	Bullmark	12
Tålsmarksvägen	Bullmark	10
Björkallén	Bullmark	5
Forsnäsvägen	Bullmark	5
Morbysvägen	Bullmark	5
Sävarvägen	Bullmark	4
Lill-Oskars-kroken	Bullmark	3
Odlarvägen	Bullmark	3
Robertsforsvägen	Bullmark	3
Bagarstugevägen	Bullmark	2
Annetorpsvägen	Bunkeflostrand	68
Pildammsvägen	Bunkeflostrand	46
Klagshamnsvägen	Bunkeflostrand	43
Lorensborgsgatan	Bunkeflostrand	39
Gottorpsvägen	Bunkeflostrand	34
Borrebackevägen	Bunkeflostrand	30
Norra Hyllievägen	Bunkeflostrand	30
Yttre Ringvägen	Bunkeflostrand	28
Naffentorpsvägen	Bunkeflostrand	25
Trelleborgsvägen	Bunkeflostrand	25
Hamnvägen	Burgsvik	9
Hoburgsvägen	Burgsvik	7
Mårtenskvior	Burgsvik	6
Lillvägen	Burgsvik	5
Gislevägen	Burgsvik	4
Målargränd	Burgsvik	4
Sandstensvägen	Burgsvik	4
Botarvevägen	Burgsvik	3
Bygdegårdsvägen	Burgsvik	3
Olovs kvior	Burgsvik	3
Storgatan	Burseryd	13
Tyngelgatan	Burseryd	11
Östra Bruksgatan	Burseryd	10
Ågatan	Burseryd	9
Ekgatan	Burseryd	7
Hestravägen	Burseryd	7
Kyrkvägen	Burseryd	7
Villstadsvägen	Burseryd	6
Buregatan	Burseryd	5
Skolgången	Burseryd	5
Skolgatan	Burträsk	9
Björnåkersgatan	Burträsk	8
Långåkersgatan	Burträsk	8
Sundbrogatan	Burträsk	8
Fredriksbergsvägen	Burträsk	7
Kyrkogatan	Burträsk	6
Solbacksgatan	Burträsk	6
Åsträskvägen	Burträsk	6
Gammelvägen	Burträsk	5
Köpmangatan	Burträsk	5
Skräddarbovägen	By Kyrkby	8
Skogsbovägen	By Kyrkby	6
Tegelvretsvägen	By Kyrkby	5
Dickavägen	By Kyrkby	3
Envägen	By Kyrkby	3
Kyrkbyvägen	By Kyrkby	3
Bagerivägen	By Kyrkby	2
Barnhemsvägen	By Kyrkby	2
Broängsgränd	By Kyrkby	2
Broängsvägen	By Kyrkby	2
Hammarvägen	Bygdeå	12
Kustlandsvägen	Bygdeå	10
Kyrkvägen	Bygdeå	7
Saedensvägen	Bygdeå	5
Skinnarbyvägen	Bygdeå	4
Sundmarksvägen	Bygdeå	4
Industrivägen	Bygdeå	3
Bäckvägen	Bygdeå	2
Stenmyrvägen	Bygdeå	2
Allévägen	Bygdeå	1
Gruvbergsvägen	Bygdsiljum	22
Jonorsvägen	Bygdsiljum	18
Korssjövägen	Bygdsiljum	11
Bygdegatan	Bygdsiljum	9
Dammvägen	Bygdsiljum	4
Krutgatan	Bygdsiljum	4
Postvägen	Bygdsiljum	3
Västbyvägen	Bygdsiljum	3
Ådalsgatan	Bygdsiljum	3
Forsvägen	Bygdsiljum	2
Tällbergsvägen	Byske	9
Önusträskvägen	Byske	9
Ruskvägen	Byske	8
Norra Ruskvägen	Byske	5
Slintadammen	Byske	5
Tjärdalsvägen	Byske	5
Basvägen	Byske	4
Gamla Flotträskvägen	Byske	3
Småmyrvägen	Byske	3
Stenmyranvägen	Byske	3
Hagskogsvägen	Byxelkrok	18
Fagerumsvägen	Byxelkrok	14
Enerum träsgate	Byxelkrok	13
Svältergatan	Byxelkrok	11
Holmvägen	Byxelkrok	9
Kärrslundsgatan	Byxelkrok	9
Pepparhagsgatan	Byxelkrok	9
Mårnholmsvägen	Byxelkrok	8
Norrbödagatan	Byxelkrok	8
Bödasandsallén	Byxelkrok	7
Lasarettsvägen	Bäckefors	8
Gamla vägen	Bäckefors	6
Gamla Bruksgatan	Bäckefors	5
Gamla Postgatan	Bäckefors	5
Järnvägsgatan	Bäckefors	5
Myresjövägen	Bäckefors	4
Skolgatan	Bäckefors	4
Torggatan	Bäckefors	4
Brukshagsvägen	Bäckefors	3
Ekvägen	Bäckefors	3
Gråalsvägen	Bälinge	14
Fanstavägen	Bälinge	13
Kyrkvägen	Bälinge	11
Allmänningsvägen	Bälinge	10
Enevadsvägen	Bälinge	9
Gävlevägen	Bälinge	8
Prebendevägen	Bälinge	7
Tårpilsvägen	Bälinge	7
Bellisvägen	Bälinge	5
Bokvägen	Bälinge	5
Kalmarleden	Bålsta	71
Stockholmsvägen	Bålsta	70
Enköpingsvägen	Bålsta	35
Kraftleden	Bålsta	34
Södra bålstaleden	Bålsta	33
Katrinedalsvägen	Bålsta	32
Kalmarvägen	Bålsta	26
Lindegårdsvägen	Bålsta	23
Skeppsvägen	Bålsta	21
Lastbergsvägen	Bålsta	20
Kungsbergsvägen	Båstad	16
Lindallén	Båstad	16
Lyavägen	Båstad	15
Mellanvägen	Båstad	14
Strandpromenaden	Båstad	14
Hallandsvägen	Båstad	12
Korrödsvägen	Båstad	12
Agardhsgatan	Båstad	11
Axelstorpsvägen	Båstad	10
Finnsbovägen	Båstad	10
Folketshusvägen	Båtskärsnäs	7
Mårtinsvägen	Båtskärsnäs	5
Egnahemsvägen	Båtskärsnäs	4
Kolbacksvägen	Båtskärsnäs	4
Sigurdsuddevägen	Båtskärsnäs	4
Affärsvägen	Båtskärsnäs	3
Bastuvägen	Båtskärsnäs	3
Båthamnsvägen	Båtskärsnäs	3
Kajvägen	Båtskärsnäs	3
Baskerivägen	Båtskärsnäs	2
Östra Järnvägsgatan	Charlottenberg	14
Knattevägen	Charlottenberg	12
Glasbruksvägen	Charlottenberg	11
Industrigatan	Charlottenberg	11
Mariebergsvägen	Charlottenberg	11
Västra Järnvägsgatan	Charlottenberg	10
Brännavägen	Charlottenberg	9
Skolgatan	Charlottenberg	9
Charlottenbergsvägen	Charlottenberg	8
Gärdesgatan	Charlottenberg	8
Hagvägen	Dala-Floda	12
Flosjövägen	Dala-Floda	10
Skebergsvägen	Dala-Floda	10
Stora vägen	Dala-Floda	10
Syrholsvägen	Dala-Floda	10
Holsåkersvägen	Dala-Floda	9
Rosendals väg	Dala-Floda	8
Forsgärdsgattu	Dala-Floda	7
Lissforsvägen	Dala-Floda	7
Stationsvägen	Dala-Floda	6
Smedbyvägen	Dala-Husby	6
Dikesvägen	Dala-Husby	5
Tomsbovägen	Dala-Husby	3
Samuel Columbus väg	Dala-Husby	2
Täppanvägen	Dala-Husby	2
Beronvägen	Dala-Husby	1
Klippanvägen	Dala-Husby	1
Nilsesvägen	Dala-Husby	1
Sersvägen	Dala-Husby	1
Skinnarbacksvägen	Dala-Husby	1
Baggvägen	Dala-Järna	14
Pellholsvägen	Dala-Järna	11
Strandvägen	Dala-Järna	9
Emaus	Dala-Järna	8
Stationsvägen	Dala-Järna	7
Emausvägen	Dala-Järna	5
Flygfältsvägen	Dala-Järna	5
Liljas Hol	Dala-Järna	5
Storbyvägen	Dala-Järna	5
Villavägen	Dala-Järna	5
Dalarövägen	Dalarö	120
Askviksvägen	Dalarö	68
Åvavägen	Dalarö	60
Smådalarövägen	Dalarö	59
Långuddsvägen	Dalarö	30
Skälåkersvägen	Dalarö	23
Björnövägen	Dalarö	21
Finkaruddsvägen	Dalarö	18
Kattviksvägen	Dalarö	18
Kolbottenvägen	Dalarö	17
Dalbyvägen	Dalby	13
Alberta pileväg	Dalby	11
Hällestadsvägen	Dalby	11
Norra Vallbyvägen	Dalby	11
Vallby byväg	Dalby	11
Västra Fäladsvägen	Dalby	11
Södra Vallbyvägen	Dalby	10
Pinnmöllevägen	Dalby	9
Sandbyvägen	Dalby	9
Trulstorpsvägen	Dalby	9
Gnisvärdsvägen	Dalhem	14
Släktäktsvägen	Dalhem	9
Smågårdevägen	Dalhem	9
Solbacksvägen	Dalhem	8
Tremänningsvägen	Dalhem	7
Rådjursvägen	Dalhem	6
Rösevägen	Dalhem	6
Sockenstigen	Dalhem	6
Stenvägen	Dalhem	6
Vädermyren	Dalhem	6
Smedjevägen	Dals Långed	10
Skolvägen	Dals Långed	9
Kallkällevägen	Dals Långed	7
Bergvägen	Dals Långed	6
Enetsvägen	Dals Långed	6
Kolarevägen	Dals Långed	6
Parkvägen	Dals Långed	6
Samuel Kocks väg	Dals Långed	6
Tallmovägen	Dals Långed	6
Timmerviksvägen	Dals Långed	6
Brunnsvägen	Dals Rostock	22
Karolinervägen	Dals Rostock	15
Bringsrovägen	Dals Rostock	7
Lövåsvägen	Dals Rostock	7
Hällavägen	Dals Rostock	6
Villavägen	Dals Rostock	5
Vitsippsvägen	Dals Rostock	5
Blåklintsvägen	Dals Rostock	4
Kroppefjällsvägen	Dals Rostock	4
Tussilagovägen	Dals Rostock	4
Storgatan	Dalsjöfors	25
Badhusvägen	Dalsjöfors	17
Boråsvägen	Dalsjöfors	17
Hjortrydsvägen	Dalsjöfors	13
Uppegårdsgatan	Dalsjöfors	11
Dalsjövägen	Dalsjöfors	7
Västanåvägen	Dalsjöfors	7
Häglaredsvägen	Dalsjöfors	6
Sjödalsvägen	Dalsjöfors	6
Skänstadsvägen	Dalsjöfors	6
Gunnersbyvägen	Dalskog	12
Bergavägen	Dalskog	2
Bäckeforsvägen	Dalskog	2
Båsanevägen	Dalskog	2
Krokusvägen	Dalskog	2
Hagtornsvägen	Dalskog	1
Skogsvägen	Dalskog	1
Skurvåsvägen	Dalskog	1
Ulricehamnsvägen	Dalstorp	16
Mossvägen	Dalstorp	11
Kyrkvägen	Dalstorp	7
Dalvägen	Dalstorp	5
Härveredsvägen	Dalstorp	5
Nittorpsvägen	Dalstorp	5
Skogsvägen	Dalstorp	5
Växtorpsvägen	Dalstorp	5
Strandvägen	Dalstorp	4
Baltåsvägen	Dalstorp	3
Centralvägen	Dalum	9
Skolgatan	Dalum	5
Stationsgatan	Dalum	5
Vedåslavägen	Dalum	5
Hagtornsvägen	Dalum	4
Kyrkvägen	Dalum	4
Björkängsgatan	Dalum	3
Dalagatan	Dalum	3
Industrigatan	Dalum	3
Ringvägen	Dalum	3
Edsviksvägen	Danderyd	36
Mörbyleden	Danderyd	29
Mörbygårdsvägen	Danderyd	22
Kevinge Strand	Danderyd	21
Noragårdsvägen	Danderyd	19
Ryggradsvägen	Danderyd	19
Rådanvägen	Danderyd	16
Danarövägen	Danderyd	15
Sätraängsvägen	Danderyd	14
Gamla Landsvägen	Danderyd	13
Boråsvägen	Dannike	9
Kärrvägen	Dannike	7
Centrumvägen	Dannike	6
Länghemsvägen	Dannike	5
Fållvägen	Dannike	4
Rudevägen	Dannike	4
Ulricehamnsvägen	Dannike	4
Bergsbovägen	Dannike	2
Bivägen	Dannike	2
Lillvägen	Dannike	2
Bökestorpsvägen	Degeberga	17
Mörkavadsvägen	Degeberga	10
Saxamöllevägen	Degeberga	9
Bökevägen	Degeberga	8
Hästavägen	Degeberga	7
Skälabäcksvägen	Degeberga	7
Trollemöllavägen	Degeberga	7
Brinkamöllevägen	Degeberga	6
Höjarödsvägen	Degeberga	6
Kyllingarödsvägen	Degeberga	6
Herrgårdsgatan	Degerfors	20
Karlskogavägen	Degerfors	17
Gamla Björneborgsvägen	Degerfors	11
Gräsholmsvägen	Degerfors	11
Lokstallsgatan	Degerfors	11
Jannelundsvägen	Degerfors	10
Sandgatan	Degerfors	10
Västra Långgatan	Degerfors	10
Bruksvägen	Degerfors	9
Hantverkaregatan	Degerfors	9
Alunvägen	Degerhamn	8
Nybovägen	Degerhamn	8
Sälstigen	Degerhamn	7
Torngårdsvägen	Degerhamn	7
Badvägen	Degerhamn	6
Degerhamnsvägen	Degerhamn	4
Fabriksgatan	Degerhamn	4
Kvarnvägen	Degerhamn	4
Syrénvägen	Degerhamn	4
Allévägen	Degerhamn	3
Älvdalsvägen	Deje	11
Älvkroksvägen	Deje	11
Tjusbolsvägen	Deje	9
Fiskarevägen	Deje	8
Klarälvsgatan	Deje	7
Näckrosvägen	Deje	7
Vargåvägen	Deje	7
Björnvägen	Deje	6
Bryggerigatan	Deje	6
Edebyvägen	Deje	6
Olnirsvägen	Delsbo	10
Gåsbackavägen	Delsbo	8
Kyrkgränd	Delsbo	8
Storgatan	Delsbo	8
Stormnäsvägen	Delsbo	7
Ringstavägen	Delsbo	6
Björkgatan	Delsbo	5
Kvarnvägen	Delsbo	5
Stömnevägen	Delsbo	5
Finngatan	Delsbo	4
Berglundavägen	Dikanäs	14
Stennäsvägen	Dikanäs	5
Nyholmsvägen	Dikanäs	3
Åbackvägen	Dikanäs	3
Bergavägen	Dikanäs	2
Avavägen	Dikanäs	1
Järnvägsgatan	Dingle	9
Åkarevägen	Dingle	9
Östra vägen	Dingle	8
Kallkärrsvägen	Dingle	6
Kustvägen	Dingle	6
Nygatan	Dingle	6
Strömstadsvägen	Dingle	6
Höglundavägen	Dingle	5
Norra Kustvägen	Dingle	4
Trädgårdsgatan	Dingle	4
Linnévägen	Diö	9
Gamlegårdsvägen	Diö	7
Store backegatan	Diö	7
Skyttegatan	Diö	6
Svanströmsgatan	Diö	6
Gästgivarevägen	Diö	5
Hasselvägen	Diö	5
Gemlagatan	Diö	4
Odlingsvägen	Diö	4
Södra Bergönsvägen	Diö	4
Skeberg Skålhol	Djura	19
Skeberg Backen	Djura	15
Djura Mullvägen	Djura	12
Ål-Kilen Öälvsvägen	Djura	12
Gråda byväg	Djura	9
Ål-Kilen Åsgråda	Djura	9
Djura Hissenvägen	Djura	8
Djura Leravägen	Djura	8
Skeberg Gropen	Djura	8
Hedby Wallgrens rund	Djura	7
Bullandövägen	Djurhamn	20
Björksalavägen	Djurhamn	16
Skärmarövägen	Djurhamn	14
Älvsalavägen	Djurhamn	13
Hanstanäsvägen	Djurhamn	12
Ramsdalsvägen	Djurhamn	11
Dalsalavägen	Djurhamn	9
Klubbvägen	Djurhamn	8
Percy Tamms väg	Djurhamn	7
Seregårdsvägen	Djurhamn	7
Banan	Djurmo	5
Kronvägen	Djurmo	5
Båthusslingan	Djurmo	3
Dalasågen	Djurmo	3
Finnbodvägen	Djurmo	3
Schrödervägen	Djurmo	3
Stationsslingan	Djurmo	3
Vansängsvägen	Djurmo	3
Åvägen	Djurmo	3
Brintslingan	Djurmo	2
Vendevägen	Djursholm	41
Danderydsvägen	Djursholm	20
Ymervägen	Djursholm	17
Angantyrvägen	Djursholm	12
Bråvallavägen	Djursholm	12
Sveavägen	Djursholm	12
Ösbyvägen	Djursholm	11
Bragevägen	Djursholm	10
Hildingavägen	Djursholm	10
Valevägen	Djursholm	9
Nordingråvägen	Docksta	11
Sundbrogatan	Docksta	10
Äskjavägen	Docksta	9
Karljohann	Docksta	7
Dockstavägen	Docksta	6
Järngatan	Docksta	6
Kajvägen	Docksta	6
Törnavägen	Docksta	6
Björkstigen	Docksta	5
Centrumvägen	Docksta	5
Vågsnäsvägen	Domsjö	46
Genesåsvägen	Domsjö	37
Brogatan	Domsjö	14
Bondegatan	Domsjö	12
Vetevägen	Domsjö	11
Gamla Domsjövägen	Domsjö	10
Sundsvägen	Domsjö	10
Svedjeholmsvägen	Domsjö	10
Båtsmansgatan	Domsjö	9
Jakträttsvägen	Domsjö	8
Storgatan	Dorotea	20
Byvägen	Dorotea	18
Järnvägsgatan	Dorotea	16
Borgaliden	Dorotea	10
Nygatan	Dorotea	9
Orrvägen	Dorotea	8
Ripvägen	Dorotea	8
Tjädervägen	Dorotea	8
Västra Borgaliden	Dorotea	8
Fjällstigen	Dorotea	7
Grönviksvägen	Drottningholm	41
Tyska Bottens Väg	Drottningholm	32
Blackebergsbacken	Drottningholm	31
Gubbkärrsvägen	Drottningholm	24
Ferievägen	Drottningholm	21
Johan Tillanders Väg	Drottningholm	21
Björnsonsgatan	Drottningholm	20
Nockebyvägen	Drottningholm	20
Nockeby kyrkväg	Drottningholm	17
Rättviksvägen	Drottningholm	17
Madviksvägen	Drottningskär	12
Herrgården	Drottningskär	9
Målavägen	Drottningskär	9
Östra Nabbavägen	Drottningskär	9
Sanders väg	Drottningskär	8
Djupasundsleden	Drottningskär	7
Hornuddavägen	Drottningskär	7
Hyttevägen	Drottningskär	7
Lotsbacksvägen	Drottningskär	7
Bäckavägen	Drottningskär	6
Tegefjällsvägen	Duved	10
Ånn Byvägen	Duved	9
Gammalvägen	Duved	7
Lennart Brunnhages väg	Duved	7
Sesselvägen	Duved	7
Ånn Vallanvägen	Duved	7
Mångåvägen	Duved	6
Norgevägen	Duved	6
Paradisvägen	Duved	6
Sågvägen	Duved	6
Åvägen	Dvärsätt	8
Fanbyvägen	Dvärsätt	6
Bomplansvägen	Dvärsätt	5
Tunadalsvägen	Dvärsätt	5
Fabriksvägen	Dvärsätt	4
Folkets hus vägen	Dvärsätt	4
Forsvägen	Dvärsätt	4
Grönängevägen	Dvärsätt	4
Dvärsättsvägen	Dvärsätt	3
Granvägen	Dvärsätt	3
Ölmbrovägen	Dyltabruk	21
Lundhagsvägen	Dyltabruk	12
Hässlevägen	Dyltabruk	7
Slingvägen	Dyltabruk	7
Granliden	Dyltabruk	6
Hammarbygatan	Dyltabruk	6
Stensmossevägen	Dyltabruk	6
Hovsta Banväg	Dyltabruk	5
Lindenäsvägen	Dyltabruk	5
Balsnavägen	Dyltabruk	4
Bäckeviksvägen	Dyrön	10
Hamnvägen	Dyrön	9
Goddalen	Dyrön	6
Rödbergsvägen	Dyrön	6
Linhäcklan	Dyrön	4
Pileberget	Dyrön	4
Stadsängsvägen	Dyrön	4
Granås	Dyrön	3
Hagvägen	Dyrön	3
Hakefjordsvägen	Dyrön	3
Lupinvägen	Dösjebro	21
Svalörtvägen	Dösjebro	18
Klövervägen	Dösjebro	16
Timotejvägen	Dösjebro	16
Ålstorps byväg	Dösjebro	16
Björnstorpsvägen	Dösjebro	15
Huvudstorpsvägen	Dösjebro	15
Fackelrosvägen	Dösjebro	13
Furuhillsvägen	Dösjebro	12
Kungsljusvägen	Dösjebro	12
Strömstadsvägen	Ed	24
Gamla Edsvägen	Ed	18
Storgatan	Ed	16
Södra Moränvägen	Ed	13
Nössemarksvägen	Ed	10
Jordbrovägen	Ed	9
Industrigatan	Ed	8
Snörrumsvägen	Ed	8
Topperudsvägen	Ed	8
Viksgärdet	Ed	8
Lerholsvägen	Edane	15
Edsgatan	Edane	13
Niklassvängen	Edane	9
Arvid Olofssons väg	Edane	6
Edevivägen	Edane	6
Fjällvägen	Edane	6
Movägen	Edane	6
Edanevägen	Edane	5
Kummelmovägen	Edane	5
Rönningevägen	Edane	5
Erkenvägen	Edsbro	29
Stockkärrsvägen	Edsbro	25
Smaravägen	Edsbro	17
Åsbyvägen	Edsbro	17
Hällsätravägen	Edsbro	16
Saxenvägen	Edsbro	16
Sättrabyvägen	Edsbro	15
Viksjövägen	Edsbro	15
Bränntorpsvägen	Edsbro	13
Marieborgsvägen	Edsbro	11
Astrakanvägen	Edsbruk	14
Tjustvägen	Edsbruk	11
Överumsvägen	Edsbruk	9
Sandlyckevägen	Edsbruk	8
Tinderedsvägen	Edsbruk	8
Fårestadsvägen	Edsbruk	7
Storsjövägen	Edsbruk	7
Kaggebovägen	Edsbruk	5
Kärrgatan	Edsbruk	5
Backgatan	Edsbruk	4
Bergavägen	Edsbyn	22
Borgenvägen	Edsbyn	15
Gamla landsvägen	Edsbyn	15
Långgatan	Edsbyn	13
Södergatan	Edsbyn	12
Ovanåkersvägen	Edsbyn	11
Rundsvägen	Edsbyn	11
Ullungsforsvägen	Edsbyn	11
Fallrisgatan	Edsbyn	9
Hian	Edsbyn	9
Köttsjön	Edsele	6
Lövåsvägen	Edsele	4
Byvägen	Edsele	2
Kvarnvägen	Edsele	2
Ödsgårdsvägen	Edsele	2
Skolvägen	Edsele	1
Villavägen	Edsele	1
Edsvallavägen	Edsvalla	16
Höglundavägen	Edsvalla	16
Bäckängsvägen	Edsvalla	6
Smedbruksvägen	Edsvalla	6
Långgatan	Edsvalla	5
Tjärbergsvägen	Edsvalla	5
Bryngelsrudsvägen	Edsvalla	4
Hasselvägen	Edsvalla	4
Torpstödvägen	Edsvalla	4
Björnhålavägen	Edsvalla	3
Södergatan	Ekeby	22
Storgatan	Ekeby	20
Köpmansgatan	Ekeby	11
Tjutebrovägen	Ekeby	10
Norra Kyrkovägen	Ekeby	8
Sjöcronas väg	Ekeby	8
Vallebergavägen	Ekeby	8
Bjerrings väg	Ekeby	7
Folmerstorpsvägen	Ekeby	7
Lantz väg	Ekeby	7
Storgatan	Ekenässjön	17
Allégatan	Ekenässjön	13
Forngatan	Ekenässjön	11
Barkvägen	Ekenässjön	9
Ekstigen	Ekenässjön	8
Smedjevägen	Ekenässjön	8
Värngatan	Ekenässjön	8
Karlavägen	Ekenässjön	6
Småhusvägen	Ekenässjön	6
Ekebovägen	Ekenässjön	5
Bryggavägen	Ekerö	52
Jungfrusundsvägen	Ekerö	44
Knalleborgsvägen	Ekerö	33
Ekerövägen	Ekerö	31
Björkuddsvägen	Ekerö	27
Älvnäsvägen	Ekerö	21
Ekvägen	Ekerö	15
Näktergalsvägen	Ekerö	15
Närlundavägen	Ekerö	15
Hammargården	Ekerö	13
Åslidenvägen	Eket	16
Lönnhässlevägen	Eket	14
Brekillevägen	Eket	13
Bäckvägen	Eket	9
Edmunds väg	Eket	9
Ekerödsvägen	Eket	9
Bassholma Byaväg	Eket	8
Lönnhässle backaväg	Eket	8
Storakärrsvägen	Eket	8
Trollehallavägen	Eket	8
Skolvägen	Ekshärad	7
Torsbyvägen	Ekshärad	7
Hästfallsvägen	Ekshärad	5
Brandbacken	Ekshärad	4
Snickarvägen	Ekshärad	4
Älvbrinken	Ekshärad	4
Burkåsvägen	Ekshärad	3
Ekesbergsvägen	Ekshärad	3
Norevägen	Ekshärad	3
Ängsvägen	Ekshärad	3
Stockholmsvägen	Eksjö	21
Österlånggatan	Eksjö	19
Broarpsvägen	Eksjö	18
Västerlånggatan	Eksjö	17
Kapellvägen	Eksjö	16
Breviksvägen	Eksjö	14
Lunnagårdsvägen	Eksjö	12
Sandåkravägen	Eksjö	12
Västanågatan	Eksjö	12
Forsgrensgatan	Eksjö	11
Västra vägen	Eldsberga	24
Eldsbergavägen	Eldsberga	18
Kryddvägen	Eldsberga	18
Krontorpsvägen	Eldsberga	10
Färdvägen	Eldsberga	9
Prästvägen	Eldsberga	9
Cirkelvägen	Eldsberga	7
Fågelviksvägen	Eldsberga	7
Hantverksgatan	Eldsberga	7
Kistingevägen	Eldsberga	7
Aspernavägen	Ellös	10
Hällavägen	Ellös	8
Slätthultsvägen	Ellös	8
Glimsåsvägen	Ellös	6
Husebyvägen	Ellös	6
Krappetvägen	Ellös	6
Hantverkaregatan	Ellös	5
Morkullevägen	Ellös	4
Rosenlundsvägen	Ellös	4
Saxeliden	Ellös	4
Esplanaden	Emmaboda	14
Myrvägen	Emmaboda	13
Storgatan	Emmaboda	11
Torggatan	Emmaboda	11
Nygatan	Emmaboda	10
Södergatan	Emmaboda	10
Järnvägsgatan	Emmaboda	9
Södra vägen	Emmaboda	9
Bygdevägen	Emmaboda	8
Bjurbäcksgatan	Emmaboda	7
Rösjövägen	Enebyberg	28
Sågtorpsvägen	Enebyberg	26
Litsbyvägen	Enebyberg	24
Enebybergsvägen	Enebyberg	20
Lomvägen	Enebyberg	20
Gamla Norrtäljevägen	Enebyberg	19
Östra Banvägen	Enebyberg	19
Lahällsvägen	Enebyberg	18
Jaktvägen	Enebyberg	17
Tibblevägen	Enebyberg	17
Eneborgsvägen	Eneryda	5
Frälsegårdsgatan	Eneryda	5
Villagatan	Eneryda	5
Viregatan	Eneryda	5
Virestadsvägen	Eneryda	5
Björkgatan	Eneryda	3
Hördagatan	Eneryda	3
Björkholmsvägen	Eneryda	2
Gummegatan	Eneryda	2
Kullavägen	Eneryda	2
Salavägen	Enköping	38
Stockholmsvägen	Enköping	29
Torggatan	Enköping	27
Bredsandsvägen	Enköping	26
J P Johanssons gata	Enköping	24
Fårticksgatan	Enköping	21
Tullgatan	Enköping	21
Kungsgatan	Enköping	17
Annelundsgatan	Enköping	14
Doktor Westerlunds gata	Enköping	14
Sockenvägen	Enskede	76
Palmfeltsvägen	Enskede	73
Nynäsvägen	Enskede	67
Enskedevägen	Enskede	64
Tussmötevägen	Enskede	61
Sju gårdars väg	Enskede	50
Harpsundsvägen	Enskede	43
Skönviksvägen	Enskede	34
Fågelstavägen	Enskede	33
Olaus Magnus väg	Enskede	33
Hangarvägen	Enstaberga	14
General Schybergs väg	Enstaberga	13
Sveas väg	Enstaberga	10
Tegelvägen	Enstaberga	10
Svalstavägen	Enstaberga	8
Kyrkvägen	Enstaberga	7
Nyköpingsvägen	Enstaberga	7
Frejas väg	Enstaberga	6
Modes väg	Enstaberga	6
Rönnvägen	Enstaberga	6
Bingsjö Dådransvägen	Enviken	17
Dalstuga Sågvägen	Enviken	16
Faluvägen	Enviken	15
Tornvägen	Enviken	15
Pers väg	Enviken	11
Sundsveden	Enviken	10
Lyssfallsvägen	Enviken	8
Bingsjö Lambornsvägen	Enviken	7
Dalstuga Fäbodvägen	Enviken	7
Kallmoravägen	Enviken	7
Enångersvägen	Enånger	13
Brovägen	Enånger	9
Hantverksvägen	Enånger	8
Perolofsvägen	Enånger	8
Finnickavägen	Enånger	6
Ostnäsvägen	Enånger	6
Hagavägen	Enånger	5
Militärvägen	Enånger	5
Oppängevägen	Enånger	5
Hamnvägen	Enånger	4
Glasbruksvägen	Eriksmåla	14
Marknadsvägen	Eriksmåla	8
Korsvägen	Eriksmåla	7
Postvägen	Eriksmåla	5
Växjövägen	Eriksmåla	5
Eklyckevägen	Eriksmåla	4
Vallmovägen	Eriksmåla	4
Potatisgatan	Eriksmåla	3
Slånbärsvägen	Eriksmåla	3
Solvägen	Eriksmåla	3
Karlskronavägen	Eringsboda	22
Lerydsvägen	Eringsboda	21
Sörgårdsvägen	Eringsboda	13
Bergsmålavägen	Eringsboda	11
Spikahultsvägen	Eringsboda	10
Brunnsvägen	Eringsboda	7
Bråtenvägen	Eringsboda	7
Gäddegölsvägen	Eringsboda	7
Blankvägen	Eringsboda	6
Räntemålavägen	Eringsboda	6
Basvägen	Ersmark	7
Gustavsvägen	Ersmark	6
Bergsvägen	Ersmark	4
Jörnsvägen	Ersmark	4
Klaravägen	Ersmark	4
Ersmarksvägen	Ersmark	3
Forvägen	Ersmark	3
Larsvägen	Ersmark	3
Mittfältsgatan	Ersmark	3
Bovägen	Ersmark	2
Frövivägen	Ervalla	9
Järle Stationsväg	Ervalla	8
Österrastavägen	Ervalla	4
Furunäsvägen	Ervalla	3
Järle Rönnbärsväg	Ervalla	3
Hembygdsvägen	Ervalla	2
Myrevägen	Ervalla	2
Nylundavägen	Ervalla	2
Baggetorpsvägen	Ervalla	1
Järle Bergsstig	Ervalla	1
Torshällavägen	Eskilstuna	36
Karl Hovbergsgatan	Eskilstuna	23
Carlavägen	Eskilstuna	21
Kjulavägen	Eskilstuna	20
Eskilsgatan	Eskilstuna	18
Uttermarksgatan	Eskilstuna	18
Skogvaktarvägen	Eskilstuna	17
Klostergatan	Eskilstuna	16
Vasavägen	Eskilstuna	16
Kungsvägen	Eskilstuna	15
Solvägen	Eslöv	21
Odengatan	Eslöv	18
Marieholmsvägen	Eslöv	17
Klippanvägen	Eslöv	15
Sturegatan	Eslöv	15
Norregatan	Eslöv	14
Skogsvägen	Eslöv	12
Östra vägen	Eslöv	12
Malmgatan	Eslöv	11
Trehäradsvägen	Eslöv	11
Medspårsvägen	Everöd	15
Algots väg	Everöd	12
Urnvägen	Everöd	10
Blodriskevägen	Everöd	7
Degebergavägen	Everöd	7
Rektorsvägen	Everöd	7
Champinjonvägen	Everöd	6
Prinsessvägen	Everöd	6
Stora vägen	Everöd	5
Framnäsvägen	Everöd	4
Strandstaden	Fagersanna	8
Kullavägen	Fagersanna	7
Doppingvägen	Fagersanna	6
Rotevägen	Fagersanna	6
Sjövägen	Fagersanna	6
Spovvägen	Fagersanna	6
Sätervägen	Fagersanna	6
Sörosvägen	Fagersanna	6
Örtstigen	Fagersanna	6
Björkuddsvägen	Fagersanna	5
Floravägen	Fagersta	23
Bergslagsvägen	Fagersta	18
Köpingsvägen	Fagersta	16
Landsvägen	Fagersta	16
Sjövägen	Fagersta	16
Knutsvägen	Fagersta	14
Gamla Norbergsvägen	Fagersta	12
Gråkärrsvägen	Fagersta	12
Risbrovägen	Fagersta	12
Axel Fornanders väg	Fagersta	11
Norra Fagerviksvägen	Fagervik	15
Glödenvägen	Fagervik	9
Vältbottenvägen	Fagervik	8
Herrgårdsvägen	Fagervik	7
Kallkällgatan	Fagervik	7
Skälarövägen	Fagervik	7
Golfbanevägen	Fagervik	6
Köpenhamnsvägen	Fagervik	6
Bergtoppsgatan	Fagervik	5
Egnahemsvägen	Fagervik	4
Lisebergsvägen	Fagerås	5
Trollstigen	Fagerås	5
Bangatan	Fagerås	4
Hagbacksvägen	Fagerås	4
Köpungsvägen	Fagerås	4
Ängsgatan	Fagerås	4
Bodavägen	Fagerås	3
Karlstadsvägen	Fagerås	3
Stationsvägen	Fagerås	3
Hedells väg	Fagerås	2
Hällinge ringväg	Falkenberg	29
Arvidstorpsvägen	Falkenberg	25
Sommarvägen	Falkenberg	25
Kristineslättsallén	Falkenberg	19
Klittervägen	Falkenberg	17
Ljungholmsvägen	Falkenberg	17
Skogsvägen	Falkenberg	15
Årstadvägen	Falkenberg	14
Murarevägen	Falkenberg	13
Olof von Dalins väg	Falkenberg	13
Wetterlinsgatan	Falköping	44
Sankt Olofsgatan	Falköping	35
Hjelmarsrörsgatan	Falköping	32
Dotorpsgatan	Falköping	30
Sjukhusgatan	Falköping	28
Sikagårdsgatan	Falköping	27
Hollendergatan	Falköping	26
Jättenegatan	Falköping	26
Scheelegatan	Falköping	26
Idrottsgatan	Falköping	18
Fyrvägen	Falsterbo	17
Möllemadsvägen	Falsterbo	16
Ammebrovägen	Falsterbo	12
Falsterbovägen	Falsterbo	12
Kullsbackavägen	Falsterbo	11
Dammsagervägen	Falsterbo	9
Strandbadsvägen	Falsterbo	9
Pastoratsvägen	Falsterbo	8
Fädriften	Falsterbo	7
Reinhold von Essens väg	Falsterbo	7
Lugnetleden	Falun	50
Korsnäsvägen	Falun	44
Gruvgatan	Falun	29
Uddnäsvägen	Falun	27
Hanröleden	Falun	24
Kungsgårdsvägen	Falun	23
Åsgatan	Falun	22
Sundbornsvägen	Falun	20
Herrhagsvägen	Falun	19
Hosjöstrand	Falun	19
Lingvägen	Farsta	97
Värmlandsvägen	Farsta	52
Farstavägen	Farsta	49
Trollesundsvägen	Farsta	46
Fiskmåsvägen	Farsta	44
Majrovägen	Farsta	42
Russinvägen	Farsta	40
Forshagagatan	Farsta	39
Harpsundsvägen	Farsta	38
Nynäsvägen	Farsta	35
Uhlabovägen	Fegen	12
Lomvägen	Fegen	6
Lärkvägen	Fegen	3
Rosenfinksvägen	Fegen	3
Sjöfågelvägen	Fegen	3
Svanvägen	Fegen	3
Talgsjövägen	Fegen	3
Trastvägen	Fegen	3
Värnamovägen	Fegen	3
Bergfinksvägen	Fegen	2
Bergsvägen	Fellingsbro	17
Norrvägen	Fellingsbro	9
Hemvägen	Fellingsbro	7
Idrottsvägen	Fellingsbro	7
Kvarngatan	Fellingsbro	7
Mått-Johans väg	Fellingsbro	7
Skulstavägen	Fellingsbro	7
Ängebyvägen	Fellingsbro	7
Hästskovägen	Fellingsbro	6
Kyrkvägen	Fellingsbro	6
Sjövägen	Fengersfors	12
Fengersforsvägen	Fengersfors	11
Hensbyvägen	Fengersfors	10
Fabriksvägen	Fengersfors	8
Ämnebyvägen	Fengersfors	7
Fröskogsvägen	Fengersfors	6
Herdins väg	Fengersfors	5
Knarrbyvägen	Fengersfors	5
Ärrsjövägen	Fengersfors	4
Björkvägen	Fengersfors	3
Hägnadsvägen	Figeholm	13
Fabriksvägen	Figeholm	8
Skepparegatan	Figeholm	8
Allégatan	Figeholm	7
Rävuddegatan	Figeholm	7
Ågatan	Figeholm	7
Långgrundsvägen	Figeholm	6
Marknadsgatan	Figeholm	6
Smedjegatan	Figeholm	6
Truttenvägen	Figeholm	6
Högbergsvägen	Filipstad	32
Spångbergsvägen	Filipstad	15
Järnvägsgatan	Filipstad	13
Blombackavägen	Filipstad	11
Brusgårdsvägen	Filipstad	11
Färnebogatan	Filipstad	11
Pålandsvägen	Filipstad	11
Hertig Karlsgatan	Filipstad	10
John Ericssonsgatan	Filipstad	10
Kärleksvägen	Filipstad	10
Hästskovägen	Finja	11
Prästvägen	Finja	8
Tyringevägen	Finja	8
Dragonvägen	Finja	7
Öraholmavägen	Finja	7
Garnisonsvägen	Finja	6
Herrgårdsvägen	Finja	6
Kungsgårdsvägen	Finja	5
Ola Stjernkvists väg	Finja	5
Saxabäcksvägen	Finja	4
Kronvägen	Finnerödja	6
Tivedsvägen	Finnerödja	6
Dalgatan	Finnerödja	5
Skagersholmsvägen	Finnerödja	4
Kvarndammsvägen	Finnerödja	3
Mjölnaregatan	Finnerödja	3
Sågbrogatan	Finnerödja	3
Tallstigen	Finnerödja	3
Änggatan	Finnerödja	3
Backgatan	Finnerödja	2
Norrköpingsvägen	Finspång	37
Torstorpsvägen	Finspång	25
Bergslagsvägen	Finspång	18
Kapellvägen	Finspång	13
Norra Storängsvägen	Finspång	12
Fäskogsvägen	Finspång	10
Kraftkärrsvägen	Finspång	10
Sjöviksvägen	Finspång	10
Skäggebyvägen	Finspång	10
Linköpingsvägen	Finspång	9
Södra Gruvvägen	Fiskebäckskil	13
Rörbäcksvägen	Fiskebäckskil	12
Kaptensgatan	Fiskebäckskil	8
Fiskebäckskilsvägen	Fiskebäckskil	7
Västra Lingällsvägen	Fiskebäckskil	7
Lahallsvägen	Fiskebäckskil	6
Reparn	Fiskebäckskil	6
Alberts väg	Fiskebäckskil	5
Stockeviksvägen	Fiskebäckskil	5
Tjärkullevägen	Fiskebäckskil	5
Fjugesta letstig	Fjugesta	35
Vallgatan	Fjugesta	19
Bergavägen	Fjugesta	15
Domarringsvägen	Fjugesta	15
Östra Långgatan	Fjugesta	8
Bergsgatan	Fjugesta	7
Västra Långgatan	Fjugesta	7
Bangatan	Fjugesta	6
Hagagatan	Fjugesta	6
Sveagatan	Fjugesta	6
Gamla vägen	Fjälkinge	15
Balsby sjöväg	Fjälkinge	14
Maglestensvägen	Fjälkinge	14
Riddaregatan	Fjälkinge	13
Sölvesborgsvägen	Fjälkinge	12
Peder Billes väg	Fjälkinge	11
Håstadsvägen	Fjälkinge	10
Fjälketorpsvägen	Fjälkinge	9
Kumlevägen	Fjälkinge	9
Snedstigen	Fjälkinge	9
Föreningsgatan	Fjällbacka	13
Sälviksvägen	Fjällbacka	12
Killebäcksvägen	Fjällbacka	11
Dinglevägen	Fjällbacka	9
Halsviksvägen	Fjällbacka	9
Långsjövägen	Fjällbacka	9
Vetteberget	Fjällbacka	9
Bräckevägen	Fjällbacka	8
Floravägen	Fjällbacka	7
Lidenvägen	Fjällbacka	7
Änderstavägen	Fjärdhundra	9
Råbyvägen	Fjärdhundra	6
Stationsvägen	Fjärdhundra	5
Kärstavägen	Fjärdhundra	4
Snickerivägen	Fjärdhundra	4
Albäcksvägen	Fjärdhundra	3
Eklundavägen	Fjärdhundra	3
Fycklingevägen	Fjärdhundra	3
Hovtångsvägen	Fjärdhundra	3
Mellevivägen	Fjärdhundra	3
Varbergsvägen	Fjärås	27
Klövervägen	Fjärås	18
Hanhals Kyrkväg	Fjärås	16
Raskens väg	Fjärås	16
Kornvägen	Fjärås	14
Torkelstorpsvägen	Fjärås	14
Vallbyvägen	Fjärås	14
Torpa Kvarnväg	Fjärås	13
Gamla Gällingevägen	Fjärås	12
Gåsevadholmsvägen	Fjärås	12
Bronsvägen	Flarken	1
Åbysvägen	Flarken	1
Solbacksvägen	Flen	12
Drottninggatan	Flen	11
Kungsvägen	Flen	11
Storgatan	Flen	11
Bo Hammarskiölds väg	Flen	10
Bergsgatan	Flen	9
Januarivägen	Flen	9
Villåttingevägen	Flen	9
Brogatan	Flen	8
Hultvägen	Flen	8
Odengatan	Flisby	10
Ängarydsgatan	Flisby	6
Bastuvägen	Flisby	3
Givarpsgatan	Flisby	2
Månskensstigen	Flisby	2
Naskarpsgatan	Flisby	1
Syredavägen	Flisby	1
Toftavägen	Flisby	1
Tunnelgatan	Flisby	1
Ytterbyvägen	Fliseryd	12
Stora vägen	Fliseryd	10
Masugnsvägen	Fliseryd	8
Hantverkarvägen	Fliseryd	7
Stationsvägen	Fliseryd	7
Oskarshamnsvägen	Fliseryd	6
Patron Gustavs väg	Fliseryd	6
Örlidsvägen	Fliseryd	5
Mästarnas väg	Fliseryd	4
Troilius väg	Fliseryd	4
Sörbyvägen	Floby	10
Villagatan	Floby	9
Köpmansgatan	Floby	8
Parkgatan	Floby	8
Eklundagatan	Floby	7
Kapellgatan	Floby	6
Kellgrensgatan	Floby	6
Kungsgatan	Floby	6
Lövängsgatan	Floby	6
Trädgårdsgatan	Floby	6
Floda stationsväg	Floda	29
Högsboholmsvägen	Floda	23
Ryggebol byväg	Floda	23
Lensjövägen	Floda	17
Uddaredsvägen	Floda	17
Skallsjö prästväg	Floda	15
Björnåsvägen	Floda	14
Floda allé	Floda	14
Vällsjövägen	Floda	14
Von Proschwitz väg	Floda	13
Skatteberga stationsväg	Flyinge	10
Plantskolevägen	Flyinge	9
Blomstervägen	Flyinge	7
Löddeåvägen	Flyinge	6
Anna Brahes Väg	Flyinge	5
Tulpanvägen	Flyinge	5
Byasvängen	Flyinge	4
Gårdstångavägen	Flyinge	4
Holmbyvägen	Flyinge	4
Kampanjevägen	Flyinge	4
Ruduvägen	Fors	16
Bruksvägen	Fors	10
Västanhedevägen	Fors	10
Hagbovägen	Fors	9
Bäckaforsvägen	Fors	7
Basvägen	Fors	5
Garpenbergsvägen	Fors	5
Haggatan	Fors	4
Hagstigen	Fors	4
Halsjövägen	Fors	4
Vedavägen	Forsa	12
Frejavägen	Forsa	11
Hillensvägen	Forsa	11
Sörvikstavägen	Forsa	8
Bybergsvägen	Forsa	7
Bölevägen	Forsa	6
Lundvägen	Forsa	6
Strömvägen	Forsa	6
Backavägen	Forsa	5
Berglocksvägen	Forsa	5
Hedesundavägen	Forsbacka	32
Rörbergsvägen	Forsbacka	30
Stentorpsvägen	Forsbacka	21
Svartbergsvägen	Forsbacka	17
Byvägen	Forsbacka	16
Svartviksvägen	Forsbacka	14
Storsjövägen	Forsbacka	11
Valbovägen	Forsbacka	11
Persbacksvägen	Forsbacka	10
Stensängsvägen	Forsbacka	10
Kyrkogatan	Forserum	14
Fabriksgatan	Forserum	8
Torggatan	Forserum	7
Lillsjövägen	Forserum	6
Lorensbergsvägen	Forserum	6
Kvarngatan	Forserum	5
Nylundsvägen	Forserum	5
Cirkelgatan	Forserum	4
Snuggarpsvägen	Forserum	4
Storgatan	Forserum	4
Bråtvägen	Forshaga	11
Bruksgatan	Forshaga	10
Grossbolsgatan	Forshaga	10
Framgårdsvägen	Forshaga	8
Sandviksvägen	Forshaga	8
Grossbolstorpsvägen	Forshaga	7
Norrliden	Forshaga	7
Skivetorpsgatan	Forshaga	7
Skivstagatan	Forshaga	7
Visterudsvägen	Forshaga	7
Storgatan	Forsheda	15
Kyrkogatan	Forsheda	8
Berggatan	Forsheda	7
Parkvägen	Forsheda	7
Skolgatan	Forsheda	7
Björkvägen	Forsheda	6
Galvanovägen	Forsheda	5
Gärdesvägen	Forsheda	5
Hanahöjvägen	Forsheda	5
Långgatan	Forsheda	5
Baltzar von Platens väg	Forsvik	24
Billströmsvägen	Forsvik	9
Undenäsvägen	Forsvik	8
Göta kanalvägen	Forsvik	6
Bruksvägen	Forsvik	5
Karl smeds väg	Forsvik	4
Kolbodsvägen	Forsvik	4
Krokavägen	Forsvik	4
Hagenvägen	Forsvik	3
Herrgårdsvägen	Forsvik	3
Vallmovägen	Fotskäl	4
Vikullavägen	Fotskäl	4
Palmgrens väg	Fotskäl	3
Tostaredsvägen	Fotskäl	2
Hästhovsstigen	Fotskäl	1
Maskrosvägen	Fotskäl	1
Strätehedsvägen	Fotskäl	1
Tistelvägen	Fotskäl	1
Violvägen	Fotskäl	1
Styrsö tångenväg	Fotö	19
Husviksvägen	Fotö	17
Stora vägen	Fotö	16
Styrsö hamnväg	Fotö	16
Halsviksvägen	Fotö	13
Halsviksängen	Fotö	12
Korsviksvägen	Fotö	11
Dammkärrsvägen	Fotö	10
Vassdalsvägen	Fotö	10
Flogenvägen	Fotö	8
Holmselevägen	Fredrika	8
Åselevägen	Fredrika	8
Viskavägen	Fredrika	7
Strandvägen	Fredrika	6
Gamla Umevägen	Fredrika	5
Stormyrvägen	Fredrika	5
Umevägen	Fredrika	5
Parkvägen	Fredrika	4
Djupsjövägen	Fredrika	3
Vattuverksvägen	Fredrika	3
Cirkelvägen	Fredriksdal	11
Sjövägen	Fredriksdal	6
Herrgårdsvägen	Fredriksdal	5
Möbelvägen	Fredriksdal	4
Dammvägen	Fredriksdal	3
Hallhultsvägen	Fredriksdal	3
Samhällsvägen	Fredriksdal	3
Sjöafallsvägen	Fredriksdal	3
Bryggstigen	Fredriksdal	2
Byvägen	Fredriksdal	2
Göteborgsvägen	Frillesås	19
Vallersviksvägen	Frillesås	17
Fagerviks Strandväg	Frillesås	12
Norra Ringvägen	Frillesås	12
Rävsnäsvägen	Frillesås	11
Frillesåsvägen	Frillesås	10
Landbergavägen	Frillesås	10
Broåsvägen	Frillesås	9
Lillestocksvägen	Frillesås	9
Strandabjärsvägen	Frillesås	9
Docklidsvägen	Frinnaryd	13
Tingsvägen	Frinnaryd	11
Jönköpingsvägen	Frinnaryd	8
Stationsvägen	Frinnaryd	8
Väderkvarnsvägen	Frinnaryd	7
Ådalavägen	Frinnaryd	6
Gjuterivägen	Frinnaryd	5
Lindängsvägen	Frinnaryd	5
Månstorpsvägen	Frinnaryd	4
Oskars väg	Frinnaryd	4
Stora vägen	Fristad	15
Lönnvägen	Fristad	14
Björkvägen	Fristad	11
Hedevägen	Fristad	9
Kullasandsvägen	Fristad	9
Asklandavägen	Fristad	8
Tärnavägen	Fristad	7
Skolvägen	Fristad	6
Tallvägen	Fristad	6
Öresjövägen	Fristad	6
Danska vägen	Fritsla	15
Förläggarevägen	Fritsla	13
Hägnevägen	Fritsla	11
Bäckabovägen	Fritsla	10
Getakärrsvägen	Fritsla	9
Kungabergsvägen	Fritsla	9
Smeatorpsvägen	Fritsla	9
Annehultsvägen	Fritsla	8
Kronogärdesvägen	Fritsla	8
Solhagavägen	Fritsla	8
Skogsrydsvägen	Frufällan	19
Barnhemsgatan	Frufällan	17
Vattenverksgatan	Frufällan	16
Fristadsvägen	Frufällan	13
Öresjögatan	Frufällan	12
Lakhallsvägen	Frufällan	11
Norra Sjöbogatan	Frufällan	10
Tosserydsvägen	Frufällan	10
Almenäsvägen	Frufällan	9
Knektåsvägen	Frufällan	8
Aspelundsvägen	Frändefors	11
Östra gatan	Frändefors	7
Ringaregatan	Frändefors	6
Riksvägen	Frändefors	4
Mossgatan	Frändefors	3
Ringaregränd	Frändefors	3
Ödsmålavägen	Frändefors	3
Klockaregatan	Frändefors	2
Muraregatan	Frändefors	2
Målaregatan	Frändefors	2
Centralvägen	Fränsta	10
Fränstavägen	Fränsta	9
Borrbodsvägen	Fränsta	6
Mårtensvägen	Fränsta	6
Östra Gränsgatan	Fränsta	6
Badhusvägen	Fränsta	5
Brandgatan	Fränsta	5
Industrigatan	Fränsta	5
Koldalsvägen	Fränsta	5
Tunforsgatan	Fränsta	5
Södra Industrivägen	Fröseke	2
Peterson-Bergers väg	Frösön	21
Stockevägen	Frösön	18
Vallsundsvägen	Frösön	15
Snorres Väg	Frösön	14
Önevägen	Frösön	13
Härkevägen	Frösön	11
Sommarslingan	Frösön	11
Rödövägen	Frösön	10
Cronstads väg	Frösön	9
Mjällevägen	Frösön	9
Norra Bangatan	Frövi	12
Folkparksgatan	Frövi	11
Handsmedsgatan	Frövi	11
Hedvägen	Frövi	10
Stenstavägen	Frövi	10
Ekenäsvägen	Frövi	9
Järnvägsgatan	Frövi	8
Bergslagsvägen	Frövi	7
Hättängsvägen	Frövi	7
Centralvägen	Frövi	6
Vallarvägen	Funäsdalen	25
Kåvanvägen	Funäsdalen	21
Rörosvägen	Funäsdalen	17
Strandvägen	Funäsdalen	12
Åkervägen	Funäsdalen	12
Renslingan	Funäsdalen	11
Vintergatan	Funäsdalen	11
Åsargatan	Funäsdalen	8
Tullvägen	Funäsdalen	7
Funäsdalsporten	Funäsdalen	6
Kårevägen	Furuby	7
Häradsvägen	Furuby	3
Björkvägen	Furuby	2
Byvägen	Furuby	2
Fägrevägen	Furuby	2
Idrottsvägen	Furuby	2
Furuvägen	Furuby	1
Getingevägen	Furuby	1
Lackalänga Bygata	Furulund	14
Lundagatan	Furulund	13
Nyhemsvägen	Furulund	13
Åkarpsvägen	Furulund	13
Vikengatan	Furulund	11
Kronovägen	Furulund	9
Fjelie Tångaväg	Furulund	8
Lavendelgatan	Furulund	8
Nummertrevägen	Furulund	8
Fjelie Byaväg	Furulund	7
Harkskärsvägen	Furuvik	36
Utvalnäsvägen	Furuvik	35
Östnäsvägen	Furuvik	30
Utskärsvägen	Furuvik	28
Bönavägen	Furuvik	22
Gamla Furuviksvägen	Furuvik	20
Gråbergsvägen	Furuvik	19
Kubbovägen	Furuvik	18
Mårtsbovägen	Furuvik	18
Rännavägen	Furuvik	18
Myrhedenvägen	Fällfors	5
Fällforsvägen	Fällfors	4
Fallgatan	Fällfors	2
Hälleströmsvägen	Fällfors	2
Hästskovägen	Fällfors	2
Lindenvägen	Fällfors	1
Postgatan	Fällfors	1
Tallåsgatan	Fällfors	1
Stavsborgs fabriksväg	Färentuna	16
Lötenvägen	Färentuna	13
Tingsstadsvägen	Färentuna	10
Bonaviksvägen	Färentuna	8
Fållvägen	Färentuna	8
Apelvägen	Färentuna	7
Stavsborgsvägen	Färentuna	7
Säbyviksvägen	Färentuna	7
Klevbergsvägen	Färentuna	6
Slutvägen	Färentuna	6
Håvestensvägen	Färgelanda	14
Kyrkvägen	Färgelanda	12
Allhemsvägen	Färgelanda	10
Ferlins väg	Färgelanda	9
Håbynvägen	Färgelanda	8
Höjdenvägen	Färgelanda	8
Centrumvägen	Färgelanda	7
Hedekasvägen	Färgelanda	7
Sågverksvägen	Färgelanda	6
Thorsons väg	Färgelanda	6
Ygsbovägen	Färila	26
Brinasenvägen	Färila	22
Kilbovägen	Färila	21
Härjedalsvägen	Färila	15
Svartvallsvägen	Färila	15
Södra Ytterygsvägen	Färila	15
Hammarnvägen	Färila	11
Skrytvägen	Färila	10
Sorrovägen	Färila	10
Harmyrvägen	Färila	9
Karlevi Bygata	Färjestaden	22
Möllstorpsgatan	Färjestaden	20
Storgatan	Färjestaden	20
Törnbottenvägen	Färjestaden	18
Joels väg	Färjestaden	16
Järnvägsgatan	Färjestaden	16
Hantverkargatan	Färjestaden	12
Runsbäcksvägen	Färjestaden	12
Björnhovdagatan	Färjestaden	11
Äppelvägen	Färjestaden	11
Araslövsvägen	Färlöv	11
Hamiltons väg	Färlöv	10
Starvägen	Färlöv	9
Vaktelvägen	Färlöv	9
Henningsbergsvägen	Färlöv	8
Isgrannatorpsvägen	Färlöv	8
Skiftesvägen	Färlöv	8
Torsebro byväg	Färlöv	8
Fru Marines väg	Färlöv	7
Hästhagsvägen	Färlöv	6
Färnäs bygata	Färnäs	38
Gamla Kyrkvägen	Färnäs	9
Rödmyrvägen	Färnäs	9
Hindrikesvägen	Färnäs	8
Byåkersvägen	Färnäs	7
Ulf Sparres gata	Färnäs	7
Butusvägen	Färnäs	6
Fäbodvägen	Färnäs	6
Knåsgatan	Färnäs	6
Pellasgatan	Färnäs	6
Klobovägen	Fågelfors	13
Movägen	Fågelfors	9
Nygatan	Fågelfors	9
Kyrkogatan	Fågelfors	8
Parkvägen	Fågelfors	8
Klevestigen	Fågelfors	6
Hyltastigen	Fågelfors	5
Bruksgatan	Fågelfors	4
Åforsvägen	Fågelfors	4
Byvägen	Fågelfors	3
Övre Tångsvägen	Fågelmara	19
Gamla landsvägen	Fågelmara	15
Möllehall	Fågelmara	11
Tombäcksvägen	Fågelmara	11
Horsarydsvägen	Fågelmara	10
Flyebodavägen	Fågelmara	8
Riksvägen	Fågelmara	8
Råsenvägen	Fågelmara	8
Törnåkravägen	Fågelmara	7
Flyerydsvägen	Fågelmara	6
Olle-Jänsvägen	Fåker	14
Kvarnvägen	Fåker	3
Sundwis Väg	Fåker	2
Grönviksvägen	Fåker	1
Gåluvägen	Fåker	1
Ficksjövägen	Fårbo	10
Hagadalsvägen	Fårbo	7
Koviksnäsvägen	Fårbo	7
Mistravägen	Fårbo	7
Källehorvavägen	Fårbo	6
Bjurstams backe	Fårbo	5
Brinkvägen	Fårbo	4
Hultgårdsvägen	Fårbo	4
Jakobstorpsvägen	Fårbo	4
Kappemålavägen	Fårbo	4
Västra vägen	Fårösund	11
Kustparksvägen	Fårösund	10
Stuxvägen	Fårösund	10
Kalkugnsvägen	Fårösund	9
Fårövägen	Fårösund	8
Kronhagsvägen	Fårösund	7
Haltarvevägen	Fårösund	6
Artillerivägen	Fårösund	5
Biskopsvägen	Fårösund	5
Bunge Sandviksvägen	Fårösund	5
Storgatan	Föllinge	11
Kyrkvägen	Föllinge	8
Långgatan	Föllinge	7
Lägdenvägen	Föllinge	6
Axelåsvägen	Föllinge	4
Backvägen	Föllinge	4
Spelmansvägen	Föllinge	4
Benstevägen	Föllinge	3
Bjäkerstigen	Föllinge	3
Brunkullavägen	Föllinge	3
Sandbäcksvägen	Förslöv	19
Långagärdsvägen	Förslöv	17
Prästgårdsvägen	Förslöv	15
Bjäredalsvägen	Förslöv	13
Bäckvägen	Förslöv	13
Rörvångsvägen	Förslöv	12
Stenhotten	Förslöv	11
Margretetorpsvägen	Förslöv	10
Vantingevägen	Förslöv	10
Lugnetvägen	Förslöv	9
Bygattu	Gagnef	27
Rännarhedsvägen	Gagnef	20
Täktholvägen	Gagnef	20
Hellsinggårdsvägen	Gagnef	17
Långgattu	Gagnef	17
Holtäppsvägen	Gagnef	12
Myrvägen	Gagnef	11
Sjövägen	Gagnef	11
Ernst Hedlunds väg	Gagnef	10
Kyrkbyvägen	Gagnef	9
Björnsholmsvägen	Gamleby	14
Hagagatan	Gamleby	13
Hallingebergsvägen	Gamleby	13
Loftagatan	Gamleby	10
Härstadsvägen	Gamleby	9
Stångelandsgatan	Gamleby	8
Åbyvägen	Gamleby	8
Hammarsvägen	Gamleby	7
Ekvägen	Gamleby	6
Framnäsgatan	Gamleby	6
Storhedsvägen	Gammelstad	45
Alviksvägen	Gammelstad	44
Storsandsvägen	Gammelstad	39
Lulevägen	Gammelstad	25
Norra Timmervägen	Gammelstad	24
Rutviks byaväg	Gammelstad	23
Sörbyvägen	Gammelstad	20
Älvsbyvägen	Gammelstad	20
Bälinge byaväg	Gammelstad	19
Haparandavägen	Gammelstad	19
Byvägen	Gargnäs	26
Skolvägen	Gargnäs	4
Flatåkervägen	Gargnäs	3
Hårchvägen	Gargnäs	3
Kyrkvägen	Gargnäs	2
Rävnabbvägen	Gargnäs	2
Sågvägen	Gargnäs	2
Hembergsvägen	Gargnäs	1
Svältsnöret	Gargnäs	1
Åsvägen	Gargnäs	1
Finnhyttevägen	Garpenberg	10
Garpvägen	Garpenberg	9
Silvervägen	Garpenberg	8
Brygghusvägen	Garpenberg	7
Kopparvägen	Garpenberg	7
Herrgårdsvägen	Garpenberg	6
Gruvvägen	Garpenberg	5
Norrlandsvägen	Garpenberg	5
Dormsjövägen	Garpenberg	4
Erikslundsvägen	Garpenberg	4
Garpvägen	Garphyttan	15
Tysslingevägen	Garphyttan	13
Kvarnvägen	Garphyttan	11
Lannaforsvägen	Garphyttan	9
Slätåsvägen	Garphyttan	8
Bruksvägen	Garphyttan	6
Dragarvägen	Garphyttan	6
Höckerkullavägen	Garphyttan	6
Lekbäcksvägen	Garphyttan	5
Vargdalsvägen	Garphyttan	5
Skäjsnäsvägen	Garsås	16
Garsås bygata	Garsås	15
Skogsängsvägen	Garsås	11
Sjövägen	Garsås	8
Utsiktsvägen	Garsås	7
Lindvägen	Garsås	5
Riksvägen	Garsås	5
Stumsnäs Bjönsbovägen	Garsås	4
Kolugnsvägen	Garsås	3
Djurkällsvägen	Garsås	2
Skärvavägen	Gemla	11
Kvarnvägen	Gemla	6
Säterivägen	Gemla	6
Södra vägen	Gemla	6
Växjövägen	Gemla	6
Klövervägen	Gemla	4
Norrvägen	Gemla	4
Svarta vägen	Gemla	4
Ängsvägen	Gemla	4
Askevägen	Gemla	3
Sandvägen	Genarp	17
Ljungbacksvägen	Genarp	13
Ledholmsvägen	Genarp	11
Östra Ellebäcksvägen	Genarp	10
Blüchers stig	Genarp	7
Gödelövsvägen	Genarp	7
Kyrkovägen	Genarp	7
Värdshusvägen	Genarp	7
Lars Kristoffers väg	Genarp	6
Risavägen	Genarp	6
Öringevägen	Genevad	12
Eriksbergsgatan	Genevad	11
Halmstadsvägen	Genevad	9
Lertäktsvägen	Genevad	8
Salomonsvägen	Genevad	8
Skolgatan	Genevad	6
Fredriksbergsvägen	Genevad	5
Bruksgatan	Genevad	4
Verkstadsgatan	Genevad	4
Bollvägen	Genevad	3
Östra Järnvägsgatan	Getinge	15
Göteborgsvägen	Getinge	8
Stenstorpsvägen	Getinge	8
Rackarebergsvägen	Getinge	7
Skattagårdsvägen	Getinge	7
Västra Järnvägsgatan	Getinge	5
Bergsgatan	Getinge	4
Boråsvägen	Getinge	4
Eskilstorpsgatan	Getinge	4
Gärdesvägen	Getinge	4
Bergforsvägen	Gideå	4
Bolagsbacken	Gideå	3
Prostvägen	Gideå	3
Snickerivägen	Gideå	3
Kyrkväktarvägen	Gideå	2
Rubanksvägen	Gideå	2
Hundsjövägen	Gideå	1
Sjöbacksvägen	Gideå	1
Skollärarvägen	Gideå	1
Idrottsvägen	Gimo	16
Björkvägen	Gimo	15
Bruksgatan	Gimo	11
Köpmangatan	Gimo	10
Långgatan	Gimo	10
Solängsgatan	Gimo	9
Älgvägen	Gimo	9
Uppsalavägen	Gimo	8
Coromantvägen	Gimo	7
Kyrkvägen	Gimo	6
Södra Storgatan	Gislaved	30
Danska vägen	Gislaved	28
Södergatan	Gislaved	21
Anderstorpsvägen	Gislaved	17
Odengatan	Gislaved	15
Åbjörnsgatan	Gislaved	15
Holmengatan	Gislaved	14
Reftelevägen	Gislaved	14
Gislegatan	Gislaved	13
Radhusvägen	Gislaved	12
Drevevägen	Glanshammar	17
Opphammarvägen	Glanshammar	10
Gamla Arbogavägen	Glanshammar	7
Kemivägen	Glanshammar	7
Furnäsvägen	Glanshammar	6
Gamla Hjälmarvägen	Glanshammar	6
Asphagsvägen	Glanshammar	5
Kärleksstigen	Glanshammar	5
Lakevägen	Glanshammar	5
Perstorpsvägen	Glanshammar	5
Björkåsvägen	Glava	3
Industrivägen	Glava	1
Knollstigen	Glava	1
Lövåsen	Glava	1
Yrevallsvägen	Glava	1
Rännegatan	Glemmingbro	13
Hobjersvägen	Glemmingbro	12
Östanvägen	Glemmingbro	11
Östra Kustvägen	Glemmingbro	9
Backavägen	Glemmingbro	8
Handlarevägen	Glemmingbro	7
Västanvägen	Glemmingbro	7
Tuvegatan	Glemmingbro	6
Vallshögsvägen	Glemmingbro	6
Österlenvägen	Glemmingbro	6
Ingelstorps mossaväg	Glemmingebro	12
Tuvebäcksvägen	Glemmingebro	9
Kullhögsvägen	Glemmingebro	6
Glemminge stenarvägen	Glemmingebro	5
Hedvigsdahls gårds väg	Glemmingebro	5
Henriksfältsvägen	Glemmingebro	5
Österlenvägen	Glemmingebro	5
Hans Ols väg	Glemmingebro	4
Redskapsvägen	Glemmingebro	4
Slättåkersvägen	Glemmingebro	4
Hittarpsvägen	Glimåkra	9
Kilingevägen	Glimåkra	6
Boaltsvägen	Glimåkra	5
Egnahemsgatan	Glimåkra	5
Gamla Sibbhultsvägen	Glimåkra	5
Grottevägen	Glimåkra	5
Hemlingevägen	Glimåkra	4
Marknadsvägen	Glimåkra	4
Västra Järnvägsgatan	Glimåkra	4
Evas väg	Glimåkra	3
Digesgårdsringen	Glommen	18
Glumstensvägen	Glommen	13
Parallellvägen	Glommen	12
Fyrklövervägen	Glommen	11
Centralvägen	Glommen	9
Gustavs väg	Glommen	8
Havsvägen	Glommen	8
Lönestigsvägen	Glommen	8
Bengt Augusta väg	Glommen	7
Gunnars väg	Glommen	7
Hällstorpsvägen	Glumslöv	11
Ålabodsvägen	Glumslöv	11
Troeds väg	Glumslöv	9
Hövdingaleden	Glumslöv	7
Johan Pers väg	Glumslöv	7
Sundviksvägen	Glumslöv	7
Vipevägen	Glumslöv	7
Hägnalövsvägen	Glumslöv	6
Glumslövsvägen	Glumslöv	5
Ålabodstranden	Glumslöv	5
Stationsvägen	Gnarp	16
Kyrkvägen	Gnarp	12
Bergevägen	Gnarp	8
Gammelgårdsvägen	Gnarp	5
Gingstavägen	Gnarp	4
Harvens väg	Gnarp	4
Piravägen	Gnarp	4
Södra vägen	Gnarp	4
Rödevägen	Gnarp	3
Armévägen	Gnarp	2
Västra Storgatan	Gnesta	22
Östra Storgatan	Gnesta	20
Dansutvägen	Gnesta	11
Mosebacke	Gnesta	11
Vackerby industriväg	Gnesta	11
Vikingavägen	Gnesta	11
Långsjövägen	Gnesta	10
Skillingagatan	Gnesta	10
Harry Martinsons väg	Gnesta	9
Hundbyvägen	Gnesta	9
Järnvägsgatan	Gnosjö	17
Fritidsvägen	Gnosjö	11
Anderstorpsvägen	Gnosjö	10
Bygatan	Gnosjö	10
Långgatan	Gnosjö	8
Södra vägen	Gnosjö	8
Läroverksgatan	Gnosjö	7
Marieströmsvägen	Gnosjö	7
Sjörydsvägen	Gnosjö	7
Södergatan	Gnosjö	7
Blå vägen	Granö	12
Långmyrvägen	Granö	7
Nabbvägen	Granö	5
Västra Tegsnäset	Granö	4
Campingvägen	Granö	3
Hagarana	Granö	3
Skolvägen	Granö	2
Blåkullevägen	Granö	1
Gamla Byavägen	Granö	1
Karlavägen	Granö	1
Sövallsvägen	Grebbestad	16
Nedre långgatan	Grebbestad	13
Gata	Grebbestad	11
Mor Klaras väg	Grebbestad	10
Kolmyrsvägen	Grebbestad	9
Rörviksvägen	Grebbestad	9
Stenvägen	Grebbestad	8
Grönemadsvägen	Grebbestad	7
Killebäcksvägen	Grebbestad	7
Klangs väg	Grebbestad	7
Klövervägen	Grevie	11
Norra Hovallsvägen	Grevie	10
Vilhelmsfältsvägen	Grevie	10
Böskedalsvägen	Grevie	9
Havstensvägen	Grevie	9
Karlslundsvägen	Grevie	7
Ljungvägen	Grevie	7
Salomonhögsvägen	Grevie	7
Segelstorpsvägen	Grevie	7
Öllövsvägen	Grevie	7
Hammarsgårdsvägen	Grillby	12
Segersta gårds väg	Grillby	12
Segerstavägen	Grillby	10
Storgatan	Grillby	10
Lilla Segerstavägen	Grillby	9
Villagatan	Grillby	9
Sjövägen	Grillby	8
Målarvägen	Grillby	7
Smedstorpsvägen	Grillby	7
Krägga strandväg	Grillby	6
Skatelövsvägen	Grimslöv	13
Stationsgatan	Grimslöv	7
Kullsvägen	Grimslöv	6
Snickarvägen	Grimslöv	6
Fereboavägen	Grimslöv	4
Järnvägen	Grimslöv	4
Lönashultsvägen	Grimslöv	4
Aspvägen	Grimslöv	3
Hantverkargatan	Grimslöv	3
Lyckliga gatan	Grimslöv	3
Björkövägen	Grimstorp	6
Skärvövägen	Grimstorp	6
Annemovägen	Grimstorp	5
Hattsjövägen	Grimstorp	5
Mickel Göings väg	Grimstorp	5
Svalövägen	Grimstorp	5
Blåsippevägen	Grimstorp	4
Höglandsgatan	Grimstorp	4
Högövägen	Grimstorp	4
Vitsippevägen	Grimstorp	4
Storgatan	Grimsås	14
Ängsgatan	Grimsås	12
Skolgatan	Grimsås	10
Idrottsgatan	Grimsås	7
Källegatan	Grimsås	7
Äspåsvägen	Grimsås	7
Limmaredsvägen	Grimsås	6
Norra vägen	Grimsås	6
Flodalavägen	Grimsås	5
Fridhemsgatan	Grimsås	5
Kalvskärsvägen	Grisslehamn	36
Norrgärdesvägen	Grisslehamn	30
Gamla landsvägen	Grisslehamn	26
Kvarnsandsvägen	Grisslehamn	25
Bergboövägen	Grisslehamn	23
Skatuddsvägen	Grisslehamn	23
Ekbacksvägen	Grisslehamn	22
Örsten	Grisslehamn	21
Finnarsörsvägen	Grisslehamn	18
Norrby byaväg	Grisslehamn	18
Gamla vägen	Grums	31
Hotellgatan	Grums	20
Sveagatan	Grums	19
Karlslundsgatan	Grums	13
Karlbergsgatan	Grums	11
Grönbergsgatan	Grums	10
Gruvövägen	Grums	8
Öbergsgatan	Grums	8
Industrigatan	Grums	7
Ringvägen	Grums	7
Bovikstensvägen	Grundsund	14
Backavägen	Grundsund	9
Slingervägen	Grundsund	9
Lönndalsvägen	Grundsund	8
Dammenvägen	Grundsund	7
Havsvyvägen	Grundsund	6
Lyshultsvägen	Grundsund	5
Skogen	Grundsund	5
Kleva	Grundsund	4
Torvvägen	Grundsund	4
Harmsarvsvägen	Grycksbo	24
Rättviksvägen	Grycksbo	13
Bergsätravägen	Grycksbo	12
Örjesbovägen	Grycksbo	12
Centrumvägen	Grycksbo	10
Studsarvsvägen	Grycksbo	9
Vippåvägen	Grycksbo	9
Kungsvägen	Grycksbo	8
Kyrkbyvägen	Grycksbo	8
Svedjevägen	Grycksbo	8
Rågeterdalsvägen	Gryt	11
Ekuddevägen	Gryt	10
Hummelviksvägen	Gryt	10
Horsviksvägen	Gryt	9
Klockaruddsvägen	Gryt	7
Evelundsvägen	Gryt	6
Lilla Getterövägen	Gryt	6
Snäckevarpsvägen	Gryt	6
Gåtebovägen	Gryt	5
Norrtorpsvägen	Gryt	4
Liebruksvägen	Grytgöl	6
Rommetorpsvägen	Grytgöl	6
Folkströmsvägen	Grytgöl	5
Krokkärrsvägen	Grytgöl	5
Hectorsvägen	Grytgöl	4
Högsfallsvägen	Grytgöl	3
Parkuddsvägen	Grytgöl	3
Skansgatan	Grytgöl	3
Borres väg	Grytgöl	2
Bromvägen	Grytgöl	2
Gruvgatan	Grythyttan	11
Sångesnäsvägen	Grythyttan	9
Badvägen	Grythyttan	8
Breviksvägen	Grythyttan	6
Mellanvägen	Grythyttan	6
Hammargatan	Grythyttan	5
Källbrovägen	Grythyttan	5
Skiffergatan	Grythyttan	5
Stationsgatan	Grythyttan	5
Bergslagsgatan	Grythyttan	4
Södra Hörksvägen	Grängesberg	46
Örtjärnsvägen	Grängesberg	44
Hörksnäsvägen	Grängesberg	35
Björkallén	Grängesberg	32
Bergsmansvägen	Grängesberg	20
Björnhyttevägen	Grängesberg	16
Flygfältsvägen	Grängesberg	16
Södra Hällsjövägen	Grängesberg	16
Örabergsvägen	Grängesberg	15
Övre Kyrkviksvägen	Grängesberg	13
Skiftesvägen	Gränna	13
Bergsgatan	Gränna	12
Överstegränd	Gränna	12
Gärdesvägen	Gränna	9
Sjögatan	Gränna	9
Amiralsvägen	Gränna	8
Hamnvägen	Gränna	8
Jonstorpsvägen	Gränna	8
Gamla Brunnsvägen	Gränna	7
Rådmansgränd	Gränna	7
Krukfällavägen	Gräsmyr	4
Pers gata	Gräsmyr	3
Mullsjövägen	Gräsmyr	1
Tobias väg	Gräsmyr	1
Oskarsgatan	Grästorp	12
Södergatan	Grästorp	12
Badgatan	Grästorp	11
Jon Jespersgatan	Grästorp	11
Storgatan	Grästorp	10
Ågatan	Grästorp	9
Odinsgatan	Grästorp	8
Lilla Bergsvägen	Grästorp	7
Tengenevägen	Grästorp	7
Lunnevivägen	Grästorp	6
Tolsjöhultsvägen	Gråbo	37
Monvägen	Gråbo	33
Aggetorpsvägen	Gråbo	26
Hörnemossevägen	Gråbo	24
Gråbovägen	Gråbo	22
Hjällsnäsvägen	Gråbo	21
Ljungslättsvägen	Gråbo	19
Olstorpsvägen	Gråbo	19
Benelyckevägen	Gråbo	18
Lundbyvägen	Gråbo	18
Finkmossvägen	Grödinge	20
Sedelvägen	Grödinge	20
Dalvägen	Grödinge	19
Grödingevägen	Grödinge	15
Hågelbyleden	Grödinge	15
Prästgårdsvägen	Grödinge	15
Tumbavägen	Grödinge	13
Björkvägen	Grödinge	12
Broängsvägen	Grödinge	11
Soltorpsvägen	Grödinge	11
Badvägen	Grönahög	1
Esperedsvägen	Grönahög	1
Lövstigen	Grönahög	1
Myggtjärnsvägen	Grönahög	1
Nyarpsvägen	Grönahög	1
Pilvägen	Grönahög	1
Trastvägen	Grönahög	1
Ulricehamnsvägen	Grönahög	1
Östentorpsvägen	Grönahög	1
Tostebergavägen	Gualöv	16
Byvägen	Gualöv	15
Östra Ljungbyvägen	Gualöv	14
Gyetorpsvägen	Gualöv	11
Konsumvägen	Gualöv	8
Massavägen	Gualöv	8
Släbovägen	Gualöv	8
Kolamossevägen	Gualöv	7
Stiftelsevägen	Gualöv	7
Vallvägen	Gualöv	7
Fridhemsvägen	Gudhem	9
Gamla Skövdevägen	Gudhem	8
Klostervägen	Gudhem	7
Torbjörntorpsvägen	Gudhem	6
Syrénvägen	Gudhem	5
Valtorpsvägen	Gudhem	5
Kattebergsvägen	Gudhem	4
Villavägen	Gudhem	4
Västerbovägen	Gudhem	4
Alströmsvägen	Gudhem	3
Elzwiks väg	Guldsmedshyttan	20
Herrgårdsvägen	Guldsmedshyttan	18
Stripavägen	Guldsmedshyttan	12
Gullblankavägen	Guldsmedshyttan	10
Gårdsvägen	Guldsmedshyttan	10
Källbrovägen	Guldsmedshyttan	8
Trädgårdsvägen	Guldsmedshyttan	8
Björkvägen	Guldsmedshyttan	7
Gruvbackevägen	Guldsmedshyttan	7
Nyhyttevägen	Guldsmedshyttan	7
Tallkottevägen	Gullabo	4
Binnaretorpsvägen	Gullabo	2
Gullabovägen	Gullabo	2
Enbärsvägen	Gullabo	1
Grankottevägen	Gullabo	1
Pårydsvägen	Gullabo	1
Timmervägen	Gullabo	1
Lenhovdavägen	Gullaskruv	6
Glasblåsarevägen	Gullaskruv	4
Tallhedsvägen	Gullaskruv	3
Västregårdsvägen	Gullaskruv	3
Intagsvägen	Gullaskruv	2
Lermadsvägen	Gullaskruv	2
Skogsgårdsvägen	Gullaskruv	2
Värdshusvägen	Gullaskruv	2
Bergtomtavägen	Gullaskruv	1
Fröneskruvsvägen	Gullaskruv	1
Frösakull ängar	Gullbrandstorp	20
Lyngavägen	Gullbrandstorp	19
Skälviksvägen	Gullbrandstorp	16
Doktorsvägen	Gullbrandstorp	15
Fammarpsvägen	Gullbrandstorp	15
Tylövägen	Gullbrandstorp	14
Kronoskogsvägen	Gullbrandstorp	13
Kustvägen	Gullbrandstorp	13
Skogsvägen	Gullbrandstorp	13
Tjuvahålsvägen	Gullbrandstorp	12
Gullholmsbaden	Gullholmen	8
Hagevägen	Gullholmen	2
Källevägen	Gullholmen	2
Blåsopp	Gullholmen	1
Gatan	Gullholmen	1
Idrottsgatan	Gullringen	11
Källebergsvägen	Gullringen	10
Ådalsvägen	Gullringen	10
Ydreforsvägen	Gullringen	6
Centrumgatan	Gullringen	5
Parkvägen	Gullringen	5
Kvarngatan	Gullringen	4
Pechlins väg	Gullringen	4
Storgatan	Gullringen	4
Furugatan	Gullringen	3
Villagatan	Gullspång	13
Östergatan	Gullspång	10
Västergatan	Gullspång	7
Bergsgatan	Gullspång	6
Gullstensgatan	Gullspång	6
Kraftverksgatan	Gullspång	6
Enbärsvägen	Gullspång	5
Hemgatan	Gullspång	5
Possegatan	Gullspång	5
Stampargatan	Gullspång	5
Blå vägen	Gunnarn	7
Finnäs	Gunnarn	3
Stationsvägen	Gunnarn	3
Västerviksvägen	Gunnarn	3
Stora vägen	Gunnarsbyn	11
Hallonvägen	Gunnarsbyn	7
Gamla Byavägen	Gunnarsbyn	6
Holmvägen	Gunnarsbyn	6
Nyvägen	Gunnarsbyn	6
Långsel	Gunnarsbyn	5
Parkvägen	Gunnarsbyn	4
Sportvägen	Gunnarsbyn	4
Blåbärsvägen	Gunnarsbyn	3
Daludden	Gunnarsbyn	3
Ekorrvägen	Gunnarskog	5
Älgstråket	Gunnarskog	5
Igelkottsvägen	Gunnarskog	3
Järvens väg	Gunnarskog	3
Rådjursvägen	Gunnarskog	3
Skramlevägen	Gunnarskog	3
Harvägen	Gunnarskog	2
Hjortvägen	Gunnarskog	2
Mårdvägen	Gunnarskog	2
Illervägen	Gunnarskog	1
Äskestocksvägen	Gunnebo	13
Ringvägen	Gunnebo	9
Centrumvägen	Gunnebo	7
Sportvägen	Gunnebo	7
Bruksvägen	Gunnebo	6
Kolgårdsvägen	Gunnebo	6
Dalsvägen	Gunnebo	5
Järövägen	Gunnebo	5
Marbacken	Gunnebo	5
Notuddsvägen	Gunnebo	5
Titteridammsvägen	Gunnilse	60
Rannebergsvägen	Gunnilse	48
Angereds storåsväg	Gunnilse	44
Rävebergsvägen	Gunnilse	22
Spadegatan	Gunnilse	22
Hästhagen	Gunnilse	21
Övre Storåsvägen	Gunnilse	21
Rappedalsvägen	Gunnilse	20
Gunnilsevägen	Gunnilse	15
Kryddkrassegatan	Gunnilse	14
Albäcksvägen	Gusselby	6
Kvarnabergsvägen	Gusselby	6
Bygatan	Gusselby	4
Bäckadalsvägen	Gusselby	3
Marielundsvägen	Gusselby	2
Sandviksvägen	Gusselby	2
Sågarbacken	Gusselby	2
Annelundsvägen	Gusselby	1
Gransnåret	Gusselby	1
Gusselbyvägen	Gusselby	1
Morbyvägen	Gustafs	20
Millionvägen	Gustafs	16
Överstevägen	Gustafs	15
Ljusterbrovägen	Gustafs	13
Naglarbyvägen	Gustafs	11
Knäppgatu	Gustafs	10
Rommevägen	Gustafs	10
Storhagavägen	Gustafs	10
Hagavägen	Gustafs	9
Oråsvägen	Gustafs	9
Gustavsbergsvägen	Gustavsberg	50
Skärgårdsvägen	Gustavsberg	43
Lagnövägen	Gustavsberg	28
Björnskogsvägen	Gustavsberg	27
Skyttevägen	Gustavsberg	23
Gamla Skärgårdsvägen	Gustavsberg	21
Rosenmalmsvägen	Gustavsberg	21
Pastor Ödmans väg	Gustavsberg	17
Toivovägen	Gustavsberg	17
Gustavsbergs allé	Gustavsberg	16
Nästegårdsvägen	Gustavsfors	12
Kronvägen	Gustavsfors	8
Bruksvägen	Gustavsfors	7
Lugnabovägen	Gustavsfors	7
Lövingevägen	Gustavsfors	2
Årjängsvägen	Gustavsfors	2
Betaniavägen	Gustavsfors	1
Hastabergsvägen	Gustavsfors	1
Thorinders väg	Gustavsfors	1
Bruksgatan	Gusum	10
Centrumplatsen	Gusum	8
Egnahemsvägen	Gusum	8
Ursättersvägen	Gusum	8
Högalidsvägen	Gusum	7
Grenvägen	Gusum	6
Åbyvägen	Gusum	6
Varggatan	Gusum	5
Fredsgatan	Gusum	4
Gästgivarevägen	Gusum	4
Granövägen	Gysinge	14
Mattövägen	Gysinge	14
Söderforsvägen	Gysinge	13
Björsjövägen	Gysinge	8
Hadevägen	Gysinge	8
Kolartorpsvägen	Gysinge	8
Åsbyvallvägen	Gysinge	7
Strångnäsvägen	Gysinge	6
Gysingevägen	Gysinge	5
Kerstinbo byväg	Gysinge	5
Nobelvägen	Gyttorp	10
Hälleforsvägen	Gyttorp	9
Noravägen	Gyttorp	8
Byvägen	Gyttorp	6
Stationsvägen	Gyttorp	5
Bergsängsvägen	Gyttorp	4
Nordstjärnevägen	Gyttorp	4
Åkervägen	Gyttorp	4
Aron Lundéns väg	Gyttorp	3
Karl IX:s väg	Gyttorp	3
Norgevägen	Gäddede	11
Brogatan	Gäddede	9
Strömsvägen	Gäddede	9
Backvägen	Gäddede	7
Björkvattenvägen	Gäddede	7
Hemvägen	Gäddede	6
Fjällvägen	Gäddede	5
Sagavägen	Gäddede	5
Doktor Hummels väg	Gäddede	4
Prästbacken	Gäddede	4
Parkgatan	Gällivare	28
Fjällnäsgränd	Gällivare	26
Andra sidanvägen	Gällivare	15
Cellulosavägen	Gällivare	12
Luleåvägen	Gällivare	12
Lasarettsgatan	Gällivare	11
Södra bussgatan	Gällivare	10
Kyrkstugugatan	Gällivare	9
Wennerströmsvägen	Gällivare	9
Hantverkaregatan	Gällivare	8
Abborrkroksvägen	Gällnöby	16
Löknäsvägen	Gällnöby	11
Kalvsviksuddsvägen	Gällnöby	10
Tranviksvägen	Gällnöby	8
Överby kvarnväg	Gällnöby	8
Boda byväg	Gällnöby	7
Hasselviksvägen	Gällnöby	7
Metkroksvägen	Gällnöby	7
Norrvägen	Gällnöby	7
Svartviksvägen	Gällnöby	7
Skolgatan	Gällstad	14
Norra vägen	Gällstad	13
Stora vägen	Gällstad	12
Boråsvägen	Gällstad	9
Byvägen	Gällstad	9
Ulricehamnsvägen	Gällstad	9
Graningevägen	Gällstad	4
Kärråsvägen	Gällstad	4
Mejerivägen	Gällstad	4
Biblioteksgatan	Gällstad	3
Revsundsvägen	Gällö	17
Sågvägen	Gällö	13
Arnljotsvägen	Gällö	9
Almqvistvägen	Gällö	8
Gällö Stationsvägen	Gällö	7
Skolvägen	Gällö	7
Gällövägen	Gällö	6
Sefastvägen	Gällö	5
Mickelvägen	Gällö	4
Per-Aronsvägen	Gällö	4
Fredrika Bremers väg	Gärds Köpinge	17
Lillevångsvägen	Gärds Köpinge	11
Mossagårdsvägen	Gärds Köpinge	7
Hovby byagata	Gärds Köpinge	6
Ulrikas väg	Gärds Köpinge	6
Malmövägen	Gärds Köpinge	5
Bamsholmsvägen	Gärds Köpinge	4
Franks väg	Gärds Köpinge	4
Gringelstadsvägen	Gärds Köpinge	4
Hovbyvägen	Gärds Köpinge	4
Vångavägen	Gärsnäs	17
Tågarpsvägen	Gärsnäs	11
Malmövägen	Gärsnäs	10
Tystabäcksvägen	Gärsnäs	10
Rävkroksvägen	Gärsnäs	8
Slottsvägen	Gärsnäs	8
Storgatan	Gärsnäs	8
Gamla kyrkvägen	Gärsnäs	6
Nils Svens väg	Gärsnäs	6
Stenhedsvägen	Gärsnäs	6
Västervägen	Gästrike-Hammarby	15
Sturestensvägen	Gästrike-Hammarby	11
Skommargatan	Gästrike-Hammarby	9
Mombygatan	Gästrike-Hammarby	8
Åttersta hytta	Gästrike-Hammarby	8
Övermyravägen	Gästrike-Hammarby	8
Åtterstavägen	Gästrike-Hammarby	6
Ovansjövägen	Gästrike-Hammarby	5
Gripvägen	Gästrike-Hammarby	4
Nymnenvägen	Gästrike-Hammarby	4
Sätrahöjden	Gävle	45
Norra Åbyggebyvägen	Gävle	42
Strömsbrovägen	Gävle	41
Utnoravägen	Gävle	41
Södra Kungsgatan	Gävle	40
Forsbyvägen	Gävle	39
Hamnleden	Gävle	35
Nygatan	Gävle	34
Skogmursvägen	Gävle	33
Hillevägen	Gävle	31
Kråkereds Sjöväg	Gånghester	19
Polonäsgränd	Gånghester	15
Sörmarksgatan	Gånghester	15
Stora vägen	Gånghester	13
Brotorpsgatan	Gånghester	12
Gånghestersvägen	Gånghester	12
Rydsvägen	Gånghester	10
Holmens väg	Gånghester	9
Idrottsvägen	Gånghester	8
Kapellvägen	Gånghester	8
Källarbroängsvägen	Gårdsjö	6
Åsebolsvägen	Gårdsjö	6
Parkgatan	Gårdsjö	5
Blomstervägen	Gårdsjö	4
Göte Hellmans väg	Gårdsjö	4
Badhusgatan	Gårdsjö	3
Hulan Sjövägen	Gårdsjö	3
Hulan Strandvägen	Gårdsjö	3
Kyrkogatan	Gårdsjö	3
Högsåsvägen	Gårdsjö	2
Timmervägen	Göta	10
Götaslättsvägen	Göta	8
Bistockvägen	Göta	5
Hanströmsvägen	Göta	5
Peråsliden	Göta	5
Stenhusvägen	Göta	5
Södra Granliden	Göta	5
Bäckvägen	Göta	4
Götabruks väg	Göta	4
Kantvägen	Göta	4
Hjalmar Brantingsgatan	Göteborg	236
Långströmsgatan	Göteborg	165
Lindholmsallén	Göteborg	159
Danska vägen	Göteborg	125
Litteraturgatan	Göteborg	125
Björlandavägen	Göteborg	120
Södra vägen	Göteborg	94
Herkulesgatan	Göteborg	92
Gamlestadsvägen	Göteborg	91
Nya allén	Göteborg	90
Lidköpingsvägen	Götene	15
Norra Skaravägen	Götene	14
Järnvägsgatan	Götene	13
Vättlösavägen	Götene	13
Västgötagatan	Götene	12
Västerbyvägen	Götene	11
Holmestadvägen	Götene	10
Götgatan	Götene	9
Linnégatan	Götene	9
Västra Torsgatan	Götene	9
Lundgatan	Habo	23
Munkvägen	Habo	20
Malmgatan	Habo	18
Kråkerydsvägen	Habo	15
Kärrsvägen	Habo	15
Tidaholmsvägen	Habo	13
Fågelvägen	Habo	12
Bagaregatan	Habo	10
Bränningeleden	Habo	10
Kyrkvägen	Habo	10
Näckstavägen	Hackås	12
Hackåsvägen	Hackås	10
Kyrkvägen	Hackås	5
Fästevägen	Hackås	4
Hamnvägen	Hackås	4
Hovslidenvägen	Hackås	4
Näsvägen	Hackås	4
Restgata	Hackås	4
Björkvägen	Hackås	3
Hovsvägen	Hackås	3
Ängfallhedsvägen	Hagfors	20
Filarevägen	Hagfors	14
Skålviksvägen	Hagfors	14
Parkvägen	Hagfors	11
Uvedsvägen	Hagfors	11
Hagälvsvägen	Hagfors	8
Ekendals väg	Hagfors	7
Källsåsvägen	Hagfors	7
Nils Johans väg	Hagfors	7
Ringvägen	Hagfors	7
Stampes väg	Hajom	5
Gnejsvägen	Hajom	4
Fältspatsvägen	Hajom	2
Glimmervägen	Hajom	2
Kvartsvägen	Hajom	2
Stomvägen	Hajom	2
Lammalyckevägen	Hajom	1
Stordalsvägen	Hajom	1
Valla kyrkväg	Hakenäset	25
Vallhamn industriväg	Hakenäset	12
Dösevägen	Hakenäset	10
Sörbyvägen	Hakenäset	5
Gläsehed	Hakenäset	4
Kråkedalsvägen	Hakenäset	4
Rödgårdarnas väg	Hakenäset	1
Byavägen	Hakkas	6
Lompolovaaravägen	Hakkas	5
Lingonbergsvägen	Hakkas	4
Kalixvägen	Hakkas	3
Kyrkvägen	Hakkas	3
Gästgivarevägen	Hakkas	2
Mellanvägen	Hakkas	2
Vilhelms väg	Hakkas	2
Ailis väg	Hakkas	1
Bergvägen	Hakkas	1
Abborremålavägen	Hallabro	25
Belganetsvägen	Hallabro	20
Bökemålavägen	Hallabro	17
Gamla Kongavägen	Hallabro	14
Gummagölsvägen	Hallabro	13
Sockenvägen	Hallabro	13
Rävsmålavägen	Hallabro	12
Traneråsvägen	Hallabro	11
Grårörsvägen	Hallabro	10
Österhallvägen	Hallabro	9
Lillåvägen	Hallaryd	7
Hallandsvägen	Hallaryd	5
Vekavägen	Hallaryd	5
Masugnsvägen	Hallaryd	4
Dammvägen	Hallaryd	3
Gamla Hallarydsvägen	Hallaryd	3
Häradsvägen	Hallaryd	3
Näsvägen	Hallaryd	3
Prästgårdsvägen	Hallaryd	3
Bankvägen	Hallaryd	2
Skansvägen	Hallen	17
Karolinervägen	Hallen	10
Tallbacksvägen	Hallen	7
Backvägen	Hallen	6
Randklevs väg	Hallen	6
Grönvägen	Hallen	5
Syrénstorpsvägen	Hallen	5
Cubavägen	Hallen	4
Hallvägen	Hallen	4
Industrivägen	Hallen	4
Korsbergsgatan	Hallsberg	15
Vibytorpsvägen	Hallsberg	15
Långgatan	Hallsberg	13
Långängsvägen	Hallsberg	13
Kårstahultsgatan	Hallsberg	12
Lingongatan	Hallsberg	12
Ängvaktarvägen	Hallsberg	12
Samzeliigatan	Hallsberg	11
Östra Storgatan	Hallsberg	11
Allégatan	Hallsberg	10
Bergslagsvägen	Hallstahammar	39
Olbergavägen	Hallstahammar	21
Usterstavägen	Hallstahammar	20
Rallstavägen	Hallstahammar	19
Häradsvägen	Hallstahammar	18
Brånstaleden	Hallstahammar	16
Trädgårdsgatan	Hallstahammar	15
Parkgatan	Hallstahammar	14
Mogatan	Hallstahammar	13
Norra Lyckovägen	Hallstahammar	13
Gottstavägen	Hallstavik	32
Edebovägen	Hallstavik	16
Gribbyvägen	Hallstavik	15
Norra Uppsalavägen	Hallstavik	15
Industrivägen	Hallstavik	12
Lindrisvägen	Hallstavik	11
Skolvägen	Hallstavik	11
Sättrabacken	Hallstavik	11
Östervägen	Hallstavik	11
Göringe byväg	Hallstavik	10
Knipvägen	Halltorp	13
Fåraviksvägen	Halltorp	9
Separatorvägen	Halltorp	6
Ekenäsgatan	Halltorp	5
Glasholmsvägen	Halltorp	5
Lyckhultsvägen	Halltorp	5
Skeppsvarvsgatan	Halltorp	5
Yggesbovägen	Halltorp	5
Bondebäcksvägen	Halltorp	4
Enuddegatan	Halltorp	4
Laholmsvägen	Halmstad	35
Wrangelsgatan	Halmstad	34
Fyllingevägen	Halmstad	33
Ljungbyvägen	Halmstad	32
Bäckagårdsvägen	Halmstad	30
Furuvägen	Halmstad	29
Ramgränd	Halmstad	29
Växjövägen	Halmstad	28
Slottsjordsvägen	Halmstad	25
Stenhuggerivägen	Halmstad	25
Slotteberget	Hamburgsund	14
Kaprifolvägen	Hamburgsund	10
Länsvägen	Hamburgsund	10
Norgårdsvägen	Hamburgsund	10
Strandvägen	Hamburgsund	9
Sandviksvägen	Hamburgsund	8
Monekilsvägen	Hamburgsund	7
Kville Prästgårdsvägen	Hamburgsund	6
Myrvägen	Hamburgsund	6
Plureviksvägen	Hamburgsund	6
Hargebadsvägen	Hammar	15
Långa vägen	Hammar	14
Gårdsvägen	Hammar	12
Fabriksvägen	Hammar	9
Skyrstavägen	Hammar	8
Slingvägen	Hammar	8
Västanviksvägen	Hammar	8
Gamla vägen	Hammar	7
Sundsholmsvägen	Hammar	7
Prästkragevägen	Hammar	6
Idrottsvägen	Hammarstrand	22
Kullstavägen	Hammarstrand	12
Centralgatan	Hammarstrand	9
Nyviksvägen	Hammarstrand	8
Gullbacksvägen	Hammarstrand	7
Strandvägen	Hammarstrand	7
Hammarvägen	Hammarstrand	6
Vättaslingan	Hammarstrand	5
Hammarbacken	Hammarstrand	4
Solvägen	Hammarstrand	4
Lövnäsleden	Hammarö	18
Lövnäsvägen	Hammarö	18
Båtvägen	Hammarö	17
Ålvägen	Hammarö	17
Götetorpsvägen	Hammarö	15
Abborrvägen	Hammarö	14
Nolgårdsvägen	Hammarö	14
Hovlandavägen	Hammarö	13
Kilenevägen	Hammarö	11
Lillmossevägen	Hammarö	11
Södergårdavägen	Hammenhög	15
Norregårdavägen	Hammenhög	9
Vallby norrväg	Hammenhög	9
Vallby kvarnväg	Hammenhög	8
Vallbyvägen	Hammenhög	7
Vallby kyrkväg	Hammenhög	6
Herrestadsvägen	Hammenhög	5
Rävåkravägen	Hammenhög	5
Solbackavägen	Hammenhög	5
Ystadsvägen	Hammenhög	5
Häradsvägen	Hammerdal	13
Järnvägsgatan	Hammerdal	9
Svartviksgatan	Hammerdal	8
Hantverkargatan	Hammerdal	7
Storgatan	Hammerdal	7
Åsgatan	Hammerdal	7
Fyråvägen	Hammerdal	6
Dragåsvägen	Hammerdal	5
Hembygdsvägen	Hammerdal	4
Mogatan	Hammerdal	4
Gisslagårdsvägen	Hamneda	5
Lingvägen	Hamneda	3
Sunnerborgsvägen	Hamneda	3
Viltstigen	Hamneda	3
Jägarstigen	Hamneda	2
Lodjurstigen	Hamneda	2
Marknadsvägen	Hamneda	2
Mårdstigen	Hamneda	2
Sunnevivägen	Hamneda	2
Björsagårdsvägen	Hamneda	1
Tackåsenvägen	Hamra	16
Rensjövägen	Hamra	14
Björkbergsvägen	Hamra	13
Fågelsjö Gryssjövägen	Hamra	9
Hamravallsvägen	Hamra	9
Knoppvägen	Hamra	9
Pilkavägen	Hamra	8
Tandsjöborg Kolonatvägen	Hamra	8
Vallvägen	Hamra	8
Vassjöåvägen	Hamra	8
Trödjefjärdsvägen	Hamrångefjärden	34
Hamrångevägen	Hamrångefjärden	33
Södra Hagstavägen	Hamrångefjärden	22
Bergbyvägen	Hamrångefjärden	21
Hans-Olsvägen	Hamrångefjärden	21
Västerbergsvägen	Hamrångefjärden	20
Ockelbovägen	Hamrångefjärden	18
Sjöviksvägen	Hamrångefjärden	18
Trödjevägen	Hamrångefjärden	18
Värövägen	Hamrångefjärden	18
Norra Bjärlövsvägen	Hanaskog	12
Fridarpsvägen	Hanaskog	10
Ballingstorpsvägen	Hanaskog	8
Cederborgs väg	Hanaskog	7
Björkvägen	Hanaskog	6
Prästvägen	Hanaskog	6
Vindelgatan	Hanaskog	6
Övarpsvägen	Hanaskog	6
Anna Åströms väg	Hanaskog	5
Badvägen	Hanaskog	4
Nynäsvägen	Handen	77
Södra Jordbrovägen	Handen	34
Sommarbo	Handen	25
Dåntorpsvägen	Handen	24
Pusshagen	Handen	23
Krogtäppan	Handen	22
Kolartorps allé	Handen	21
Dalarövägen	Handen	19
Moränvägen	Handen	18
Blockstensvägen	Handen	17
Dalarövägen	Haninge	100
Åvavägen	Haninge	48
Tyrestavägen	Haninge	40
Svartbäckens by	Haninge	31
Gudöbroleden	Haninge	27
Västerport	Haninge	26
Stora Björnens gata	Haninge	25
Vendelsömalmsvägen	Haninge	24
Albatrossvägen	Haninge	23
Källtorpsvägen	Haninge	22
Storgatan	Haparanda	22
Västra Esplanaden	Haparanda	21
Köpmansgatan	Haparanda	14
Marielundsvägen	Haparanda	14
Björnholmsgatan	Haparanda	11
Stationsgatan	Haparanda	10
Torggatan	Haparanda	9
Bondegatan	Haparanda	8
Repslagaregatan	Haparanda	7
Strandgatan	Haparanda	7
Kamrumvägen	Harads	20
Stallbacken	Harads	9
Tempelbacken	Harads	8
Edeforsvägen	Harads	7
Bodträskforsvägen	Harads	6
Herrgårdsvägen	Harads	6
Utsiktsvägen	Harads	6
Betsvägen	Harads	5
Edestrandsvägen	Harads	5
Flottningsvägen	Harads	5
Uppsalavägen	Harbo	10
Eklundavägen	Harbo	9
Täppavägen	Harbo	8
Sankta birgittas väg	Harbo	7
Harbonäsvägen	Harbo	5
Kikvägen	Harbo	5
Funkbovägen	Harbo	4
Kristinelundsvägen	Harbo	4
Steneborgsvägen	Harbo	4
Flobergavägen	Harbo	3
Hjälmavägen	Harestad	69
Nolviks kile	Harestad	27
Nolhöjdsvägen	Harestad	24
Högenvägen	Harestad	23
Kronogårdsvägen	Harestad	21
Kallhedsvägen	Harestad	19
Spänstvägen	Harestad	18
Västra Kronogårdsvägen	Harestad	13
Kallhedsliden	Harestad	11
Kallhedsnäsvägen	Harestad	11
Hargsvägen	Hargshamn	23
Braxenbolsvägen	Hargshamn	13
Ormösundsvägen	Hargshamn	12
Båtsviksvägen	Hargshamn	11
Järsjö byväg	Hargshamn	10
Badvägen	Hargshamn	9
Björkviksvägen	Hargshamn	8
Lavarö Strömsborg	Hargshamn	7
Storvägen	Hargshamn	7
Skogsuddsvägen	Hargshamn	6
Genomfarten	Harlösa	14
Revinge prästaväg	Harlösa	12
Bellevuevägen	Harlösa	10
Hedvägen	Harlösa	9
Revinge skjutbaneväg	Harlösa	7
Sockengränsvägen	Harlösa	6
Åkervägen	Harlösa	6
Östra vägen	Harlösa	6
Harlösavägen	Harlösa	5
Karl Axels Väg	Harlösa	5
Strömsbruksvägen	Harmånger	12
Röstavägen	Harmånger	9
Backvägen	Harmånger	7
Nordanåvägen	Harmånger	5
Bringstavägen	Harmånger	4
Karlsbergsvägen	Harmånger	4
Hagängsgatan	Harmånger	3
Ronnebergsvägen	Harmånger	3
Forsavägen	Harmånger	2
Stockabyvägen	Harmånger	2
Skipåsvägen	Harplinge	12
Föreningsvägen	Harplinge	11
Hulabäcksvägen	Harplinge	10
Getingevägen	Harplinge	8
Hantverksvägen	Harplinge	8
Ejdervägen	Harplinge	7
Klippekullevägen	Harplinge	7
Vibäcksvägen	Harplinge	7
Vitabergsvägen	Harplinge	7
Dalavägen	Harplinge	6
Bjuråkersvägen	Hassela	7
Kyrkbyvägen	Hassela	7
Svedjavägen	Hassela	6
Bergsvägen	Hassela	5
Nordanbrovägen	Hassela	5
Sundsvallsvägen	Hassela	5
Ölsjövägen	Hassela	5
Torggränd	Hassela	4
Brattsvedsvägen	Hassela	3
Bölevägen	Hassela	3
Hyttvägen	Hasselfors	8
Ågrenavägen	Hasselfors	8
Stationsvägen	Hasselfors	7
Kvarnvägen	Hasselfors	6
Bruksgatan	Hasselfors	5
Edevägen	Hasselfors	5
Hammarstigen	Hasselfors	5
Sandflatan	Hasselfors	5
Bäcklundavägen	Hasselfors	4
Bålbyvägen	Hasselfors	4
Mossavägen	Hasslarp	7
Åvallavägen	Hasslarp	6
Hyllingevägen	Hasslarp	5
Södra Signestorpsvägen	Hasslarp	5
Gunnarlundavägen	Hasslarp	4
Norra Torggatan	Hasslarp	4
Västkustvägen	Hasslarp	4
Bosarps ängaväg	Hasslarp	3
Slipersgatan	Hasslarp	3
Snitselgatan	Hasslarp	3
Södra Hornsvägen	Hasslö	15
Fabian Månssons väg	Hasslö	14
Hornvägen	Hasslö	14
Hamnvägen	Hasslö	12
Garpenvägen	Hasslö	10
Hallarnavägen	Hasslö	9
Lotsviksvägen	Hasslö	9
Tvistvägen	Hasslö	9
Tångenvägen	Hasslö	7
Hejanvägen	Hasslö	6
Näs Nisseviksvägen	Havdhem	9
Prästhagsvägen	Havdhem	6
Hansavägen	Havdhem	4
Näs Graunviksvägen	Havdhem	4
Näs Stajnhagsvägen	Havdhem	4
Stora vägen	Havdhem	4
Broanders väg	Havdhem	3
Näs Marbodvägen	Havdhem	3
Näs Stugbyvägen	Havdhem	3
Sproge Akarvägen	Havdhem	3
Smeavägen	Haverdal	22
Särdalsvägen	Haverdal	16
Kustvägen	Haverdal	14
Morkullevägen	Haverdal	13
Stenhuggarevägen	Haverdal	13
Tångvägen	Haverdal	12
Haverdals Fågelväg	Haverdal	11
Haverdalsvägen	Haverdal	11
Tore Gudmarssons väg	Haverdal	10
Klövervägen	Haverdal	9
Vikenvägen	Havstenssund	24
Gamla vägen	Havstenssund	7
Gamla Mjölkerödsvägen	Havstenssund	6
Sannäsberget	Havstenssund	6
Havsstigen	Havstenssund	4
Badplatsvägen	Havstenssund	3
Badvägen	Havstenssund	3
Hemvägen	Havstenssund	3
Ljungvägen	Havstenssund	3
Lökholmsvägen	Havstenssund	3
Skrea stationsväg	Heberg	20
Hebergsvägen	Heberg	12
Marstensvägen	Heberg	12
Hanegällsvägen	Heberg	10
Solgårdsvägen	Heberg	9
Strandvägen	Heberg	9
Skrea backe	Heberg	8
Fjärilsvägen	Heberg	7
Golfvägen	Heberg	7
Karolines-Oskars väg	Heberg	7
Grusbanan	Heby	15
Storgatan	Heby	13
Huddungevägen	Heby	12
Idrottsvägen	Heby	8
Backbovägen	Heby	7
Folkparksvägen	Heby	7
Kyrkogatan	Heby	7
Sorterarvägen	Heby	7
Tegelvägen	Heby	7
Littersbovägen	Heby	6
Stavkyrkovägen	Hedared	9
Trollsåsvägen	Hedared	7
Vemmenhultsvägen	Hedared	5
Ekvägen	Hedared	3
Alingsåsvägen	Hedared	2
Kvarnhagsvägen	Hedared	2
Norra Klostervägen	Hedared	2
Källstigen	Hedared	1
Laggenvägen	Hedared	1
Norra Munkvägen	Hedared	1
Inger grannes väg	Hede	41
Råndalsvägen	Hede	19
Bastugatan	Hede	17
Österlånggatan	Hede	13
Ljusbergs väg	Hede	11
Furubovägen	Hede	8
Haraldsåsen	Hede	7
Backvägen	Hede	6
Särvsjövägen	Hede	6
Sörombäcksvägen	Hede	6
Munkedalsvägen	Hedekas	9
Sandåkersvägen	Hedekas	5
Åkersbergsvägen	Hedekas	5
Torgvägen	Hedekas	4
Anemonvägen	Hedekas	3
Hällekas väg	Hedekas	2
Kung Sverres väg	Hedekas	2
Begoniavägen	Hedekas	1
Birkebeinarvägen	Hedekas	1
Cyklamenvägen	Hedekas	1
Åsgatan	Hedemora	25
Sätervägen	Hedemora	18
Fältvägen	Hedemora	15
Gussarvsgatan	Hedemora	12
Landsgatan	Hedemora	11
Ivarshyttevägen	Hedemora	10
Damastvägen	Hedemora	9
Emausvägen	Hedemora	9
Västra Järnvägsgatan	Hedemora	9
Brunnavägen	Hedemora	8
Östvedavägen	Hedesunda	55
Hallsbovägen	Hedesunda	27
Övägen	Hedesunda	24
Norra Gävlevägen	Hedesunda	19
Oppåkersvägen	Hedesunda	19
Bysjövägen	Hedesunda	18
Åsvägen	Hedesunda	18
Västbyvägen	Hedesunda	17
Gammelsällsvägen	Hedesunda	15
Ölbo Fäbodvägen	Hedesunda	15
Bruksvägen	Helgum	16
Blåsenhovsvägen	Helgum	6
Sörbruksvägen	Helgum	6
Strandvägen	Helgum	5
Ivans väg	Helgum	4
Skolvägen	Helgum	4
Gamla Brovägen	Helgum	3
Flottarvägen	Helgum	2
Gamla Näsvägen	Helgum	2
Helgumsvägen	Helgum	2
Mellersta stenbocksgatan	Helsingborg	55
Södra Stenbocksgatan	Helsingborg	41
Vasatorpsvägen	Helsingborg	41
Kullavägen	Helsingborg	39
Ringstorpsvägen	Helsingborg	30
Drottninggatan	Helsingborg	29
Johan Banérs gata	Helsingborg	27
Filbornavägen	Helsingborg	23
Sockengatan	Helsingborg	23
Pålsjögatan	Helsingborg	22
Brönevägen	Hemmingsmark	11
Åbovägen	Hemmingsmark	7
Jävreträskvägen	Hemmingsmark	6
Sandkälsvägen	Hemmingsmark	6
Bäckråvägen	Hemmingsmark	5
Kämpevägen	Hemmingsmark	4
Hemmingsmarksvägen	Hemmingsmark	3
Hockeyvägen	Hemmingsmark	3
Kyrkvägen	Hemmingsmark	3
Vågvägen	Hemmingsmark	3
Hagagatan	Hemse	27
Färgerigatan	Hemse	10
Storgatan	Hemse	10
Parkgatan	Hemse	8
Fardhemsvägen	Hemse	7
Nygatan	Hemse	7
Ängsgatan	Hemse	6
Bangårdsgatan	Hemse	5
Kodingsgatan	Hemse	5
Rone Husvägen	Hemse	5
Ängsvägen	Henån	17
Nävrekärrsvägen	Henån	12
Blå vägen	Henån	11
Orreviksvägen	Henån	11
Buavägen	Henån	8
Lövåsvägen	Henån	8
Bråtenvägen	Henån	7
Högelidsvägen	Henån	7
Rödbergsvägen	Henån	7
Stabergsvägen	Henån	7
Storgatan	Herrljunga	21
Horsbyvägen	Herrljunga	20
Furulundsvägen	Herrljunga	18
Harabergsgatan	Herrljunga	16
Stora Skolgatan	Herrljunga	13
Vretavägen	Herrljunga	12
Alingsåsvägen	Herrljunga	11
Arvidsgårdsgatan	Herrljunga	9
Glasbruksvägen	Herrljunga	9
Berguvsgatan	Herrljunga	7
Bredsundsvägen	Herräng	32
Vallmarvägen	Herräng	32
Prästängsvägen	Herräng	31
Backbyvägen	Herräng	30
Hensviksvägen	Herräng	30
Strömsviksvägen	Herräng	26
Skollholmsvägen	Herräng	23
Råstensvägen	Herräng	22
Norrvretavägen	Herräng	21
Hörnängsvägen	Herräng	19
Bomskogsvägen	Hestra	5
Björkhagsvägen	Hestra	4
Gamla Rösarpsvägen	Hestra	3
Gunnarpsvägen	Hestra	2
Erikslundsgränd	Hestra	1
Lammhagsvägen	Hestra	1
Postabacken	Hestra	1
Strandbacken	Hestra	1
Sönnerhagsvägen	Hestra	1
Ringvägen	Hillared	10
Sandsjön Kringelkärr	Hillared	8
Sandsjövägen	Hillared	8
Såkensvägen	Hillared	8
Centralvägen	Hillared	7
Parkvägen	Hillared	7
Ängsvägen	Hillared	7
Läggaredsvägen	Hillared	6
Kvigärdesvägen	Hillared	5
Ätrastigen	Hillared	5
Kulltorpsvägen	Hillerstorp	19
Storgatan	Hillerstorp	11
Brogatan	Hillerstorp	8
Kävsjövägen	Hillerstorp	7
Ringvägen	Hillerstorp	7
Rocknevägen	Hillerstorp	7
Österskogsvägen	Hillerstorp	7
Järnvägsgatan	Hillerstorp	6
Storågatan	Hillerstorp	6
Örebergsvägen	Hillerstorp	6
Fagerhultsvägen	Hindås	24
Hindås Stationsväg	Hindås	16
Haråsvägen	Hindås	15
Ingelse backe	Hindås	15
Limmerhultsvägen	Hindås	15
Häggsjöhultsvägen	Hindås	13
Skidvägen	Hindås	13
Älmhultsvägen	Hindås	13
Björksjödammsvägen	Hindås	11
Kalle Bas väg	Hindås	11
Getaryggarna	Hishult	11
Markarydsvägen	Hishult	11
Södra Tvärvägen	Hishult	11
Källevägen	Hishult	10
Ämtövägen	Hishult	7
Krämaregränd	Hishult	6
Nordanåvägen	Hishult	6
Klipparegränd	Hishult	5
Ramsjövägen	Hishult	5
Tingsbackevägen	Hishult	5
Dag Hammarskjöldsleden	Hisings Backa	101
Per Dubbsgatan	Hisings Backa	86
Kungsladugårdsgatan	Hisings Backa	85
Slottsskogsgatan	Hisings Backa	77
Högsboleden	Hisings Backa	75
Karl Johansgatan	Hisings Backa	75
Gibraltargatan	Hisings Backa	51
Marklandsgatan	Hisings Backa	50
Linnéplatsen	Hisings Backa	48
Guldhedsgatan	Hisings Backa	47
Gamla landsvägen	Hjo	20
Orkestervägen	Hjo	13
Ringvägen	Hjo	13
Karlsborgsvägen	Hjo	11
Strömsdalsvägen	Hjo	11
Bågvägen	Hjo	10
Falköpingsvägen	Hjo	10
Jönköpingsvägen	Hjo	10
Knäpplanvägen	Hjo	10
Orrelyckevägen	Hjo	10
Norrköpingsvägen	Hjortkvarn	8
Perstorpsvägen	Hjortkvarn	7
Vintergatan	Hjortkvarn	6
Björnhammars ågata	Hjortkvarn	4
Kapellvägen	Hjortkvarn	4
Sandhagsvägen	Hjortkvarn	4
Hagvägen	Hjortkvarn	3
Kvarngatan	Hjortkvarn	3
Ågatan	Hjortkvarn	3
Björkvägen	Hjortkvarn	2
Högaborgsvägen	Hjortsberga	8
Kyrkvägen	Hjortsberga	6
Ekevägen	Hjortsberga	5
Åredavägen	Hjortsberga	5
Skolvägen	Hjortsberga	4
Sjöanäsvägen	Hjortsberga	3
Västregårdsvägen	Hjortsberga	3
Gravanäsvägen	Hjortsberga	2
Karl Jonssons väg	Hjortsberga	2
Stationsvägen	Hjortsberga	2
Dösevägen	Hjälteby	24
Gläsehed	Hjälteby	18
Röra skogängsväg	Hjälteby	17
Wackenfeldts väg	Hjälteby	15
Sundsbyvägen	Hjälteby	13
Mjörn Krossen	Hjälteby	9
Mjörn Sjögårdsviksvägen	Hjälteby	7
Röra strandvägen	Hjälteby	5
Lilldalsvägen	Hjälteby	4
Röra nordgårdsväg	Hjälteby	4
Ängholmsvägen	Hjältevad	13
Storgatan	Hjältevad	9
Villagatan	Hjältevad	7
Trädgårdsgatan	Hjältevad	6
Allégatan	Hjältevad	4
Granvägen	Hjältevad	4
Idrottsvägen	Hjältevad	3
Lindvägen	Hjältevad	3
Nygatan	Hjältevad	3
Nygårdsvägen	Hjältevad	3
Hulebäckserödsvägen	Hjärnarp	18
Söndrebaljsvägen	Hjärnarp	17
Svenstorpsvägen	Hjärnarp	15
Bjäredalsvägen	Hjärnarp	13
Gammelgårdsvägen	Hjärnarp	13
Postridarens väg	Hjärnarp	13
Övre Västersjövägen	Hjärnarp	13
Gånarps Backaväg	Hjärnarp	11
Ljungabolsvägen	Hjärnarp	11
Margretetorpsvägen	Hjärnarp	10
Hjärtumsvägen	Hjärtum	6
Klockarevägen	Hjärtum	5
Bykällevägen	Hjärtum	3
Envägen	Hjärtum	3
Billegårdsvägen	Hjärtum	2
Billerödsvägen	Hjärtum	2
Fornvägen	Hjärtum	2
Kärrsbackevägen	Hjärtum	2
Rösevägen	Hjärtum	2
Sandtagsvägen	Hjärtum	2
Lilla Uppåkravägen	Hjärup	14
Vanjas gränd	Hjärup	14
Banvallsvägen	Hjärup	9
Malmövägen	Hjärup	9
Stora Uppåkravägen	Hjärup	9
Klockaregårdsvägen	Hjärup	8
Lars väg	Hjärup	8
Sankt Lars väg	Hjärup	8
Södra Tvärvägen	Hjärup	8
Ämnesvägen	Hjärup	8
Faluvägen	Hofors	21
Stenshyttevägen	Hofors	19
Bruksvägen	Hofors	17
Bergsgatan	Hofors	16
Fäbodbäcksvägen	Hofors	15
Korsåvägen	Hofors	15
Edskevallsvägen	Hofors	13
Hubobanan	Hofors	13
Grundsjövägen	Hofors	11
Björkhagsgatan	Hofors	10
Jönköpingsvägen	Hok	9
Runstensvägen	Hok	7
Lillholmsvägen	Hok	6
Lindegatan	Hok	6
Björkvägen	Hok	5
Sågverksvägen	Hok	5
Tjäderstigen	Hok	5
Alstervägen	Hok	4
Malmvägen	Hok	4
Tallgatan	Hok	4
Gamla Göteborgsvägen	Holm	13
Nannarpsvägen	Holm	10
Tingsvägen	Holm	6
Norra Infartsleden	Holm	5
Måsängsvägen	Holm	4
Arnbjörns väg	Holm	3
Göteborgsvägen	Holm	3
Jesperslundsvägen	Holm	3
Transportvägen	Holm	3
Fraktgatan	Holm	2
Skolvägen	Holmsjö	9
Torpvägen	Holmsjö	7
Holmsjövägen	Holmsjö	6
Björkvägen	Holmsjö	4
Bredabacken	Holmsjö	4
Sofiebergsvägen	Holmsjö	3
Bokvägen	Holmsjö	2
Forellvägen	Holmsjö	2
Gamla vägen	Holmsjö	2
Paradisvägen	Holmsjö	2
Rovågersvägen	Holmsund	36
Holmsundsvägen	Holmsund	33
Bräntevägen	Holmsund	15
Solbackavägen	Holmsund	15
Bergsbodavägen	Holmsund	14
Järnvägsgatan	Holmsund	14
Parkvägen	Holmsund	13
Storgatan	Holmsund	12
Equadorvägen	Holmsund	11
Kyrkogatan	Holmsund	10
Bofinkvägen	Holmsveden	7
Uvnäsvägen	Holmsveden	7
Allévägen	Holmsveden	3
Blåmesvägen	Holmsveden	1
Flugsnappevägen	Holmsveden	1
Lokalbacken	Holmsveden	1
Åkersbergsvägen	Holmsveden	1
Brunnsvägen	Holsbybrunn	31
Bergmossevägen	Holsbybrunn	9
Rudingatan	Holsbybrunn	9
Missionsgatan	Holsbybrunn	8
Hällarydsvägen	Holsbybrunn	7
Skedevägen	Holsbybrunn	7
Vetlandavägen	Holsbybrunn	7
Malmvägen	Holsbybrunn	6
Stationsgatan	Holsbybrunn	6
Alsedavägen	Holsbybrunn	5
Hidvägen	Holsljunga	10
Fäxhult Holsjövägen	Holsljunga	9
Fridolfs väg	Holsljunga	5
Idrottsvägen	Holsljunga	5
Fäxhult Mossvägen	Holsljunga	4
Företagsvägen	Holsljunga	4
Vallvägen	Holsljunga	4
Fällhultsvägen	Holsljunga	3
Gamla Järnvägen	Holsljunga	3
Sjövägen	Holsljunga	3
Järnvägsgatan	Horda	9
Mossvägen	Horda	3
Rönnvägen	Horda	3
Västra vägen	Horda	3
Kvarnvägen	Horda	2
Kyrkvägen	Horda	2
Norrbyvägen	Horda	2
Sölarydsvägen	Horda	2
Backvägen	Horda	1
Banvägen	Horda	1
Lillvägen	Horn	9
Gamlebyleden	Horn	7
Ringvägen	Horn	7
Skolvägen	Horn	7
Bryggvägen	Horn	6
Flarkavägen	Horn	6
Gamla Hycklingevägen	Horn	6
Höjdvägen	Horn	5
Stångågatan	Horn	5
Åbrovägen	Horn	5
Allévägen	Horndal	18
Fäbodvägen	Horndal	14
Manhemsvägen	Horndal	13
Dalgränsvägen	Horndal	10
Ängsbacksvägen	Horndal	9
Åsvägen	Horndal	9
Timmervägen	Horndal	8
Buskavägen	Horndal	7
Kvarnvägen	Horndal	7
Stora vägen	Horndal	7
Överselsvägen	Hornmyr	10
Bäverbäcksvägen	Hornmyr	3
Olofs väg	Hornmyr	1
Lunnaliden	Horred	14
Varbergsvägen	Horred	14
Stättaredsvägen	Horred	10
Idala Hultåsväg	Horred	7
Vassevägen	Horred	7
Helsjövägen	Horred	6
Istorpsvägen	Horred	6
Skräddarevägen	Horred	6
Åsbergs gata	Horred	6
Högenvägen	Horred	5
Raningsvägen	Hortlax	22
Storforsvägen	Hortlax	19
Gamla Pitsundsvägen	Hortlax	17
Innimarksvägen	Hortlax	15
Höglandsnäsvägen	Hortlax	13
Räddarvägen	Hortlax	12
Träskåsvägen	Hortlax	12
Arvidsjaurvägen	Hortlax	11
Bullerviksvägen	Hortlax	11
Grevsätervägen	Hortlax	9
Rossövägen	Hoting	8
Skolgatan	Hoting	7
Strandgatan	Hoting	7
Järnvägsgatan	Hoting	6
Lillgatan	Hoting	5
Stationsgatan	Hoting	5
Idrottsgatan	Hoting	4
Ringvägen	Hoting	4
Telegatan	Hoting	4
Tornvägen	Hoting	4
Husargatan	Hova	11
Magnus Ladulås väg	Hova	10
Torggatan	Hova	9
Mariestadsvägen	Hova	7
Björnemossegatan	Hova	6
Industrigatan	Hova	6
Långgatan	Hova	6
Väderkvarnsvägen	Hova	6
Älgaråsvägen	Hova	6
Hjerpegatan	Hova	5
Kullagatan	Hovmantorp	14
Solskensvägen	Hovmantorp	13
Månskensvägen	Hovmantorp	11
Västergatan	Hovmantorp	10
Orrvägen	Hovmantorp	9
Morkullevägen	Hovmantorp	8
Prästgatan	Hovmantorp	8
Tallvägen	Hovmantorp	8
Lärkvägen	Hovmantorp	7
Nygatan	Hovmantorp	7
Brottkärrsvägen	Hovås	55
Billdalsvägen	Hovås	28
Ugglegården	Hovås	28
Hovås Allé	Hovås	27
Klyfteråsvägen	Hovås	26
Klåvavägen	Hovås	24
Smithska vägen	Hovås	24
Ryttarstigen	Hovås	23
Årekärrsvägen	Hovås	22
Norra Breviksvägen	Hovås	21
Bingstorpsvägen	Huaröd	10
Kvisslyckevägen	Huaröd	7
Södra Rebbetuarödsvägen	Huaröd	7
Flensmavägen	Huaröd	6
Fädernevägen	Huaröd	6
Gamla Hörrödsvägen	Huaröd	5
Granetorpsvägen	Huaröd	5
Mjövägen	Huaröd	5
Ryetvägen	Huaröd	5
Brännaboabacken	Huaröd	4
Hälsovägen	Huddinge	57
Sågstuvägen	Huddinge	53
Norrängsvägen	Huddinge	49
Björnspinnarvägen	Huddinge	44
Gamla Stockholmsvägen	Huddinge	40
Lännavägen	Huddinge	40
Visättravägen	Huddinge	39
Myrängsvägen	Huddinge	36
Solfagravägen	Huddinge	36
Sjödalsvägen	Huddinge	35
Nordsjövägen	Huddungeby	17
Alinstäppan	Huddungeby	3
Frigges väg	Huddungeby	3
Hagtorpsvägen	Huddungeby	3
Huddunge kyrkväg	Huddungeby	3
Kolarvägen	Huddungeby	3
Lillängsvägen	Huddungeby	3
Loberget	Huddungeby	3
Sjöbacksvägen	Huddungeby	3
Myranvägen	Huddungeby	2
Skålbovägen	Hudiksvall	21
Malnvägen	Hudiksvall	20
Storgatan	Hudiksvall	20
Östanbräcksvägen	Hudiksvall	20
Nylandsvägen	Hudiksvall	18
Trädgårdsgatan	Hudiksvall	18
Överbergevägen	Hudiksvall	18
Fäskärsvägen	Hudiksvall	17
Hede-Finnflovägen	Hudiksvall	17
Lingarövägen	Hudiksvall	16
Smedhemsvägen	Hult	12
Kyrkbyvägen	Hult	6
Albert Engströms väg	Hult	4
Frickens väg	Hult	4
Johannes väg	Hult	3
Kölvägen	Hult	3
Nytomtavägen	Hult	3
Segelvägen	Hult	3
Kolarvägen	Hult	2
Posthemsvägen	Hult	2
Fjällavägen	Hultafors	10
Fjällabergsvägen	Hultafors	9
Ekbacksvägen	Hultafors	5
Granvägen	Hultafors	4
Joel Kolléns väg	Hultafors	4
Kärnåsenvägen	Hultafors	4
Hultaforsvägen	Hultafors	3
Råddebyvägen	Hultafors	3
Sjövägen	Hultafors	3
Hultgränd	Hultafors	2
Storgatan	Hultsfred	22
Hagadalsgatan	Hultsfred	13
Knektagården	Hultsfred	12
Aspedalsgatan	Hultsfred	11
Oskarsgatan	Hultsfred	11
Bygatan	Hultsfred	10
Silverslättsvägen	Hultsfred	10
Västra Långgatan	Hultsfred	10
Östra Långgatan	Hultsfred	10
Andersbovägen	Hultsfred	9
Torggatan	Hunnebostrand	13
Köpmansgatan	Hunnebostrand	11
Brattebyvägen	Hunnebostrand	10
Strandhamnsvägen	Hunnebostrand	10
Höjdlyckevägen	Hunnebostrand	9
Söders väg	Hunnebostrand	9
Hedalsvägen	Hunnebostrand	8
Torsgatan	Hunnebostrand	8
Hästedalsvägen	Hunnebostrand	7
Arons gata	Hunnebostrand	6
Huskvarnavägen	Huskvarna	33
Ekhagsringen	Huskvarna	30
Hakarpsvägen	Huskvarna	18
Jönköpingsvägen	Huskvarna	16
Öxnehagaleden	Huskvarna	15
Wilhelm Thams väg	Huskvarna	14
Andréevägen	Huskvarna	13
Stensholmsvägen	Huskvarna	13
Ådalsvägen	Huskvarna	13
Faktorigatan	Huskvarna	12
Bruksvägen	Husum	20
Lövbovägen	Husum	13
Fabriksvägen	Husum	11
Movägen	Husum	9
Wibergsvägen	Husum	8
Dombäcksövägen	Husum	7
Industrivägen	Husum	6
Linaplatån	Husum	6
Nyhemsvägen	Husum	6
Pensionärshemsvägen	Husum	6
Topasvägen	Hyllinge	23
Opalvägen	Hyllinge	20
Rubinvägen	Hyllinge	20
Safirvägen	Hyllinge	20
Brännaregatan	Hyllinge	16
Yttervägen	Hyllinge	10
Åstorpsvägen	Hyllinge	9
Diamantvägen	Hyllinge	8
Åkaregatan	Hyllinge	8
Örtgatan	Hyllinge	7
Gamla Nissastigen	Hyltebruk	13
Norra Industrigatan	Hyltebruk	13
Storgatan	Hyltebruk	12
Nissastigen	Hyltebruk	10
Allégatan	Hyltebruk	9
Fagerhultsvägen	Hyltebruk	9
Stenhuggaregatan	Hyltebruk	9
Trädgårdsvägen	Hyltebruk	8
Dalgatan	Hyltebruk	7
Nyhemsgatan	Hyltebruk	7
Gårdsvägen	Hyppeln	9
Sandtångsvägen	Hyppeln	7
Kvibackevägen	Hyppeln	5
Uddebergsvägen	Hyppeln	4
Tjuruddevägen	Hyppeln	3
Båtebackevägen	Hyppeln	2
Stenskärsvägen	Hyppeln	2
Aspevägen	Hyppeln	1
Slättadammsvägen	Hyppeln	1
Bollebygdsvägen	Hyssna	27
Lockövägen	Hyssna	15
Melltorpsvägen	Hyssna	13
Granhällvägen	Hyssna	11
Göteborgsvägen	Hyssna	9
Balltjärnsvägen	Hyssna	8
Olidebergsvägen	Hyssna	8
Locköfallsvägen	Hyssna	7
Torpas väg	Hyssna	6
Skogvallavägen	Hyssna	5
Hägerstensvägen	Hägersten	108
Bäckvägen	Hägersten	99
Gröndalsvägen	Hägersten	65
Alviksvägen	Hägersten	57
Selmedalsvägen	Hägersten	54
Tellusborgsvägen	Hägersten	49
Nybohovsbacken	Hägersten	46
Primusgatan	Hägersten	43
Personnevägen	Hägersten	40
Vasaloppsvägen	Hägersten	38
Kogstavägen	Häggenås	9
Husevägen	Häggenås	8
Nybyggarvägen	Häggenås	7
Strömsundsvägen	Häggenås	7
Snickarvägen	Häggenås	6
Norderåsvägen	Häggenås	5
Per-Olofsvägen	Häggenås	5
Doltvägen	Häggenås	3
Gustaf Rydstedts Väg	Häggenås	3
Olof Hasselgrens Väg	Häggenås	3
Saxtorpsvägen	Häljarp	23
Stora Byvägen	Häljarp	14
Tallvägen	Häljarp	14
Landskronavägen	Häljarp	12
Olofstorpsvägen	Häljarp	12
Välanvägen	Häljarp	12
Häljenäsvägen	Häljarp	11
Sportvägen	Häljarp	11
Helleforsvägen	Häljarp	10
Lilla Byvägen	Häljarp	10
Hedvattenvägen	Hällaström	11
Ö-Viksvägen	Hällaström	6
Åkerbergsvägen	Hällaström	2
Forsbrännavägen	Hällaström	1
Junselevägen	Hällaström	1
Basvägen	Hällefors	19
Sikforsvägen	Hällefors	18
Sävenforsvägen	Hällefors	14
Schillingvägen	Hällefors	12
Fjällbovägen	Hällefors	11
Kyllervägen	Hällefors	11
Bjässevägen	Hällefors	10
Gäddsjövägen	Hällefors	10
Hammarvägen	Hällefors	10
Göransvägen	Hällefors	9
Celsings allé	Hälleforsnäs	14
Annebergsvägen	Hälleforsnäs	12
Storgatan	Hälleforsnäs	10
Långstjärtsvägen	Hälleforsnäs	7
Malmvägen	Hälleforsnäs	6
Norra Torggatan	Hälleforsnäs	6
Ölmstorpsvägen	Hälleforsnäs	6
Flensvägen	Hälleforsnäs	5
Kattkärrsvägen	Hälleforsnäs	5
Kvarngatan	Hälleforsnäs	5
Industrivägen	Hällekis	10
Årnäs Kinnekullevägen	Hällekis	10
Slanthagsvägen	Hällekis	9
Stakes väg	Hällekis	9
Tjärsjövägen	Hällekis	8
Sjöråsvägen	Hällekis	7
Truckvägen	Hällekis	7
Blomstervägen	Hällekis	6
Forshem Forshemsvägen	Hällekis	5
Årnäs Torsmadsvägen	Hällekis	5
Örebrovägen	Hällestad	18
Borggårdsvägen	Hällestad	7
Observatorievägen	Hällestad	7
Gruvvägen	Hällestad	6
Norrängsvägen	Hällestad	6
Dalhemsvägen	Hällestad	5
Söljvägen	Hällestad	5
Klinttorpsvägen	Hällestad	4
Ljummavägen	Hällestad	4
Mejerivägen	Hällestad	4
Gamla vägen	Hällevadsholm	9
Bullarevägen	Hällevadsholm	7
Södra Bohusvägen	Hällevadsholm	7
Stenehedsvägen	Hällevadsholm	5
Vässjevägen	Hällevadsholm	5
Falkens väg	Hällevadsholm	4
Kolstorpsvägen	Hällevadsholm	4
Norra Bohusvägen	Hällevadsholm	4
Strandvägen	Hällevadsholm	4
Utsiktsvägen	Hällevadsholm	4
Sollidsvägen	Hälleviksstrand	12
Västergårdsvägen	Hälleviksstrand	10
Enevägen	Hälleviksstrand	9
Ranevägen	Hälleviksstrand	8
Katteviksvägen	Hälleviksstrand	7
Dammevägen	Hälleviksstrand	5
Sprittkärrsvägen	Hälleviksstrand	5
Strandvägen	Hälleviksstrand	5
Aspelunden	Hälleviksstrand	4
Husängsvägen	Hälleviksstrand	4
Hällingsjövägen	Hällingsjö	10
Gingsjövägen	Hällingsjö	5
Hällingsjö Allé	Hällingsjö	5
Hällingsjöbacken	Hällingsjö	5
Mystvägen	Hällingsjö	5
Backäckravägen	Hällingsjö	4
Basåsvägen	Hällingsjö	4
Bäckvägen	Hällingsjö	4
Ekåsenvägen	Hällingsjö	4
Björkängsvägen	Hällingsjö	3
Lyckselevägen	Hällnäs	15
Stationsvägen	Hällnäs	8
Parkvägen	Hällnäs	6
Älvsvägen	Hällnäs	6
Industrivägen	Hällnäs	5
Lillsandsjövägen	Hällnäs	5
Skogsvägen	Hällnäs	4
Bergsvägen	Hällnäs	3
Ekträskvägen	Hällnäs	3
Trädgårdsvägen	Hällnäs	3
Västergårdsvägen	Hälsö	20
Björkvägen	Hälsö	13
Bäckevägen	Hälsö	13
Tjolmenvägen	Hälsö	10
Ekvägen	Hälsö	9
Mossvägen	Hälsö	9
Burövägen	Hälsö	6
Myrvägen	Hälsö	6
Signalvägen	Hälsö	6
Skarviksvägen	Hälsö	6
Stensnäsvägen	Häradsbäck	9
Älmhultsvägen	Häradsbäck	9
Långhultsvägen	Häradsbäck	4
Vashultsvägen	Häradsbäck	3
Åkervägen	Häradsbäck	3
Bygdevägen	Häradsbäck	2
Knoxhultsvägen	Häradsbäck	2
Linvägen	Häradsbäck	2
Lönsbodavägen	Häradsbäck	2
Bokebackevägen	Häradsbäck	1
Södra vägen	Härnösand	21
Brunnshusgatan	Härnösand	17
Vårdkasbacken	Härnösand	16
Nybrogatan	Härnösand	14
Kastellgatan	Härnösand	13
Södersundsvägen	Härnösand	12
Volontärvägen	Härnösand	12
Storgatan	Härnösand	11
Västra Ringvägen	Härnösand	11
Rosenbäcksallén	Härnösand	10
Flygplatsvägen	Härryda	26
Åsastigen	Härryda	18
Prästgärdevägen	Härryda	16
Hällesåkersvägen	Härryda	14
Ryahedsvägen	Härryda	14
Regnbågsvägen	Härryda	13
Öjersbovägen	Härryda	12
Hörhagevägen	Härryda	10
Härrydavägen	Härryda	8
Åsängsvägen	Härryda	8
Mittstigen	Hässelby	6
Mjölnare Isidors väg	Hässelby	4
Solstigen	Hässelby	3
Månstigen	Hässelby	2
Rundstigen	Hässelby	2
Sågbäcksvägen	Hässelby	2
Båtstigen	Hässelby	1
Hammarbäcksvägen	Hässelby	1
Kalle körares väg	Hässelby	1
Kvarndammsvägen	Hässelby	1
Röingegatan	Hässleholm	31
Norra Kringelvägen	Hässleholm	23
Kristianstadsvägen	Hässleholm	21
Östergatan	Hässleholm	19
Svedjemarksgatan	Hässleholm	14
Österåsgatan	Hässleholm	13
Finjagatan	Hässleholm	12
Kaptensgatan	Hässleholm	12
Maglegatan	Hässleholm	12
Garnisonsvägen	Hässleholm	11
Karlavägen	Hästveda	13
Bygatan	Hästveda	12
Sjörrödsvägen	Hästveda	9
Vitsippans väg	Hästveda	9
Högabergsvägen	Hästveda	7
Luhrsjövägen	Hästveda	6
Ringarevägen	Hästveda	6
Ringvägen	Hästveda	6
Kallsjövägen	Hästveda	5
Köpmangatan	Hästveda	5
Klockargårdsvägen	Håcksvik	3
Stomsvägen	Håcksvik	3
Håskavägen	Håcksvik	2
Siggebergsvägen	Håcksvik	1
Slättviksvägen	Håcksvik	1
Solvallavägen	Håcksvik	1
Bådahällsvägen	Håknäs	31
Kungsvägen	Håknäs	25
Industrivägen	Håknäs	17
Svajetvägen	Håknäs	17
Södra Blågrundsvägen	Håknäs	15
Bruksgatan	Håknäs	14
Sundelinsvägen	Håknäs	13
Bergsvägen	Håknäs	12
Österlånggatan	Håknäs	12
Skatvägen	Håknäs	9
Åkerholmsvägen	Hålanda	6
Tandlavägen	Hållsta	13
Byringevägen	Hållsta	7
Görjanvägen	Hållsta	7
Ryningsbergsvägen	Hållsta	7
Semestervägen	Hållsta	7
Bälgviksvägen	Hållsta	6
Svalbovägen	Hållsta	6
Högvallavägen	Hållsta	5
Lisebergsvägen	Hållsta	5
Rossviksvägen	Hållsta	5
Andreabacken	Hålta	1
Lilla Dalvägen	Hålta	1
Myrstigen	Hålta	1
Vassvägen	Hålta	1
Malmavägen	Hårsfjärden	31
Fågelbrostigen	Hårsfjärden	29
Fågelbrovägen	Hårsfjärden	24
Lilla Barnviksvägen	Hårsfjärden	14
Tavastbodavägen	Hårsfjärden	13
Östergårdsvägen	Hårsfjärden	13
Breviks gårdsväg	Hårsfjärden	12
Malmvägen	Hårsfjärden	12
Hässelviksvägen	Hårsfjärden	11
Vindbrovägen	Hårsfjärden	11
Gamla vägen	Håverud	9
Akveduktvägen	Håverud	8
Upperudsvägen	Håverud	8
Museivägen	Håverud	7
Ramslökevägen	Håverud	6
Idrottsvägen	Håverud	4
Brudfjällsvägen	Håverud	3
Edsvägen	Håverud	3
Tallvägen	Håverud	3
Korndalsvägen	Håverud	2
Storgatan	Höganäs	25
Långgatan	Höganäs	22
Långarödsvägen	Höganäs	20
Kullagatan	Höganäs	19
Lexikonvägen	Höganäs	19
Bruksgatan	Höganäs	14
Höganäsvägen	Höganäs	13
Strandgatan	Höganäs	11
Allégatan	Höganäs	10
Sandflygsgatan	Höganäs	9
Skolgatan	Högsby	14
Lilla Hanåsavägen	Högsby	13
Dr Mobergers väg	Högsby	12
Långgatan	Högsby	12
Bruksvägen	Högsby	11
Husebyvägen	Högsby	11
Järnvägsgatan	Högsby	11
Kyrkogatan	Högsby	11
Fader uddes väg	Högsby	10
Allégatan	Högsby	8
Ekbacksvägen	Högsjö	11
Bruksgatan	Högsjö	9
Lingonvägen	Högsjö	9
Bruksvägen	Högsjö	8
Skogsvägen	Högsjö	8
Vingåkersvägen	Högsjö	8
Ekvägen	Högsjö	5
Lokattsvägen	Högsjö	5
Kristinetorpsvägen	Högsjö	4
Pampetorpsallén	Högsjö	4
Genavägen	Högsäter	6
Lingonvägen	Högsäter	6
Ånnerudsvägen	Högsäter	6
Valhallavägen	Högsäter	5
Öxnäsvägen	Högsäter	5
Norra Kyrkovägen	Högsäter	4
Saturnus Väg	Högsäter	3
Villavägen	Högsäter	3
Arrendatorsvägen	Högsäter	2
Balders väg	Högsäter	2
Jasminvägen	Höje	5
Häradsdomarevägen	Höje	4
Brånhedsvägen	Höje	3
Bandyvägen	Höje	2
Mjönäsvägen	Höje	2
Nyponvägen	Höje	2
Syrénvägen	Höje	2
Hasselvägen	Höje	1
Per Johansbacken	Höje	1
Viskabrovägen	Hökerum	14
Öndarpsvägen	Hökerum	12
Brovallavägen	Hökerum	8
Härnavägen	Hökerum	8
Åsavägen	Hökerum	7
Boråsvägen	Hökerum	6
Stationsvägen	Hökerum	6
Allévägen	Hökerum	4
Fabriksvägen	Hökerum	4
Kyrkvägen	Hökerum	4
Höljesvägen	Höljes	16
Norstugvägen	Höljes	10
Kraftverksvägen	Höljes	8
Blåklintsvägen	Höljes	5
Höljesbergsvägen	Höljes	5
Ringblommevägen	Höljes	5
Örsjövägen	Höljes	5
Vitsippevägen	Höljes	4
Blåsippevägen	Höljes	3
Knekttorpsvägen	Höljes	3
Boltensternsvägen	Höllviken	31
Falsterbovägen	Höllviken	28
Ängdalavägen	Höllviken	25
Östra Fädriften	Höllviken	25
Höllvikstrandsvägen	Höllviken	22
Östra Halörsvägen	Höllviken	22
Storvägen	Höllviken	19
Collins väg	Höllviken	18
Gamleväg	Höllviken	18
Norrjevägen	Höllviken	18
Sörby-Valåkersväg	Hölö	22
Dalsvägen	Hölö	19
Österbyvägen	Hölö	19
Lindsbergsvägen	Hölö	18
Aspviksvägen	Hölö	13
Edeby allé	Hölö	13
Eriksbergsvägen	Hölö	10
Brobyvägen	Hölö	9
Ekbacksvägen	Hölö	9
Kattnäsvägen	Hölö	9
Byggmästaregatan	Hörby	12
Norregatan	Hörby	11
Parkgatan	Hörby	11
Johannagatan	Hörby	10
Nygatan	Hörby	10
Bangatan	Hörby	9
Ekelidsgatan	Hörby	9
Kristianstadsvägen	Hörby	9
Tvärgatan	Hörby	9
Christian Kruses väg	Hörby	8
Åleden	Hörja	4
Örkelljungavägen	Hörja	4
Byaliden	Hörja	3
Röshultsvägen	Hörja	3
Kvarnvägen	Hörja	2
Lillebyvägen	Hörja	2
Pers gränd	Hörja	1
Höviksnäsvägen	Höviksnäs	22
Bergavägen	Höviksnäs	20
Hövikstrandsvägen	Höviksnäs	18
Sörkroken	Höviksnäs	16
Klevavägen	Höviksnäs	12
Tångerödsvägen	Höviksnäs	11
Fågelkärrsvägen	Höviksnäs	10
Solbacken	Höviksnäs	10
Björkåsvägen	Höviksnäs	8
Grubbehagen	Höviksnäs	8
Malmövägen	Höör	16
Enevångsvägen	Höör	14
Frostavallsvägen	Höör	14
Maglasätevägen	Höör	14
Björkgatan	Höör	13
Hörbyvägen	Höör	13
Kvarngatan	Höör	13
Nordanväg	Höör	13
Ringvägen	Höör	13
Gamla torg	Höör	12
Halvarsvägen	Idkerberget	19
Karlsängsvägen	Idkerberget	16
Storslättsvägen	Idkerberget	16
Östersaxvägen	Idkerberget	14
Noraåvägen	Idkerberget	13
Ringvägen	Idkerberget	11
Kvarnhedsvägen	Idkerberget	9
Landsvägen	Idkerberget	9
Lillmatsbyvägen	Idkerberget	9
Pällbyvägen	Idkerberget	9
Ringvägen	Iggesund	16
Bodarnevägen	Iggesund	11
Malmuddsvägen	Iggesund	10
Torggatan	Iggesund	10
Smålandsgatan	Iggesund	9
Villagatan	Iggesund	8
Brovägen	Iggesund	7
Fågelviksvägen	Iggesund	7
Malmvägen	Iggesund	7
Norra Långgatan	Iggesund	7
Södra Råbovägen	Ilsbo	8
Bergvägen	Ilsbo	6
Kyrkvägen	Ilsbo	6
Bergsjövägen	Ilsbo	5
Badtjärnsvägen	Ilsbo	4
Västtjärsvägen	Ilsbo	4
Östervägen	Ilsbo	4
Bäcken	Ilsbo	3
Tallstigen	Ilsbo	3
Bönhusvägen	Ilsbo	2
Indalsvägen	Indal	12
Härevägen	Indal	11
Solgårdsvägen	Indal	7
Stigevägen	Indal	7
Vallvägen	Indal	4
Kvarnåvägen	Indal	3
Ljusstakevägen	Indal	3
Björkallén	Indal	2
Fältvägen	Indal	2
Hagmarksvägen	Indal	2
Storgatan	Ingatorp	25
Eksjövägen	Ingatorp	16
Valbacksvägen	Ingatorp	10
Dalvägen	Ingatorp	9
Barkvägen	Ingatorp	8
Stationsgatan	Ingatorp	8
Järnvägsgatan	Ingatorp	6
Esplanaden	Ingatorp	4
Kyrkogatan	Ingatorp	4
Gröndalsgatan	Ingatorp	3
Gamla Växjövägen	Ingelstad	13
Helenetorpsvägen	Ingelstad	10
Furulidsvägen	Ingelstad	8
Sjöbolsvägen	Ingelstad	8
Parkvägen	Ingelstad	7
Postgårdsvägen	Ingelstad	6
Kopparslagarbacken	Ingelstad	5
Stationsvägen	Ingelstad	5
Ådalsvägen	Ingelstad	5
Ekvägen	Ingelstad	4
Ängsnäset	Ingmarsö	18
Glyxnäs byväg	Ingmarsö	14
Djurgårdsvägen	Ingmarsö	11
Sundavägen	Ingmarsö	11
Lagnövägen	Ingmarsö	10
Långstrandsvägen	Ingmarsö	7
Nybyggsvägen	Ingmarsö	7
Rävnäsvägen	Ingmarsö	7
Styrsnäsvägen	Ingmarsö	7
Femsundsvägen	Ingmarsö	6
Timmervägen	Insjön	15
Vintergatan	Insjön	12
Faluvägen	Insjön	11
Knippbohedsvägen	Insjön	10
Vikvägen	Insjön	10
Villavägen	Insjön	10
Gärde bygattu	Insjön	9
Hotellvägen	Insjön	9
Insjövägen	Insjön	9
Källvägen	Insjön	9
Rålambsvägen	Johanneshov	105
Norr Mälarstrand	Johanneshov	66
Sankt Eriksgatan	Johanneshov	62
Torsgatan	Johanneshov	49
Hantverkargatan	Johanneshov	44
Lindhagensgatan	Johanneshov	41
Drottningholmsvägen	Johanneshov	35
Nordenflychtsvägen	Johanneshov	35
Sankt Göransgatan	Johanneshov	29
Crafoords väg	Johanneshov	27
Stenbryggsvägen	Johannishus	9
Grevavägen	Johannishus	8
Klockarevägen	Johannishus	7
Tvingvägen	Johannishus	7
Djurtorpsvägen	Johannishus	6
Källvägen	Johannishus	6
Nedre Arvidstorpsvägen	Johannishus	6
Öster Marksvägen	Johannishus	5
Forstheimsvägen	Johannishus	4
Ormasvägen	Johannishus	4
Storgatan	Jokkmokk	13
Stockgatan	Jokkmokk	12
Hantverkargatan	Jokkmokk	11
Jokkmokksvägen	Jokkmokk	11
Ulleniusgatan	Jokkmokk	11
Föreningsgatan	Jokkmokk	8
Hermelinsgatan	Jokkmokk	7
Wolfsgatan	Jokkmokk	7
Hjortronstigen	Jokkmokk	6
Klockarvägen	Jokkmokk	6
Lexbydalsvägen	Jonsered	28
Härkeshultsvägen	Jonsered	27
Jonseredsvägen	Jonsered	17
Lilla Tulteredsvägen	Jonsered	15
William Gibsons väg	Jonsered	15
Gullringsbovägen	Jonsered	14
Sandbäcksvägen	Jonsered	12
Stålebovägen	Jonsered	12
Bokedalsvägen	Jonsered	11
Byvägen	Jonsered	11
Farhultsvägen	Jonstorp	29
Gategårdsvägen	Jonstorp	19
Ornakärrsvägen	Jonstorp	16
Idrottsvägen	Jonstorp	14
Gamla Södåkravägen	Jonstorp	13
Norra Kustvägen	Jonstorp	12
Revavägen	Jonstorp	12
Sjöhagavägen	Jonstorp	12
Svartelandsvägen	Jonstorp	12
Bäckaskogsvägen	Jonstorp	10
Oinakkavägen	Jukkasjärvi	12
Vuolosjärvivägen	Jukkasjärvi	12
Nordöstra vägen	Jukkasjärvi	9
Lintanenvägen	Jukkasjärvi	7
Rostovägen	Jukkasjärvi	7
Leveäniemivägen	Jukkasjärvi	6
Alttajärvivägen	Jukkasjärvi	5
Jaktstigen	Jukkasjärvi	5
Kopparstigen	Jukkasjärvi	5
Kyrkstugvägen	Jukkasjärvi	5
Ringvägen	Julita	18
Hemgårdsvägen	Julita	8
Marviksvägen	Julita	5
Nedre gatan	Julita	5
Centrumvägen	Julita	4
Doktorsvägen	Julita	4
Elisabeth Tamms väg	Julita	4
Marenbacken	Julita	4
Bärstavägen	Julita	3
Hillerstagatan	Julita	3
Kirunavägen	Junosuando	15
Kenttävägen	Junosuando	8
Mäkitörmävägen	Junosuando	7
Akavägen	Junosuando	6
Folketshusvägen	Junosuando	5
Maikkojärvivägen	Junosuando	5
Seppälävägen	Junosuando	5
Karlsbyvägen	Junosuando	4
Hagevägen	Junosuando	3
Kangasvägen	Junosuando	3
Gärdesvägen	Junsele	16
Sjövägen	Junsele	7
Gunillavägen	Junsele	6
Köpmangatan	Junsele	6
Slalomvägen	Junsele	6
Trädgårdsvägen	Junsele	6
Ringvägen	Junsele	5
Sågvägen	Junsele	5
Jon-Zakrisväg	Junsele	4
Kolonivägen	Junsele	4
Stora vägen	Juoksengi	23
Svanstein	Juoksengi	20
Vyöni	Juoksengi	16
Byvägen	Juoksengi	9
Vyönivägen	Juoksengi	6
Tuanvägen	Juoksengi	2
Björkvägen	Juoksengi	1
Genvägen	Juoksengi	1
Kyrkplan	Juoksengi	1
Mäkivägen	Juoksengi	1
Masugnsvägen	Jädraås	10
Erskines väg	Jädraås	9
Släthedsvägen	Jädraås	9
Gammelboningsvägen	Jädraås	8
Mansikamarksvägen	Jädraås	7
Svartandalsvägen	Jädraås	7
Sörsidvägen	Jädraås	7
Kvarnvägen	Jädraås	6
Bergbovägen	Jädraås	5
Kranvägen	Jädraås	5
Färskesjövägen	Jämjö	32
Skearydsvägen	Jämjö	24
Kråkerumsvägen	Jämjö	21
Björkenäsvägen	Jämjö	20
Bingavägen	Jämjö	13
Furudalsvägen	Jämjö	13
Sofieborgsvägen	Jämjö	11
Duverumsvägen	Jämjö	9
Flyetvägen	Jämjö	9
Hammarbyvägen	Jämjö	8
Ljungrydavägen	Jämshög	24
Boafallsvägen	Jämshög	21
Olofströmsvägen	Jämshög	15
Pukaviksvägen	Jämshög	15
Sibbarpsvägen	Jämshög	15
Blistorpsvägen	Jämshög	14
Rosenhillsvägen	Jämshög	14
De ungas väg	Jämshög	13
Hässlehultsvägen	Jämshög	13
Lillesjövägen	Jämshög	10
Överbybacken	Järbo	34
Österfäbodvägen	Järbo	28
Småfäbodvägen	Järbo	21
Hålldammsvägen	Järbo	20
Norrbyvägen	Järbo	20
Lenåsvägen	Järbo	19
Gullsjövägen	Järbo	15
Finnäsgatan	Järbo	14
Långbovägen	Järbo	14
Svartrönningsvägen	Järbo	13
Ulvsundavägen	Järfälla	174
Bryggerivägen	Järfälla	100
Margretelundsvägen	Järfälla	63
Köpsvängen	Järfälla	62
Gustavslundsvägen	Järfälla	59
Flygplatsinfarten	Järfälla	58
Drottningholmsvägen	Järfälla	41
Tranebergsvägen	Järfälla	41
Linta Gårdsväg	Järfälla	38
Johannesfredsvägen	Järfälla	37
Sjöstavägen	Järlåsa	16
Skogsbacken	Järlåsa	9
Stennäsvägen	Järlåsa	9
Ribbingebäcksvägen	Järlåsa	7
Tackmossvägen	Järlåsa	7
Gripensvärdsvägen	Järlåsa	6
Strandsjövägen	Järlåsa	6
Fribergavägen	Järlåsa	5
Kvicksätravägen	Järlåsa	5
Salavägen	Järlåsa	5
Billstavägen	Järna	25
Mölnbovägen	Järna	20
Mossvägen	Järna	19
Rönnvägen	Järna	19
Hummelmoravägen	Järna	16
Prästgårdsvägen	Järna	16
Södertäljevägen	Järna	15
Tällebyvägen	Järna	15
Snorpvägen	Järna	13
Wadströms väg	Järna	13
Årenavägen	Järnforsen	11
Målillavägen	Järnforsen	7
Nyboholmsvägen	Järnforsen	7
Samuelsgatan	Järnforsen	7
Industrivägen	Järnforsen	6
Klövdalavägen	Järnforsen	6
Storgatan	Järnforsen	6
Strömgatan	Järnforsen	5
Videbrovägen	Järnforsen	5
Delängsgatan	Järnforsen	4
Skogsvägen	Järpen	17
Notvallsvägen	Järpen	10
Hasselbacksvägen	Järpen	9
Norra vägen	Järpen	9
Strandvägen	Järpen	7
Husnäsvägen	Järpen	6
Lillvägen	Järpen	6
Skansvägen	Järpen	5
Tossövägen	Järpen	4
Atlantvägen	Järpen	3
Backavägen	Järpås	14
Slättgatan	Järpås	8
Långgatan	Järpås	7
Lovene Mellbygatan	Järpås	6
Backaliden	Järpås	5
Allégatan	Järpås	4
Backgårdsvägen	Järpås	4
Hantverkaregatan	Järpås	4
Parkgatan	Järpås	4
Storgatan	Järpås	4
Norra Skepparvägen	Järved	14
Skomakarvägen	Järved	14
Järvedsleden	Järved	11
Tallstigen	Järved	11
Järvedsvägen	Järved	10
Sjöbodvägen	Järved	10
Bonäsvägen	Järved	9
Murarvägen	Järved	8
Sjömärkesvägen	Järved	8
Storsandsvägen	Järved	6
Förnebovägen	Järvsö	25
Uvåsvägen	Järvsö	22
Skästra byväg	Järvsö	20
Säljestavägen	Järvsö	18
Vålsjö	Järvsö	18
Svensbäck	Järvsö	17
Kyrkbyvägen	Järvsö	15
Sannavägen	Järvsö	15
Kåsjö Klackvägen	Järvsö	14
Bergvägen	Järvsö	13
Åvägen	Jättendal	14
Gammelvägen	Jättendal	10
Landsvägen	Jättendal	7
Viksvägen	Jättendal	7
Lindstagatan	Jättendal	6
Älvstagatan	Jättendal	6
Grönviksvägen	Jättendal	5
Skolvägen	Jättendal	5
Tennsätersvägen	Jättendal	5
Sandslån	Jättendal	4
Grannäsvägen	Jävrebyn	27
Barksjövägen	Jävrebyn	20
Bunäsuddvägen	Jävrebyn	19
Jävrevägen	Jävrebyn	16
Norra Hedvägen	Jävrebyn	16
Småskärsuddsvägen	Jävrebyn	16
Bergs väg	Jävrebyn	14
Långsjögatan	Jävrebyn	11
Hattuddsvägen	Jävrebyn	10
Lekattvägen	Jävrebyn	9
Östra Storgatan	Jönköping	36
Odengatan	Jönköping	34
Regementsgatan	Jönköping	33
Herkulesvägen	Jönköping	28
Klostergatan	Jönköping	28
Bangårdsgatan	Jönköping	25
Barnarpsgatan	Jönköping	23
Åsenvägen	Jönköping	22
Hallmansvägen	Jönköping	19
Munksjögatan	Jönköping	19
Villavägen	Jönåker	10
Björnbäcksvägen	Jönåker	9
Riksvägen	Jönåker	9
Bäckvägen	Jönåker	8
Ringvägen	Jönåker	8
Skolvägen	Jönåker	6
Stationsvägen	Jönåker	4
Allévägen	Jönåker	3
Kvarnvägen	Jönåker	3
Lindvägen	Jönåker	3
Södra Arödsvägen	Jörlanda	24
Timmerviksvägen	Jörlanda	23
Norra Arödsvägen	Jörlanda	18
Arendalsvägen	Jörlanda	12
Jörlandavägen	Jörlanda	12
Futteviksvägen	Jörlanda	11
Dammvägen	Jörlanda	9
Gästgiverivägen	Jörlanda	9
Bergliden	Jörlanda	8
Johns väg	Jörlanda	8
Svedjevägen	Jörn	24
Storgatan	Jörn	14
Folkparksvägen	Jörn	6
Sjögatan	Jörn	6
Stationsgatan	Jörn	6
Växelgatan	Jörn	6
Furugatan	Jörn	5
Rengårdsbergsvägen	Jörn	5
Björklundsgatan	Jörn	4
Hornsgatan	Jörn	4
Byavägen	Kainulasjärvi	16
Nedrevägen	Kainulasjärvi	8
Bergvägen	Kainulasjärvi	1
Centrumvägen	Kalix	24
Storvägen	Kalix	15
Morjärvsvägen	Kalix	14
Skolgatan	Kalix	14
Flygfältsvägen	Kalix	13
Egnahemsvägen	Kalix	12
Johannisbergsvägen	Kalix	12
Järnvägsgatan	Kalix	12
Stenbäcksvägen	Kalix	12
Stationsgatan	Kalix	11
Värperydsvägen	Kallinge	51
Brantaforsvägen	Kallinge	34
Häggatorpsvägen	Kallinge	19
Karlshamnsvägen	Kallinge	17
Bredåkravägen	Kallinge	16
Djupaforsvägen	Kallinge	13
Gamla riksvägen	Kallinge	12
Hangarvägen	Kallinge	12
Hyndekullavägen	Kallinge	12
Kockumsvägen	Kallinge	12
Norra vägen	Kalmar	59
Trångsundsvägen	Kalmar	53
Södra vägen	Kalmar	42
Ölandsleden	Kalmar	41
Erik Dahlbergs väg	Kalmar	36
Djurängsvägen	Kalmar	29
Dokumentvägen	Kalmar	23
Stensövägen	Kalmar	23
Flottiljvägen	Kalmar	21
Lorensbergsleden	Kalmar	21
Strandvägen	Kalvsvik	4
Fiskarvägen	Kalvsvik	3
Stationsvägen	Kalvsvik	3
Båtvägen	Kalvsvik	2
Sjövägen	Kalvsvik	2
Abborrvägen	Kalvsvik	1
Brovägen	Kalvsvik	1
Tvetarydsvägen	Kalvsvik	1
Södra Byavägen	Kangos	21
Keräntöjärvivägen	Kangos	19
Kangosvägen	Kangos	17
Östra Kangos	Kangos	12
Tievavägen	Kangos	8
Karesuandovägen	Kangos	5
Muoniovägen	Kangos	5
Heikunpalovägen	Kangos	4
Vähälompolovägen	Kangos	4
Arbetsstugevägen	Kangos	3
Prästvägen	Kareby	12
Rishammarvägen	Kareby	7
Arntorpsgatan	Kareby	6
Hagenvägen	Kareby	5
Murhammarvägen	Kareby	5
Salamandervägen	Kareby	5
Grepvägen	Kareby	4
Uttervägen	Kareby	3
Krokebäcksvägen	Kareby	2
Harkvägen	Kareby	1
Laestadiusvägen	Karesuando	17
Kuttainen Strandvägen	Karesuando	9
Olaus Sirmas gata	Karesuando	7
Saksagatan	Karesuando	6
Tavvagatan	Karesuando	6
Enontekisgatan	Karesuando	4
Kuttainen Forsvägen	Karesuando	4
Mannagatan	Karesuando	3
Raunalvägen	Karesuando	3
Kuttainen Rastis väg	Karesuando	2
Karlitplan	Karlholmsbruk	19
Nöttövägen	Karlholmsbruk	15
John Lundbergs väg	Karlholmsbruk	12
Nygårdsvägen	Karlholmsbruk	9
Notvägen	Karlholmsbruk	8
Korsnäsvägen	Karlholmsbruk	6
Lancashirevägen	Karlholmsbruk	6
Vallongatan	Karlholmsbruk	6
Vretvägen	Karlholmsbruk	6
Västlandsvägen	Karlholmsbruk	6
Parkvägen	Karlsborg	25
Kruthusvägen	Karlsborg	22
Strandvägen	Karlsborg	15
Storgatan	Karlsborg	12
Smedjegatan	Karlsborg	10
Flottiljvägen	Karlsborg	9
Södra vägen	Karlsborg	9
Kommendantsgatan	Karlsborg	8
Mellangatan	Karlsborg	8
Norra Tyghusgatan	Karlsborg	8
Vånafjärdsvägen	Karlsborgsverken	10
Byträskvägen	Karlsborgsverken	2
Byvallenvägen	Karlsborgsverken	2
Karlsborgsvägen	Karlsborgsverken	2
Kogrindsvägen	Karlsborgsverken	2
Erik Dahlbergsvägen	Karlshamn	35
Kofsavägen	Karlshamn	29
Kolleviksvägen	Karlshamn	26
Vekerumsvägen	Karlshamn	22
Idrottsvägen	Karlshamn	20
Hunnemaravägen	Karlshamn	18
Oljehamnsvägen	Karlshamn	18
Vettekullavägen	Karlshamn	18
Knutsbergsvägen	Karlshamn	17
Regeringsgatan	Karlshamn	16
Noravägen	Karlskoga	43
Örebrovägen	Karlskoga	34
Stolpetorpsvägen	Karlskoga	26
Österviksvägen	Karlskoga	22
Boängsvägen	Karlskoga	21
Yttre lötsvängen	Karlskoga	21
Kristinehamnsvägen	Karlskoga	20
Baggängsvägen	Karlskoga	19
Centrumleden	Karlskoga	19
Degerforsvägen	Karlskoga	19
Drottninggatan	Karlskrona	19
Österleden	Karlskrona	19
Amiralitetstorget	Karlskrona	13
Dragsövägen	Karlskrona	12
Sunnavägen	Karlskrona	11
Verkövägen	Karlskrona	11
Amiralitetsgatan	Karlskrona	10
Blåportsgatan	Karlskrona	9
Brovägen	Karlskrona	9
Kronobergsgatan	Karlskrona	9
Bergviksvägen	Karlstad	47
Tullhusgatan	Karlstad	38
Älvgatan	Karlstad	32
Hagalundsvägen	Karlstad	28
Hamngatan	Karlstad	28
Ringgatan	Karlstad	28
Östra Infarten	Karlstad	25
Våxnäsgatan	Karlstad	22
Blönduosgatan	Karlstad	21
Fogdemyrsgatan	Karlstad	21
Tornedalsvägen	Karungi	27
Stationsvägen	Karungi	13
Potila	Karungi	12
Åsvägen	Karungi	8
Matojärvi	Karungi	7
Södra Kyrkholmen	Karungi	7
Bäckesta	Karungi	6
Tullvägen	Karungi	6
Seittuvägen	Karungi	5
Kyrkholmsvägen	Karungi	4
Vingåkersvägen	Katrineholm	36
Vasavägen	Katrineholm	33
Västgötagatan	Katrineholm	33
Linnévägen	Katrineholm	24
Stockholmsvägen	Katrineholm	21
Fredsgatan	Katrineholm	20
Bievägen	Katrineholm	19
Kerstinbodagatan	Katrineholm	19
Kungsgatan	Katrineholm	19
Mejerigatan	Katrineholm	19
Skoggömmarevägen	Kattarp	11
Torparevägen	Kattarp	9
Västrabyvägen	Kattarp	8
Rallaregatan	Kattarp	6
Ringgatan	Kattarp	6
Svedbergavägen	Kattarp	6
Björkdalavägen	Kattarp	5
Jöns Jons väg	Kattarp	5
Lekplatsvägen	Kattarp	5
Möllarpsvägen	Kattarp	5
Måns smeds väg	Kil	15
Långgatan	Kil	14
Midgårdsvägen	Kil	14
Harkevålsvägen	Kil	12
Löparegatan	Kil	12
Apertinsvägen	Kil	11
Sannerudsgatan	Kil	10
Fabriksgatan	Kil	9
Malmvägen	Kil	9
Gåsörtsvägen	Kil	7
Sibo riksväg	Kilafors	27
Kilafors riksväg	Kilafors	14
Björnnäsvägen	Kilafors	9
Industrivägen	Kilafors	9
Bergesvägen	Kilafors	7
Stationsgatan	Kilafors	7
Trätnäsvägen	Kilafors	7
Guckbacken	Kilafors	6
Kyrkbybacken	Kilafors	6
Polgatan	Kilafors	6
Kongstorpsvägen	Killeberg	8
Gamla Hallarydsvägen	Killeberg	6
Ådalsgatan	Killeberg	6
Eklövsvägen	Killeberg	5
Fornahässlevägen	Killeberg	5
Hagvägen	Killeberg	5
Järnvägsgatan	Killeberg	4
Smeavägen	Killeberg	4
Snapphaneleden	Killeberg	4
Solhemsvägen	Killeberg	4
Vallvägen	Kilsmo	7
Fabriksvägen	Kilsmo	6
Gästgivarevägen	Kilsmo	6
Knipphammarvägen	Kilsmo	4
Dammgravsvägen	Kilsmo	3
Gröngårdsvägen	Kilsmo	3
Norrvägen	Kilsmo	3
Påltorpsvägen	Kilsmo	2
Botarevägen	Kilsmo	1
Fårhagsvägen	Kilsmo	1
Bodavägen	Kimstad	25
Kimstadsvägen	Kimstad	24
Ringvägen	Kimstad	12
Lövängsvägen	Kimstad	10
Skärblackavägen	Kimstad	10
Björkbackevägen	Kimstad	9
Kvarnlyckevägen	Kimstad	8
Backvägen	Kimstad	6
Hässjevägen	Kimstad	6
Älvåsvägen	Kimstad	6
Mor Kerstins väg	Kinna	34
Gullbergsvägen	Kinna	31
Boråsvägen	Kinna	30
Velingstorpsvägen	Kinna	23
Lyddevägen	Kinna	21
Hedevägen	Kinna	17
Fritslavägen	Kinna	16
Kinnaborgsvägen	Kinna	14
Kinnastensvägen	Kinna	12
Brantalid	Kinna	10
Fritslavägen	Kinnahult	16
Gullbergsvägen	Kinnahult	14
Backagårdsgatan	Kinnahult	11
Horndalsvägen	Kinnahult	11
Harpebovägen	Kinnahult	9
Backa gata	Kinnahult	8
Botaskårsvägen	Kinnahult	8
Sjögaslättsvägen	Kinnahult	8
Mariebergsvägen	Kinnahult	7
Högshultvägen	Kinnahult	6
Brovägen	Kinnared	11
Marknadsvägen	Kinnared	8
Åmotsvägen	Kinnared	7
Sjölyckevägen	Kinnared	6
Torupsvägen	Kinnared	6
Fasanvägen	Kinnared	5
Nyhemsvägen	Kinnared	4
Ejdervägen	Kinnared	3
Kyrkbolsvägen	Kinnared	3
Källstigen	Kinnared	3
Paradgatan	Kinnarp	7
Julles väg	Kinnarp	5
Kulebacken	Kinnarp	5
Järnvägsgatan	Kinnarp	4
Länsmansgatan	Kinnarp	4
Falköpingsvägen	Kinnarp	3
Kjelléns väg	Kinnarp	3
Frökindsgatan	Kinnarp	2
Nygatan	Kinnarp	2
Västergatan	Kinnarp	2
Mellanvägen	Kinnarumma	12
Björkeredsvägen	Kinnarumma	9
Kampavägen	Kinnarumma	8
Skolvägen	Kinnarumma	6
Fritslavägen	Kinnarumma	3
Industrivägen	Kinnarumma	3
Anneslättsvägen	Kinnarumma	2
Göllingstorpsvägen	Kinnarumma	2
Riddarebolsvägen	Kinnarumma	2
Ringgatan	Kinnarumma	2
Österleden	Kiruna	32
Adolf Hedinsvägen	Kiruna	29
Lombololeden	Kiruna	29
Hjalmar Lundbohmsvägen	Kiruna	26
Norra vägen	Kiruna	20
Lappgatan	Kiruna	19
Hermelinsgatan	Kiruna	18
Malmvägen	Kiruna	16
Järnvägsgatan	Kiruna	15
Forvägen	Kiruna	14
Västra vägen	Kisa	16
Linnégatan	Kisa	15
Industrivägen	Kisa	11
Ulrikagatan	Kisa	10
Tolvmannavägen	Kisa	9
Bergdalagatan	Kisa	8
Storgatan	Kisa	8
Fimongatan	Kisa	7
Kindagatan	Kisa	7
Ydrevägen	Kisa	7
Torshamnsgatan	Kista	135
Hanstavägen	Kista	70
Nordkapsgatan	Kista	48
Danmarksgatan	Kista	37
Kistavägen	Kista	36
Finlandsgatan	Kista	35
Ribegatan	Kista	28
Tavastehusgatan	Kista	28
Sollentunavägen	Kista	27
Jyllandsgatan	Kista	25
Kiviks stora väg	Kivik	36
Rörums byaväg	Kivik	28
Agdelundsvägen	Kivik	13
Rörumsstrandsvägen	Kivik	12
Bärvägen	Kivik	10
Ulexvägen	Kivik	10
Österrikevägen	Kivik	9
Mellby backe	Kivik	8
Mellby byväg	Kivik	8
Karakåsvägen	Kivik	7
Beddinge strandväg	Klagstorp	19
Lilla Beddinge kyrkväg	Klagstorp	10
Sotemossevägen	Klagstorp	10
Cedervägen	Klagstorp	9
Humlevägen	Klagstorp	8
Klagstorps stationsväg	Klagstorp	8
Rosenlidsvägen	Klagstorp	8
Silvervingevägen	Klagstorp	8
Almslättsvägen	Klagstorp	7
Bergtallsvägen	Klagstorp	7
Ängelholmsvägen	Klavreström	10
Stationsvägen	Klavreström	9
Smultronvägen	Klavreström	8
Bergsrådsvägen	Klavreström	7
Klarviksvägen	Klavreström	7
Gröna vägen	Klavreström	5
Hagagatan	Klavreström	5
Idrottsvägen	Klavreström	5
Blåsippevägen	Klavreström	4
Bruksvägen	Klavreström	4
Myrkulla	Klimpfjäll	2
Gutebyvägen	Klintehamn	30
Södra Kustvägen	Klintehamn	21
Donnersgatan	Klintehamn	16
Norra Kustvägen	Klintehamn	11
Åsvägen	Klintehamn	11
Kringvägen	Klintehamn	10
Brandvägen	Klintehamn	9
Sanda Björkhagavägen	Klintehamn	9
Verkstadsgatan	Klintehamn	8
Kroks väg	Klintehamn	7
Kastanjevägen	Klippan	19
Torggatan	Klippan	15
Rosenvägen	Klippan	14
Ankarlöv	Klippan	12
Mammarpsgatan	Klippan	12
Kristoffers väg	Klippan	11
Villagatan	Klippan	11
Bjersgård	Klippan	10
Fabriksvägen	Klippan	10
Storgatan	Klippan	10
Hästeviksvägen	Klädesholmen	6
Kyrkvägen	Klädesholmen	6
Lilla Karishamnsvägen	Klädesholmen	3
Solviksvägen	Klädesholmen	3
Fiskhamnsvägen	Klädesholmen	2
Nordanvindsvägen	Klädesholmen	2
Olles Hall	Klädesholmen	2
Postliden	Klädesholmen	2
Stockevik Gatan	Klädesholmen	2
Stockevik Sörnäsvägen	Klädesholmen	2
Marielundsvägen	Klässbol	10
Klässbolsvägen	Klässbol	6
Söderborgsvägen	Klässbol	6
Bryggvägen	Klässbol	3
Fyrskaftsvägen	Klässbol	3
Klädesvägen	Klässbol	3
Skarpuddsvägen	Klässbol	3
Västängsvägen	Klässbol	3
Lingarnsvägen	Klässbol	2
Pasmavägen	Klässbol	2
Mossheddingevägen	Klågerup	14
Esarpsvägen	Klågerup	13
Kongsmarksvägen	Klågerup	9
Enekroksvägen	Klågerup	8
Norregårdsvägen	Klågerup	8
Stensminnevägen	Klågerup	8
Vinnebergsvägen	Klågerup	8
Bökebergsvägen	Klågerup	7
Lars Fyhrs väg	Klågerup	7
Tejarpsdalsvägen	Klågerup	7
Säbyvägen	Klövedal	14
Stenkyrkovägen	Klövedal	13
Röra nordgårdsväg	Klövedal	12
Toröd Byvägen	Klövedal	9
Torödsvägen	Klövedal	9
Röra skogängsväg	Klövedal	4
Toröd Ängsvägen	Klövedal	4
Knödestrandsvägen	Klövedal	2
Sibräckavägen	Klövedal	2
Toröd Dalgången	Klövedal	2
Sångbäcksvägen	Klövsjö	16
Klövsjövägen	Klövsjö	15
Bergmansvägen	Klövsjö	12
Dilles väg	Klövsjö	12
Fjällbjörksvägen	Klövsjö	11
Mosippsvägen	Klövsjö	11
Östbackvägen	Klövsjö	11
Byvägen	Klövsjö	10
Katrinavägen	Klövsjö	9
Morvägen	Klövsjö	9
Skolgatan	Knislinge	13
Västerled	Knislinge	12
Bygatan	Knislinge	10
Holmavägen	Knislinge	9
Sigfrids väg	Knislinge	8
Brogatan	Knislinge	7
Parkgatan	Knislinge	6
Stationsvägen	Knislinge	6
Villagatan	Knislinge	6
Forsvägen	Knislinge	5
Boängsvägen	Knivsta	31
Gredelbyleden	Knivsta	30
Plommonvägen	Knivsta	26
Brunnbyvägen	Knivsta	24
Skoklostervägen	Knivsta	24
Finnvretsvägen	Knivsta	20
Gränsgatan	Knivsta	17
Morängatan	Knivsta	17
Björkkällevägen	Knivsta	16
Knivstavägen	Knivsta	16
Ellstavägen	Knutby	6
Långmovägen	Knutby	6
Boställsvägen	Knutby	5
Knutbyvägen	Knutby	3
Kyrkbacksvägen	Knutby	3
Rönnvägen	Knutby	3
Stentorpsvägen	Knutby	3
Björkvägen	Knutby	2
Knutby videväg	Knutby	2
Lustigkullsvägen	Knutby	2
Sjöaredsvägen	Knäred	20
Skansen	Knäred	15
Björkeredsvägen	Knäred	13
Baggabyggevägen	Knäred	12
Stationsvägen	Knäred	11
Dalavägen	Knäred	10
Kyrkvägen	Knäred	10
Östra Häradsvägen	Knäred	9
Västraltsvägen	Knäred	8
Dyreborgsvägen	Knäred	7
Gråstensvägen	Kode	10
Briljantvägen	Kode	9
Hedsvägen	Kode	9
Bräckevägen	Kode	7
Hallsbergsvägen	Kode	7
Kodevägen	Kode	6
Rubinvägen	Kode	6
Diamantvägen	Kode	5
Beryllvägen	Kode	4
Guntorpsvägen	Kode	4
Herrevadsvägen	Kolbäck	17
Lospånga Byväg	Kolbäck	15
Stationsvägen	Kolbäck	13
Kyrkvägen	Kolbäck	12
Södra Västeråsvägen	Kolbäck	9
Kyrkbygatan	Kolbäck	8
Vallmogatan	Kolbäck	8
Ekebyvägen	Kolbäck	7
Landslagsgatan	Kolbäck	7
Sörstaforsvägen	Kolbäck	7
Basvägen	Koler	10
Kolonatvägen	Koler	10
Kutulidsvägen	Koler	9
Hästskovägen	Koler	6
Lill-Finnträsket	Koler	6
Mörtviksvägen	Koler	6
Björkhedsvägen	Koler	5
Cykelstigen	Koler	5
Kolargränd	Koler	5
Åhedenvägen	Koler	5
Råsslavägen	Kolmården	18
Idunvägen	Kolmården	16
Djurövägen	Kolmården	15
Gjutarvägen	Kolmården	14
Syrénvägen	Kolmården	14
Strandvägen	Kolmården	13
Sjöviksvägen	Kolmården	12
Hyttavägen	Kolmården	11
Winterrosvägen	Kolmården	11
Gamla Krokeksvägen	Kolmården	10
Malmavägen	Kolsva	18
Alvesta Alvik	Kolsva	11
Bergslagsvägen	Kolsva	10
Rabovägen	Kolsva	10
Bergtorpsvägen	Kolsva	9
Björnstigen	Kolsva	8
Lars Uno Lindbergs väg	Kolsva	8
Parkvägen	Kolsva	8
Bubbarsbovägen	Kolsva	7
Hammarvägen	Kolsva	7
Ronnebyvägen	Konga	19
Ringvägen	Konga	8
Bruksgatan	Konga	5
Dalgångsvägen	Konga	5
Skolgränden	Konga	5
Sörängsvägen	Konga	5
Gamla vägen	Konga	4
Blomstervägen	Konga	3
Pålsabacken	Konga	3
Skogsgatan	Konga	3
Konstmästaregatan	Kopparberg	16
Klotbanevägen	Kopparberg	12
Stockbacksvägen	Kopparberg	11
Bånghammarsvägen	Kopparberg	10
Skommarvägen	Kopparberg	10
Ställdalsvägen	Kopparberg	10
Klastorpsgatan	Kopparberg	8
Klotenvägen	Kopparberg	8
Stationsvägen	Kopparberg	8
Verkstadsvägen	Kopparberg	8
Gamla vägen	Koppom	19
Koppomsvägen	Koppom	19
Movägen	Koppom	9
Brogatan	Koppom	7
Samtegsvägen	Koppom	6
Herrhagsvägen	Koppom	5
Parkvägen	Koppom	5
Ekvägen	Koppom	3
Gillevägen	Koppom	3
Hagåsvägen	Koppom	3
Bergvägen	Korpilombolo	9
Jockfall Storuddsvägen	Korpilombolo	5
Solbackavägen	Korpilombolo	5
Takajärvivägen	Korpilombolo	4
Takajärvivägen vsf	Korpilombolo	4
Överkalixvägen	Korpilombolo	4
Villavägen	Korpilombolo	3
Backvägen	Korpilombolo	2
Bygeln	Korpilombolo	2
Städet	Korpilombolo	2
Ankarsnäsvägen	Korsberga	6
Lönngatan	Korsberga	6
Vetlandavägen	Korsberga	6
Järnvägsgatan	Korsberga	5
Skolgatan	Korsberga	5
Växjövägen	Korsberga	5
Solstigen	Korsberga	4
Stationsgatan	Korsberga	4
Tovaholmsvägen	Korsberga	4
Bygdegårdsvägen	Korsberga	3
Gebbarnvägen	Korskrogen	15
Södra Veckebo sågväg	Korskrogen	12
Veckebo skolväg	Korskrogen	10
Vandelåvägen	Korskrogen	9
Edsvägen	Korskrogen	7
Hyttebovägen	Korskrogen	7
Losvägen	Korskrogen	7
Krogvägen	Korskrogen	6
Brännvägen	Korskrogen	5
Kölbovägen	Korskrogen	5
Kullevägen	Koskullskulle	11
Kullegatan	Koskullskulle	8
Syvävaaravägen	Koskullskulle	8
Falkgatan	Koskullskulle	6
Genvägen	Koskullskulle	6
Granitvägen	Koskullskulle	6
Jägargatan	Koskullskulle	6
Odlingsgatan	Koskullskulle	6
Bangatan	Koskullskulle	5
Dennewitzvägen	Koskullskulle	5
Holsteins väg	Kosta	11
Gamla kyrkvägen	Kosta	7
Glasblåsarvägen	Kosta	7
Södra Ringvägen	Kosta	7
Backgatan	Kosta	6
Ekevallsvägen	Kosta	6
Hantverksgatan	Kosta	6
Herrgårdsvägen	Kosta	6
Rydvägen	Kosta	5
Snobackavägen	Kosta	5
Viljansvägen	Kovland	6
Vålandsvägen	Kovland	6
Ånäsvägen	Kovland	6
Hammargrens väg	Kovland	4
Brottarvägen	Kovland	3
Orienterarvägen	Kovland	2
Ångströms väg	Kovland	2
Åséns väg	Kovland	2
Flatavägen	Kovland	1
Rödockevägen	Kovland	1
Industrivägen	Kramfors	22
Järnvägsgatan	Kramfors	17
Ringvägen	Kramfors	16
Bergomsvägen	Kramfors	14
Gränsgatan	Kramfors	13
Gumåsvägen	Kramfors	13
Limstagatan	Kramfors	12
Viktoriagatan	Kramfors	12
Norrlimstavägen	Kramfors	11
Högstavägen	Kramfors	10
Oskarshamnsvägen	Kristdala	10
Vallgatan	Kristdala	8
Kantorsgatan	Kristdala	6
Björkgatan	Kristdala	5
Bråbovägen	Kristdala	5
Dämsvägen	Kristdala	5
Högalundsgatan	Kristdala	5
Krithemsgatan	Kristdala	5
Kyrkogatan	Kristdala	5
Berberisgatan	Kristdala	4
Snapphanevägen	Kristianstad	57
Långebrogatan	Kristianstad	42
Kanalgatan	Kristianstad	35
Blekingevägen	Kristianstad	29
Annedalsvägen	Kristianstad	28
Kung Knuts väg	Kristianstad	27
Industrigatan	Kristianstad	26
Öllsjövägen	Kristianstad	26
Västra Storgatan	Kristianstad	25
Slåttervägen	Kristianstad	22
Kopparvägen	Kristineberg	7
Kronåsvägen	Kristineberg	6
Folkets husvägen	Kristineberg	5
Granvägen	Kristineberg	5
Skolvägen	Kristineberg	5
Gruvvägen	Kristineberg	4
Kristinebergsvägen	Kristineberg	4
Lyckselevägen	Kristineberg	3
Mossvägen	Kristineberg	3
Tennvägen	Kristineberg	3
Närkevägen	Kristinehamn	32
Strandvägen	Kristinehamn	32
Vålösundsvägen	Kristinehamn	29
Hjälmarsnäsvägen	Kristinehamn	26
Västra Ringvägen	Kristinehamn	25
Karlstadsvägen	Kristinehamn	23
Södra Ringvägen	Kristinehamn	21
Presterudsvägen	Kristinehamn	20
Stora Sandtorpsslingan	Kristinehamn	19
Filipstadsvägen	Kristinehamn	18
Aspåsvägen	Krokom	19
Strandvägen	Krokom	11
Föllingevägen	Krokom	9
Lingonvägen	Krokom	8
Gröns väg	Krokom	6
Pimpelgårdsvägen	Krokom	6
Ringvägen	Krokom	6
Snickerivägen	Krokom	6
Täppvägen	Krokom	6
Backvägen	Krokom	5
Folkaregatan	Krylbo	21
Brunnbäcksvägen	Krylbo	11
Lingärdesvägen	Krylbo	11
Västerbovägen	Krylbo	11
Granåsvägen	Krylbo	10
Smidesgatan	Krylbo	9
Björkarsboleden	Krylbo	7
Dalavägen	Krylbo	7
Fabriksgatan	Krylbo	7
Gräsmossvägen	Krylbo	7
Torredsvägen	Kullavik	28
Bångsbovägen	Kullavik	25
Kullaviksvägen	Kullavik	23
Norra Kyviksvägen	Kullavik	18
Hagryd Dalavägen	Kullavik	17
Gamla Särövägen	Kullavik	16
Gillviksvägen	Kullavik	16
Långenäsvägen	Kullavik	16
Kyviksvägen	Kullavik	14
Vikekärrsvägen	Kullavik	13
Kyrkvägen	Kulltorp	16
Kulltorpsvägen	Kulltorp	10
Klockaregårdsvägen	Kulltorp	6
Västanvägen	Kulltorp	6
Ekvägen	Kulltorp	5
Trantorpsvägen	Kulltorp	5
Brinkebrunnsvägen	Kulltorp	4
Anderstorpsvägen	Kulltorp	3
Kapvägen	Kulltorp	3
Liavallsvägen	Kulltorp	3
Hägergatan	Kumla	28
Klockarbacken	Kumla	20
Köpmangatan	Kumla	20
Mossbanegatan	Kumla	20
Yxhultsvägen	Kumla	20
Gamla vägen	Kumla	18
Smedstorpsvägen	Kumla	14
Västra Drottninggatan	Kumla	14
Älvestavägen	Kumla	14
Kvarngatan	Kumla	13
Varlavägen	Kungsbacka	40
Göteborgsvägen	Kungsbacka	35
Arendalsvägen	Kungsbacka	30
Onsalavägen	Kungsbacka	27
Basunvägen	Kungsbacka	23
Arendalsleden	Kungsbacka	22
Klarinettvägen	Kungsbacka	22
Säröleden	Kungsbacka	22
Kållasgårdsgatan	Kungsbacka	21
Inlagsleden	Kungsbacka	20
Norrbergsvägen	Kungsgården	26
Dalsängsvägen	Kungsgården	25
Ovansjövägen	Kungsgården	17
Korsikavägen	Kungsgården	15
Ginbornsvägen	Kungsgården	14
Hillstavägen	Kungsgården	14
Flyktsbackavägen	Kungsgården	10
Herrgårdsvägen	Kungsgården	10
Seebygatan	Kungsgården	10
Svärdsjövägen	Kungsgården	9
Tångenvägen	Kungshamn	14
Myrvägen	Kungshamn	13
Hovenäsvägen	Kungshamn	12
Parkgatan	Kungshamn	12
Bäckeviksgatan	Kungshamn	11
Roparebacken	Kungshamn	11
Vinkelgatan	Kungshamn	11
Dinglevägen	Kungshamn	10
Klockaregatan	Kungshamn	10
Valbergsgatan	Kungshamn	9
Botavägen	Kungsäter	13
Prästgårdsvägen	Kungsäter	7
Intagsvägen	Kungsäter	6
Påskbergsvägen	Kungsäter	6
Stomvägen	Kungsäter	6
Klockarevägen	Kungsäter	5
Skolvägen	Kungsäter	5
Storhagevägen	Kungsäter	5
Österbyvägen	Kungsäter	5
Gärdebovägen	Kungsäter	4
Kungsgatan	Kungsör	30
Torsgatan	Kungsör	20
Granlidsvägen	Kungsör	19
Runnavägen	Kungsör	18
Storgatan	Kungsör	14
Ängsvägen	Kungsör	14
Karlavägen	Kungsör	13
Fredsgatan	Kungsör	11
Malmbergavägen	Kungsör	10
Drottninggatan	Kungsör	9
Kongahällavägen	Kungälv	33
Munkegärdegatan	Kungälv	23
Romelandavägen	Kungälv	19
Karebyvägen	Kungälv	15
Kongahällagatan	Kungälv	15
Trollhättevägen	Kungälv	12
Utmarksvägen	Kungälv	12
Christian IV:s väg	Kungälv	10
Grindenvägen	Kungälv	10
Räfsalsvägen	Kungälv	10
Jörnsvägen	Kusmark	14
Drängsmarksvägen	Kusmark	7
Jaktgatan	Kusmark	5
Reinholdsvägen	Kusmark	5
Passgatan	Kusmark	3
Ladugatan	Kusmark	2
Gullringsvägen	Kusmark	1
Hagvägen	Kusmark	1
Halmgränd	Kusmark	1
Högränd	Kusmark	1
Lundsgårdsvägen	Kvibille	11
Göteborgsvägen	Kvibille	7
Susegårdsvägen	Kvibille	7
Stättevägen	Kvibille	5
Johansbergsvägen	Kvibille	4
Kungsstigen	Kvibille	4
Västergårdsvägen	Kvibille	4
Dalavägen	Kvibille	3
Harplingevägen	Kvibille	3
Kyrkovägen	Kvibille	3
Skogstorpsvägen	Kvicksund	23
Rasholmsvägen	Kvicksund	22
Malmköpingsvägen	Kvicksund	17
Nyckelövägen	Kvicksund	13
Gillbergavägen	Kvicksund	12
Styckjunkarvägen	Kvicksund	11
Väsbyvägen	Kvicksund	11
Mineralgatan	Kvicksund	10
Skiffergången	Kvicksund	10
Fröslundavägen	Kvicksund	9
Fårabökevägen	Kvidinge	53
Grustäktsvägen	Kvidinge	15
Körslättsvägen	Kvidinge	14
Holgersväg	Kvidinge	12
Söderåsvägen	Kvidinge	12
Norra Kyrkogatan	Kvidinge	11
Goentorpsvägen	Kvidinge	9
Kullaboliden	Kvidinge	9
Hörsdalsvägen	Kvidinge	8
Tommarpsvägen	Kvidinge	8
Gamla vägen	Kvissleby	17
Kyrkvägen	Kvissleby	14
Serpentinvägen	Kvissleby	12
Västbovägen	Kvissleby	12
Åkersviksvägen	Kvissleby	12
Essviksvägen	Kvissleby	11
Ljusviksvägen	Kvissleby	11
Vaplevägen	Kvissleby	10
Boansvägen	Kvissleby	9
Killingskärsvägen	Kvissleby	9
Korsgatan	Kvänum	8
Blomstergatan	Kvänum	7
Götgatan	Kvänum	7
Nya vägen	Kvänum	6
Strömgatan	Kvänum	6
Frejgatan	Kvänum	5
Nya Prästgårdsvägen	Kvänum	5
Nya Salebyvägen	Kvänum	4
Tvärgatan	Kvänum	4
Ängsvägen	Kvänum	4
Hällenevägen	Kyrkesund	9
Lilla Skogslöckevägen	Kyrkesund	4
Pers Böväg	Kyrkesund	3
Sunnastrandvägen	Kyrkesund	3
Färjevägen	Kyrkesund	2
Lyngskärsvägen	Kyrkesund	2
Torvhusvägen	Kyrkesund	2
Linneviksvägen	Kyrkesund	1
S:t Olofs väg	Kyrkesund	1
Sjöläggevägen	Kyrkesund	1
Angölsmålavägen	Kyrkhult	18
Hemsjövägen	Kyrkhult	15
Betlehemsvägen	Kyrkhult	11
Norra Väghultsvägen	Kyrkhult	11
Rönåsvägen	Kyrkhult	11
Skrubbebodavägen	Kyrkhult	11
Falsehultsvägen	Kyrkhult	10
Fågelbodavägen	Kyrkhult	10
Nissatorpsvägen	Kyrkhult	10
Jutanäsvägen	Kyrkhult	9
Skogsvägen	Kälarne	17
Södervägen	Kälarne	7
Norrvägen	Kälarne	5
Gastsjövägen	Kälarne	4
Kronvägen	Kälarne	4
Västanedevägen	Kälarne	4
Åvägen	Kälarne	4
Hästskovägen	Kälarne	3
Kvarnvägen	Kälarne	3
Ånäsvägen	Kälarne	3
Vänernvägen	Källby	12
Sjökvarnsvägen	Källby	11
Strandvägen	Källby	8
Ringvägen	Källby	7
Laxvägen	Källby	6
Nästakvarnsvägen	Källby	6
2:a Svanviksvägen	Källby	5
Badvägen	Källby	5
Mellomkvarnsvägen	Källby	5
Braxenvägen	Källby	4
Tranbärsvägen	Källö-Knippla	8
Dalvägen	Källö-Knippla	7
Hamnbergsvägen	Källö-Knippla	7
Centrumvägen	Källö-Knippla	6
Lindeviksvägen	Källö-Knippla	5
Långedalsvägen	Källö-Knippla	5
Lökekullsvägen	Källö-Knippla	4
Parkbacken	Källö-Knippla	4
Burövägen	Källö-Knippla	3
Källövägen	Källö-Knippla	3
Kärnavägen	Kärna	20
Lefstadvägen	Kärna	7
Lyckevägen	Kärna	5
Solrosvägen	Kärna	5
Vedhallsvägen	Kärna	4
Ängkullevägen	Kärna	4
Nyponvägen	Kärna	3
Näckrosvägen	Kärna	3
Slånvägen	Kärna	3
Vallmovägen	Kärna	3
Värnamovägen	Kättilstorp	40
Norrahammarsvägen	Kättilstorp	27
Lovisagatan	Kättilstorp	23
Norrahammarleden	Kättilstorp	16
Flygplatsvägen	Kättilstorp	13
Barrsätragatan	Kättilstorp	11
Hedenstorpsvägen	Kättilstorp	11
Herkulesvägen	Kättilstorp	10
Havsörnsgatan	Kättilstorp	9
Västra Skogsstigen	Kättilstorp	9
Högalidsvägen	Kävlinge	34
Rinnbovägen	Kävlinge	22
Tingsvägen	Kävlinge	21
Kvarngatan	Kävlinge	20
Södervidingevägen	Kävlinge	20
Storgatan	Kävlinge	19
Arvidsborgsvägen	Kävlinge	16
Harrievägen	Kävlinge	16
Karl Johans väg	Kävlinge	16
Borgens allé	Kävlinge	15
Storgatan	Kåge	25
Bäckgatan	Kåge	22
Hemgårdsgatan	Kåge	19
Bygatan	Kåge	16
Ringvägen	Kåge	16
Knektvägen	Kåge	15
Fällforsvägen	Kåge	11
Jörnsvägen	Kåge	11
Mörviksvägen	Kåge	10
Strandvägen	Kåge	10
Lärkgatan	Kågeröd	11
Böketoftavägen	Kågeröd	9
Söderåsvägen	Kågeröd	9
Knutstorpsvägen	Kågeröd	8
Hultahusgatan	Kågeröd	7
Industrigatan	Kågeröd	7
Olstorpsvägen	Kågeröd	5
Snickarehusgatan	Kågeröd	5
Bangatan	Kågeröd	4
Bygatan	Kågeröd	4
Knarreviksvägen	Kållekärr	18
Storgatan	Kållekärr	14
Tubbegatan	Kållekärr	13
Olsnäsvägen	Kållekärr	12
Åkerviksvägen	Kållekärr	12
Rödvägen	Kållekärr	11
Håltetvägen	Kållekärr	9
Gubberovägen	Kållekärr	8
Tolleby tjärnväg	Kållekärr	8
Kurlandavägen	Kållekärr	7
Ekenleden	Kållered	87
Norra Hällesåkersvägen	Kållered	37
Streteredsvägen	Kållered	27
Tulebo strandväg	Kållered	26
Tulebovägen	Kållered	24
Heljereds byväg	Kållered	19
Östra Lindomevägen	Kållered	19
Gamla Riksvägen	Kållered	18
Våmmedalsvägen	Kållered	18
Ålegårdsgatan	Kållered	17
Degerkölsvägen	Kårböle	13
Gussjövägen	Kårböle	11
Kyrkstensvägen	Kårböle	10
Movägen	Kårböle	10
Finneby	Kårböle	9
Härjedalsvägen	Kårböle	7
Kvarnsveden	Kårböle	7
Moasenvägen	Kårböle	7
Bergmyrvägen	Kårböle	5
Laforsenvägen	Kårböle	5
Ringvägen	Köping	42
Östanåsgatan	Köping	20
Västeråsvägen	Köping	19
Sveavägen	Köping	17
Nygatan	Köping	16
Torggatan	Köping	15
Malmönvägen	Köping	14
Styrmansgatan	Köping	13
Ullvileden	Köping	13
Glasgatan	Köping	12
Almvägen	Köpingebro	13
Granvägen	Köpingebro	12
Landsvägen	Köpingebro	12
Skogsdalavägen	Köpingebro	12
Karlsfältsvägen	Köpingebro	11
Svanvägen	Köpingebro	11
Bredastensvägen	Köpingebro	10
Nattviolsvägen	Köpingebro	9
Snebäcksvägen	Köpingebro	9
Sockerbruksvägen	Köpingebro	9
Bruksvägen	Köpmanholmen	14
Hålviksvägen	Köpmanholmen	11
Byskillnadsvägen	Köpmanholmen	9
Kläppavägen	Köpmanholmen	9
Södervägen	Köpmanholmen	7
Byskatavägen	Köpmanholmen	5
Granvägen	Köpmanholmen	5
Skogsvägen	Köpmanholmen	5
Villavägen	Köpmanholmen	5
Allén	Köpmanholmen	4
Ransbergsvägen	Köpmannebro	16
Ryrsvägen	Köpmannebro	14
Dalsjövägen	Köpmannebro	9
Svanefjordsvägen	Köpmannebro	5
Gunnarsforsgatan	Lagan	12
Kyrkvägen	Lagan	12
Värnamovägen	Lagan	12
Västergatan	Lagan	11
Ringvägen	Lagan	10
Bergadalsgatan	Lagan	7
Domarydsvägen	Lagan	7
Hjortstigen	Lagan	6
Torlarpsvägen	Lagan	6
Skolgatan	Lagan	5
Blomstervägen	Laholm	28
Stämmovägen	Laholm	28
Ängelholmsvägen	Laholm	26
Ringvägen	Laholm	24
Åleden	Laholm	24
Blåkullavägen	Laholm	23
Kristianstadsvägen	Laholm	23
Industrigatan	Laholm	22
LP Hanssons väg	Laholm	20
Liljevägen	Laholm	19
Dalviksvägen	Laisvall	3
Vejejaur	Laisvall	3
Östra Långviken	Laisvall	2
Mellanströmsvägen	Laisvall	1
Skoglund	Laisvall	1
Virga strand	Laisvall	1
Östervik	Laisvall	1
Spångmyrvägen	Lajksjöberg	1
Storvägen	Lajksjöberg	1
Herrgårdsgatan	Lammhult	13
Köpmannagatan	Lammhult	13
Värendsgatan	Lammhult	10
Långgatan	Lammhult	8
Lammengatan	Lammhult	6
Ljungsbergsgatan	Lammhult	6
Norra Fabriksgatan	Lammhult	5
Ejdervägen	Lammhult	4
Limmarvägen	Lammhult	4
Mejerigatan	Lammhult	4
Centrumvägen	Landeryd	8
Ringvägen	Landeryd	6
Stenhuggarevägen	Landeryd	6
Lindvägen	Landeryd	5
Ängvägen	Landeryd	5
Kvarnvägen	Landeryd	4
Rosetten	Landeryd	4
Skolvägen	Landeryd	4
Tovhultsvägen	Landeryd	4
Kyrkvägen	Landeryd	3
Situna Byväg	Landfjärden	11
Lässmyravägen	Landfjärden	7
Hammerstavägen	Landfjärden	6
Lundavägen	Landfjärden	6
Landbergavägen	Landfjärden	5
Stenbrinksvägen	Landfjärden	4
Källhagsvägen	Landfjärden	3
Lindvretsvägen	Landfjärden	3
Muskövägen	Landfjärden	3
Nynäsvägen	Landfjärden	3
Esplanaden	Landsbro	15
Sävsjövägen	Landsbro	13
Brobyvägen	Landsbro	12
Rundelsvägen	Landsbro	7
Boställevägen	Landsbro	6
Östergatan	Landsbro	6
Brobygatan	Landsbro	5
Gärdesvägen	Landsbro	5
Sjövägen	Landsbro	5
Vetlandavägen	Landsbro	5
Ringvägen	Landskrona	47
Österleden	Landskrona	39
Löpargatan	Landskrona	24
Hälsingborgsvägen	Landskrona	22
Stenorsvägen	Landskrona	22
Kopparhögsvägen	Landskrona	21
Övre gatan	Landskrona	20
Stora Norregatan	Landskrona	19
Erikstorpsvägen	Landskrona	16
Varvsvägen	Landskrona	16
Eskilsbyvägen	Landvetter	41
Härrydavägen	Landvetter	34
Härkeshultsvägen	Landvetter	30
Tahultsvägen	Landvetter	29
Brattåsvägen	Landvetter	25
Backavägen	Landvetter	19
Byvägen	Landvetter	18
Blåklockevägen	Landvetter	17
Ledsängsvägen	Landvetter	16
Knösvägen	Landvetter	15
Viikusjärvivägen	Lannavaara	6
Backvägen	Lannavaara	5
Färjevägen	Lannavaara	4
Guldvaskarvägen	Lannavaara	4
Nybyggarvägen	Lannavaara	3
Renstigen	Lannavaara	3
Skolvägen	Lannavaara	3
Bergsvägen	Lannavaara	2
Palovaaravägen	Lannavaara	2
Rajdvägen	Lannavaara	2
Jockfall Storuddsvägen	Lansjärv	6
Tomasuddsvägen	Lansjärv	5
Naisjärvsvägen	Lansjärv	4
Skavhedsvägen	Lansjärv	4
Västra Jockfallsvägen	Lansjärv	4
Jockfall Tjärvägen	Lansjärv	3
Staviksudden	Lansjärv	3
Jockfall Storvägen	Lansjärv	2
Silversvägen	Lansjärv	2
Brindvägen	Lansjärv	1
Pallakka	Lappträsk	12
Taipale	Lappträsk	2
Södra vägen	Latikberg	9
Västra vägen	Latikberg	4
Järvsjövägen	Latikberg	3
Ivar blås väg	Lavsjön	19
Nedre byvägen	Lavsjön	8
Övre byvägen	Lavsjön	5
Avasjövägen	Lavsjön	2
Sjölunds väg	Lavsjön	2
Åkarevägen	Lavsjön	2
Grynbergsvägen	Lavsjön	1
Lars Lindahls väg	Laxå	18
Tivedsvägen	Laxå	12
Smedjegatan	Laxå	11
Herrskapsstigen	Laxå	10
Lassånavägen	Laxå	10
Esabvägen	Laxå	8
Röforsvägen	Laxå	8
Skolgatan	Laxå	8
Solstigen	Laxå	8
Casselgatan	Laxå	7
Basvägen	Lekeryd	15
Kyrkvägen	Lekeryd	9
Anebyvägen	Lekeryd	8
Biodlarvägen	Lekeryd	6
Tranåsvägen	Lekeryd	6
Blomodlarvägen	Lekeryd	5
Forserumsvägen	Lekeryd	5
Klockarevägen	Lekeryd	5
Fällvägen	Lekeryd	4
Granstigen	Lekeryd	4
Järnavägen	Leksand	17
Lima Limavägen	Leksand	17
Västanvik Siljansnäsvägen	Leksand	17
Leksandsvägen	Leksand	13
Lycka Lyckavägen	Leksand	13
Åkersbodarna Järnavägen	Leksand	13
Rättviksvägen	Leksand	12
Karlsarvet Siljansnäsvägen	Leksand	10
Styrsjöbo Hjeltgattu	Leksand	10
Åkerövägen	Leksand	10
Storgatan	Lenhovda	21
Långgatan	Lenhovda	9
Gripagårdsvägen	Lenhovda	8
Järnvägsgatan	Lenhovda	8
Romarliden	Lenhovda	7
Apoteksgatan	Lenhovda	6
Hasslavägen	Lenhovda	6
Oskarshamnsvägen	Lenhovda	6
Barkvägen	Lenhovda	5
Villagatan	Lenhovda	5
Lerbergets byaväg	Lerberget	21
Lergravsvägen	Lerberget	20
Sädesvägen	Lerberget	17
Höganäsvägen	Lerberget	13
Skördevägen	Lerberget	13
Rapsvägen	Lerberget	12
Rättarevägen	Lerberget	12
Hövägen	Lerberget	10
Betesvägen	Lerberget	9
Friluftsvägen	Lerberget	8
Björkvägen	Lerdala	5
Tornvägen	Lerdala	4
Sidensvansvägen	Lerdala	3
Sjövägen	Lerdala	3
Stationsvägen	Lerdala	3
Lövsångarvägen	Lerdala	2
Sparresätersvägen	Lerdala	2
Alvägen	Lerdala	1
Ekvägen	Lerdala	1
Flugsnapparvägen	Lerdala	1
Alingsåsvägen	Lerum	24
Svedernavägen	Lerum	23
Hedeforsvägen	Lerum	22
Härskogsvägen	Lerum	22
Gamlebobacken	Lerum	21
Häckenvägen	Lerum	21
Ryd Västergårdsvägen	Lerum	21
Södra Långvägen	Lerum	21
Bävsjörydsvägen	Lerum	17
Kolborydsvägen	Lerum	17
Bergslagsgatan	Lesjöfors	14
Ludvikavägen	Lesjöfors	12
Sundinvägen	Lesjöfors	12
Vargspåret	Lesjöfors	11
Sjöstadsvägen	Lesjöfors	10
Gamla Nåsvägen	Lesjöfors	9
Tegnérvägen	Lesjöfors	9
Älgsjökullvägen	Lesjöfors	8
Anneforsvägen	Lesjöfors	7
Parkgatan	Lesjöfors	7
Industrigatan	Lessebo	14
Vintervägen	Lessebo	14
Kostavägen	Lessebo	12
Bruksgatan	Lessebo	10
Stationsgatan	Lessebo	10
Storgatan	Lessebo	10
Kronobergsgatan	Lessebo	9
Odengatan	Lessebo	9
Djurhultsvägen	Lessebo	8
Sommarvägen	Lessebo	8
Husåsvägen	Liden	7
Byåkersvägen	Liden	2
Larmvägen	Liden	2
Lidenvägen	Liden	2
Vallsjövägen	Liden	2
Klockar Eriks väg	Liden	1
Krutbovägen	Liden	1
Porkkalavägen	Liden	1
Röningsvägen	Liden	1
Väckesjövägen	Liden	1
Storgatan	Lidhult	15
Bryggaregatan	Lidhult	7
Järnvägsgatan	Lidhult	7
Unnarydsvägen	Lidhult	6
Berghemsgatan	Lidhult	5
Vråvägen	Lidhult	5
Vårhemsgatan	Lidhult	5
Barrstigen	Lidhult	4
Fabriksgatan	Lidhult	4
Odensjövägen	Lidhult	4
Södra Kungsvägen	Lidingö	51
Norra Hamnvägen	Lidingö	37
Tegeluddsvägen	Lidingö	35
Bobergsgatan	Lidingö	32
Jägmästargatan	Lidingö	31
Elfviksvägen	Lidingö	27
Fjärde bassängvägen	Lidingö	27
Södra Hamnvägen	Lidingö	27
Gasverksvägen	Lidingö	23
Artemisgatan	Lidingö	22
Gamla Läckövägen	Lidköping	23
Majorsallén	Lidköping	23
Stenhammarsvägen	Lidköping	22
Stenportsgatan	Lidköping	21
Wennerbergsvägen	Lidköping	21
Skaragatan	Lidköping	20
Ljunghedsvägen	Lidköping	19
Rörstrandsgatan	Lidköping	19
De la Gardievägen	Lidköping	18
Kartegårdsvägen	Lidköping	18
Sarvägen	Lidsjöberg	3
Borgavägen	Lidsjöberg	2
Bredgränd	Lidsjöberg	1
Brovägen	Lidsjöberg	1
Likenäsvägen	Likenäs	11
Aspen	Likenäs	8
Kringsbergsvägen	Likenäs	8
Liksjövägen	Likenäs	7
Lillängsvägen	Likenäs	7
Myravägen	Likenäs	7
Kvarnbacksvägen	Likenäs	6
Gammelvägen	Likenäs	5
Likemovägen	Likenäs	5
Björken	Likenäs	4
Fuxernavägen	Lilla Edet	24
Göteborgsvägen	Lilla Edet	22
Storgatan	Lilla Edet	13
Bengt Ivarsgatan	Lilla Edet	10
Brovägen	Lilla Edet	10
Kungälvsvägen	Lilla Edet	10
Lyavägen	Lilla Edet	10
Solringsvägen	Lilla Edet	10
Hantverkaregatan	Lilla Edet	9
Borydvägen	Lilla Edet	8
Kyrkhedsvägen	Lillhärdal	13
Ängebyvägen	Lillhärdal	12
Anna-Carins väg	Lillhärdal	8
Forsmovägen	Lillhärdal	8
Härjulfs väg	Lillhärdal	8
Olov Högmans väg	Lillhärdal	8
Gravarvägen	Lillhärdal	7
Hållanvägen	Lillhärdal	7
Källmovägen	Lillhärdal	6
Enanders väg	Lillhärdal	5
Götuddevägen	Lillkyrka	10
Fridhemsvägen	Lillkyrka	6
Lövviksvägen	Lillkyrka	4
Sandstensvägen	Lillkyrka	4
Glimmervägen	Lillkyrka	3
Marmorvägen	Lillkyrka	3
Kalkstensvägen	Lillkyrka	2
Skiffervägen	Lillkyrka	2
Brantebråttvägen	Lillkyrka	1
Olofstorpsvägen	Lillkyrka	1
Sörvägen	Lillpite	30
Stenbackenvägen	Lillpite	16
Arvidsjaurvägen	Lillpite	15
Lillpitevägen	Lillpite	14
Ömansvägen	Lillpite	7
Bonsavägen	Lillpite	6
Roknäsvägen	Lillpite	6
Hängbrovägen	Lillpite	5
Kolervägen	Lillpite	4
Kalamarksvägen	Lillpite	3
Ånäsvägen	Lima	15
Knutsbovägen	Lima	10
Batavägen	Lima	7
Kvarnholsvägen	Lima	7
Hantverksvägen	Lima	6
Smidesvägen	Lima	5
Fritidsbyvägen	Lima	4
Äddjegårdsvägen	Lima	4
Övre Hålgatan	Lima	4
Finsvägen	Lima	3
Storgatan	Limmared	27
Vintervägen	Limmared	9
Blåsutvägen	Limmared	8
Södra vägen	Limmared	8
Muntebovägen	Limmared	7
Östra Järnvägsgatan	Limmared	7
Sparregatan	Limmared	6
Blomstervägen	Limmared	5
Fabriksgatan	Limmared	5
Rosenlundsvägen	Limmared	5
Boarpsvägen	Linderöd	19
Hörbyvägen	Linderöd	14
Knopparpsvägen	Linderöd	14
Yllerödsvägen	Linderöd	14
Bjärnhultsvägen	Linderöd	13
Lindells väg	Linderöd	13
Skäppegårdsvägen	Linderöd	12
Torastorpsvägen	Linderöd	12
Bjärahallsvägen	Linderöd	11
Hackevägen	Linderöd	11
Hermanstorpsvägen	Lindesberg	19
Björkhyttevägen	Lindesberg	18
Stafettgatan	Lindesberg	16
Kungsgatan	Lindesberg	15
Örebrovägen	Lindesberg	14
Dalskogsvägen	Lindesberg	12
Bondskogsvägen	Lindesberg	11
Parkvägen	Lindesberg	11
Bergslagsvägen	Lindesberg	10
Fotbollsgatan	Lindesberg	10
Hällesåkersvägen	Lindome	53
Fågelstensvägen	Lindome	40
Barnsjövägen	Lindome	39
Spårhagavägen	Lindome	38
Långåsvägen	Lindome	35
Dalavägen	Lindome	34
Agnsjödalsvägen	Lindome	25
Bräckavägen	Lindome	24
Sagbäcksvägen	Lindome	24
Skäggeredsvägen	Lindome	24
Krangatan	Lindås	11
Södra Lindåsgatan	Lindås	11
Flygtvägen	Lindås	10
Kvarngatan	Lindås	9
Norra Lindåsgatan	Lindås	7
Knappsmålavägen	Lindås	6
Skutarydsvägen	Lindås	6
Trastvägen	Lindås	6
Dackevägen	Lindås	5
Emmabovägen	Lindås	5
Mörtebovägen	Lingbo	14
Fallåsvägen	Lingbo	11
Smalbyvägen	Lingbo	6
Stationsvägen	Lingbo	6
Västerfallet	Lingbo	6
Fallvägen	Lingbo	5
Norra Lingbovägen	Lingbo	5
Norrgårdarna	Lingbo	5
Slåttlandsvägen	Lingbo	5
Södra Lingbovägen	Lingbo	5
Lingvägen	Linghed	31
Åsvägen	Linghed	17
Ösängesvägen	Linghed	11
Gråsala	Linghed	9
Gustafsbergsvägen	Linghed	9
Smednäsvägen	Linghed	9
Spjärsbovägen	Linghed	9
Mörkängesvägen	Linghed	8
Petterssons väg	Linghed	7
Rävilsvägen	Linghed	6
Kråksångsvägen	Linghem	16
Ärenprisvägen	Linghem	16
Himnavägen	Linghem	15
Tellbovägen	Linghem	15
Tulpanvägen	Linghem	14
Gällstadsvägen	Linghem	11
Långängsvägen	Linghem	11
Sparvsångsvägen	Linghem	11
Fågelsångsvägen	Linghem	10
Kungshagsvägen	Linghem	10
Norrköpingsvägen	Linköping	53
Rydsvägen	Linköping	53
Bergsvägen	Linköping	52
Malmslättsvägen	Linköping	39
Lambohovsleden	Linköping	36
Industrigatan	Linköping	34
Drottninggatan	Linköping	33
Söderleden	Linköping	33
Ullevileden	Linköping	30
Vårbruksgatan	Linköping	30
Lindvägen	Linneryd	7
Klockvägen	Linneryd	5
Rönnvägen	Linneryd	5
Andviksvägen	Linneryd	3
Furuvägen	Linneryd	3
Haglyckevägen	Linneryd	3
Karlavägen	Linneryd	3
Växjövägen	Linneryd	3
Björkvägen	Linneryd	2
Ekvägen	Linneryd	2
Slättanäsvägen	Listerby	18
Vambåsavägen	Listerby	13
Torkövägen	Listerby	10
Byvägen	Listerby	9
Gövägen	Listerby	7
Johannishusvägen	Listerby	7
Yxnarumsvägen	Listerby	7
Jordösundsvägen	Listerby	6
Norra Jordövägen	Listerby	6
Västragårdsvägen	Listerby	6
Östersundsvägen	Lit	12
Norrgårdsvägen	Lit	8
Krokvägen	Lit	7
Skolvägen	Lit	7
Nybyvägen	Lit	6
Kornåkersvägen	Lit	5
Magasinsvägen	Lit	5
Sörevägen	Lit	5
Bodavägen	Lit	4
Kyrkvägen	Lit	3
Lingonvägen	Ljugarn	14
Strandvägen	Ljugarn	10
Kvarnbacksvägen	Ljugarn	9
Louis Sparres väg	Ljugarn	9
Hålvägen	Ljugarn	8
Strandridarevägen	Ljugarn	8
Gryngevägen	Ljugarn	7
När Hamngårdsvägen	Ljugarn	7
Storvägen	Ljugarn	7
Badvägen	Ljugarn	6
Hjältes väg	Ljung	12
Skolvägen	Ljung	12
Alingsåsvägen	Ljung	10
Klövervägen	Ljung	10
Falköpingsvägen	Ljung	9
Parkvägen	Ljung	9
Byvägen	Ljung	8
Ringvägen	Ljung	8
Armaturvägen	Ljung	6
Kyrkvägen	Ljung	6
Folkets husvägen	Ljungaverk	19
Hussborgsvägen	Ljungaverk	12
Risavägen	Ljungaverk	8
Borrbodsvägen	Ljungaverk	7
Källråvägen	Ljungaverk	7
Fridhemsgatan	Ljungaverk	6
Ljungavägen	Ljungaverk	6
Fredriksgatan	Ljungaverk	5
Ringvägen	Ljungaverk	5
Åkervägen	Ljungaverk	5
Skinnarevägen	Ljungby	39
Helsingborgsvägen	Ljungby	37
Ågårdsvägen	Ljungby	19
Kungsgatan	Ljungby	18
Torsgatan	Ljungby	18
Norrleden	Ljungby	17
John A Lagers väg	Ljungby	15
Flygarvägen	Ljungby	12
Klockaregårdsgatan	Ljungby	11
Sickingevägen	Ljungby	11
Långgatan	Ljungbyhed	13
Thulinvägen	Ljungbyhed	11
Karbingatan	Ljungbyhed	9
Sabelgatan	Ljungbyhed	9
Föreningsgatan	Ljungbyhed	8
Mörsarevägen	Ljungbyhed	8
Nybrogatan	Ljungbyhed	8
Tummelisas väg	Ljungbyhed	8
Gamla Bonnarpsvägen	Ljungbyhed	6
Skräddarehuset	Ljungbyhed	6
Harbyvägen	Ljungbyholm	16
Kölbygärdegatan	Ljungbyholm	14
Byvägen	Ljungbyholm	13
Dunövägen	Ljungbyholm	13
Smedbyvägen	Ljungbyholm	13
Mandelblomsvägen	Ljungbyholm	12
Dörbyvägen	Ljungbyholm	11
Kaplansvägen	Ljungbyholm	11
Rapsvägen	Ljungbyholm	10
Backhagsvägen	Ljungbyholm	9
Hällevägen	Ljungsarp	4
Lagmanshagavägen	Ljungsarp	4
Kärrstigen	Ljungsarp	3
Ljungstigen	Ljungsarp	3
Rotstigen	Ljungsarp	3
Björkstigen	Ljungsarp	2
Hestravägen	Ljungsarp	2
Jönköpingsvägen	Ljungsarp	2
Kvarnstigen	Ljungsarp	2
Bladstigen	Ljungsarp	1
O G Svenssons väg	Ljungsbro	18
Norra Cloettavägen	Ljungsbro	15
Hällestadsvägen	Ljungsbro	12
Krassevägen	Ljungsbro	12
Skarpåsenvägen	Ljungsbro	10
Hanorpsvägen	Ljungsbro	9
Luktärtsvägen	Ljungsbro	9
Husarvägen	Ljungsbro	8
Härnegatan	Ljungsbro	8
Kungsbrovägen	Ljungsbro	8
Lyckornavägen	Ljungskile	18
Åsvägen	Ljungskile	17
Fjällvägen	Ljungskile	14
Övre allén	Ljungskile	11
Strandlyckås väg	Ljungskile	10
Arendalsvägen	Ljungskile	9
Sjöskogenvägen	Ljungskile	9
Skarsjövägen	Ljungskile	9
Uddevallavägen	Ljungskile	9
Ulvesundsvägen	Ljungskile	9
Borrvägen	Ljusdal	23
Ämbarbovägen	Ljusdal	23
Edängevägen	Ljusdal	22
Ringvägen	Ljusdal	20
Snäre byväg	Ljusdal	20
Hybo byväg	Ljusdal	19
Norrkämstavägen	Ljusdal	19
Kavenvägen	Ljusdal	18
Hotellgatan	Ljusdal	16
Hudiksvallsvägen	Ljusdal	16
Örebrovägen	Ljusfallshammar	32
Djuckerövägen	Ljusfallshammar	6
Högamonvägen	Ljusfallshammar	4
Walenius väg	Ljusfallshammar	3
Getryggen	Ljusfallshammar	2
Gjutmästarevägen	Ljusfallshammar	2
Hammarhöjdsvägen	Ljusfallshammar	2
Hyttsjövägen	Ljusfallshammar	2
Strånkärrsvägen	Ljusfallshammar	2
Holmestorpsvägen	Ljusfallshammar	1
Alavägen	Ljusne	12
Stationsvägen	Ljusne	10
Industrivägen	Ljusne	9
Malmvägen	Ljusne	9
Fridhemsvägen	Ljusne	8
Kraftverksvägen	Ljusne	8
Bäckängsvägen	Ljusne	7
Lumavägen	Ljusne	7
Masugnsvägen	Ljusne	6
Rostugnsvägen	Ljusne	6
Bruksvägen	Ljusnedal	21
Messlingen Busks väg	Ljusnedal	15
Västmon	Ljusnedal	12
Sörmovägen	Ljusnedal	11
Svegsvägen	Ljusnedal	8
Messlingen Sjövägen	Ljusnedal	7
Industrivägen	Ljusnedal	6
Messlingen Myrhusvägen	Ljusnedal	6
Golfbanevägen	Ljusnedal	5
Kolvägen	Ljusnedal	5
Dyvassövägen	Ljusterö	25
Ekebykvarnsvägen	Ljusterö	22
Gärdsnäsvägen	Ljusterö	21
Lännaviksvägen	Ljusterö	18
Vadvägen	Ljusterö	17
Envikens hamnväg	Ljusterö	16
Largbacksvägen	Ljusterö	15
Mora byväg	Ljusterö	15
Punskogsvägen	Ljusterö	15
Viltringen	Ljusterö	15
Öresjön	Lofsdalen	20
Slagavallen Vonks väg	Lofsdalen	15
Uppvallen Talltitan	Lofsdalen	12
Uppvallen Lövsångaren	Lofsdalen	10
Uppvallsvägen	Lofsdalen	10
Fjällviddsvägen	Lofsdalen	9
Hovärksvägen	Lofsdalen	9
Landet Skogsvägen	Lofsdalen	9
Högbäcksvägen	Lofsdalen	8
Uppvallen Renen	Lofsdalen	8
Bjursundsvägen	Loftahammar	24
Tättövägen	Loftahammar	14
Månbergsvägen	Loftahammar	12
Annelundsvägen	Loftahammar	9
Sandgärdsvägen	Loftahammar	9
Källviksbrunnsvägen	Loftahammar	8
Mellangårdsvägen	Loftahammar	8
Trädgårdsmästarvägen	Loftahammar	8
Östanviksvägen	Loftahammar	7
Idrottsvägen	Loftahammar	6
Strandvägen	Lomma	21
Blåbärsgatan	Lomma	20
Lingongatan	Lomma	20
Smultrongatan	Lomma	19
Björnbärsgatan	Lomma	17
Bindaregången	Lomma	16
Hjortrongatan	Lomma	15
Nypongatan	Lomma	15
Prästbergavägen	Lomma	14
Idrottsvägen	Lomma	12
Los kyrkbyväg	Los	25
Ryggskog	Los	11
Norrbyvägen	Los	10
Gruvbyn Kårbölevägen	Los	7
Gruvbyvägen	Los	7
Furubergsvägen	Los	5
Kalmetervägen	Los	5
Rullbo Risbergsvägen	Los	5
Gammelvägen	Los	4
Gällsjövägen	Los	4
Lorebergsvägen	Lotorp	13
Bygatan	Lotorp	10
Mandelblomsvägen	Lotorp	9
Dunderbacksvägen	Lotorp	8
Melbyvägen	Lotorp	7
Ryssnäsvägen	Lotorp	7
Torgvägen	Lotorp	6
Porsvägen	Lotorp	5
Rötkärrsvägen	Lotorp	5
Strömsborgsvägen	Lotorp	5
Byavägen	Lovikka	18
Kirunavägen	Lovikka	16
Erikas väg	Lovikka	12
Saadiovägen	Lovikka	6
Kirakkaniemivägen	Lovikka	4
Faluvägen	Ludvika	42
Hagenvägen	Ludvika	38
Halvarsvägen	Ludvika	37
Gamla Bangatan	Ludvika	26
Halvar-Olsvägen	Ludvika	22
Snöåvägen	Ludvika	22
Bergslagsgatan	Ludvika	21
Digervålavägen	Ludvika	20
Lyviksvägen	Ludvika	20
Högbergsgatan	Ludvika	19
Bruksvägen	Lugnvik	18
Lugnviksvägen	Lugnvik	17
Mälandsvägen	Lugnvik	9
Byvägen	Lugnvik	8
Olympiavägen	Lugnvik	8
Tornvägen	Lugnvik	8
Gålåvägen	Lugnvik	7
Hallstavägen	Lugnvik	7
Högbovägen	Lugnvik	6
Skolvägen	Lugnvik	6
Lövskärsvägen	Luleå	125
Bensbyvägen	Luleå	90
Hertsövägen	Luleå	79
Svartövägen	Luleå	76
Haparandavägen	Luleå	74
Mjölkuddsvägen	Luleå	62
Björsbyvägen	Luleå	57
Björkskataleden	Luleå	52
Granövägen	Luleå	49
Kronanvägen	Luleå	45
Fjelievägen	Lund	41
Rudeboksvägen	Lund	34
Trollebergsvägen	Lund	32
Autostradan	Lund	31
Korsåkersvägen	Lund	29
Skyttelinjen	Lund	28
Scheelevägen	Lund	24
Dalbyvägen	Lund	23
Getingevägen	Lund	22
Odarslövsvägen	Lund	20
Sandövägen	Lunde	19
Lundevägen	Lunde	16
Gäddasvägen	Lunde	9
Lerviksvägen	Lunde	9
Torparvägen	Lunde	9
Åvägen	Lunde	9
Bagarvägen	Lunde	8
Riksvägen	Lunde	8
Hyssbacken	Lunde	7
Postvägen	Lunde	7
Lundvägen	Lundsbrunn	10
Mariedalsvägen	Lundsbrunn	9
Rosenvägen	Lundsbrunn	8
Ringvägen	Lundsbrunn	6
Kyrkogatan	Lundsbrunn	5
Lundagårdsvägen	Lundsbrunn	5
Bäckaforsvägen	Lundsbrunn	4
Flädervägen	Lundsbrunn	3
Furuvägen	Lundsbrunn	3
Gullregnsvägen	Lundsbrunn	3
Renshogsvägen	Lur	12
Byvägen	Lur	8
Krossnäsvägen	Lur	7
Villavägen	Lur	6
Vintergatan	Lur	6
Smeberg Sågvägen	Lur	4
Torbal hästhagen	Lur	4
Backa skolväg	Lur	3
Backsippevägen	Lur	3
Gillbergsvägen	Lur	3
Matskärsvägen	Lycke	24
Lerskärsvägen	Lycke	19
Saltskärsvägen	Lycke	19
Krokens väg	Lycke	14
Sundviksvägen	Lycke	11
Toftebergsvägen	Lycke	10
Truskärsvägen	Lycke	9
Gulskärsvägen	Lycke	8
Dammkärrsvägen	Lycke	5
Humleskärsvägen	Lycke	5
Lyckebyvägen	Lyckeby	43
Kungsmarksvägen	Lyckeby	31
Österleden	Lyckeby	30
Knösövägen	Lyckeby	23
Verkövägen	Lyckeby	21
Backabovägen	Lyckeby	19
Gullbernavägen	Lyckeby	18
Riksvägen	Lyckeby	17
Ronnebyvägen	Lyckeby	17
Augerumsvägen	Lyckeby	16
Djuptjärnsvägen	Lycksele	41
Blå vägen	Lycksele	19
Storgatan	Lycksele	16
Sågvägen	Lycksele	15
Sorselevägen	Lycksele	14
Bångvägen	Lycksele	13
Hamngatan	Lycksele	12
Knaftvägen	Lycksele	10
Timmervägen	Lycksele	10
Länsmansvägen	Lycksele	9
Solbergavägen	Lyrestad	16
Lyrestadsvägen	Lyrestad	8
Weimers väg	Lyrestad	8
Furuvägen	Lyrestad	7
Grindängsvägen	Lyrestad	7
Ringvägen	Lyrestad	6
Guntorpsvägen	Lyrestad	4
Västerliden	Lyrestad	4
Centralgatan	Lyrestad	3
Sjötorpsvägen	Lyrestad	3
Landsvägsgatan	Lysekil	19
Torpgatan	Lysekil	18
Valbogatan	Lysekil	18
Drottninggatan	Lysekil	13
Gränsgatan	Lysekil	13
Slånbärsvägen	Lysekil	13
Stora Kyrkogatan	Lysekil	12
Färgaregatan	Lysekil	10
Sandviksvägen	Lysekil	10
Falkvägen	Lysekil	9
Villagatan	Lysvik	7
Kyrkogatan	Lysvik	6
Badabruk	Lysvik	5
Eriksbergsvägen	Lysvik	4
Gammelvägen	Lysvik	4
Myringbyvägen	Lysvik	4
Skolvägen	Lysvik	4
Tallåsvägen	Lysvik	4
Aureliusvägen	Lysvik	3
Högåsängsvägen	Lysvik	3
Boråsvägen	Länghem	9
Ingestorpsvägen	Länghem	7
Aspvägen	Länghem	6
Stomvägen	Länghem	6
Järnvägsgatan	Länghem	4
Kryddvägen	Länghem	4
Gälaredsgatan	Länghem	3
Salängsgatan	Länghem	3
Stationsgatan	Länghem	3
Cypressvägen	Länghem	2
Rute Hamnbacken	Lärbro	15
Korsbyvägen	Lärbro	14
Kappelshamn Snäckershagen	Lärbro	10
Lindvägen	Lärbro	9
Rute Valleviksvägen	Lärbro	7
Norrvangevägen	Lärbro	6
Angelbosvägen	Lärbro	5
Kappelshamn Snäckersvägen	Lärbro	5
Kappelshamnsvägen	Lärbro	5
Nysvägen	Lärbro	4
Ryavägen	Långaryd	3
Skattegårdsvägen	Långaryd	3
Söregårdsvägen	Långaryd	3
Långarydsvägen	Långaryd	2
Stallvägen	Långaryd	2
Carlbergsvägen	Långaryd	1
Gränsavägen	Långaryd	1
Lundbergsvägen	Långaryd	1
Munkavägen	Långaryd	1
Nybyvägen	Långaryd	1
Kyrkvägen	Långasjö	19
Backegårdsvägen	Långasjö	5
Stomvägen	Långasjö	4
Sjövägen	Långasjö	3
Gertrud Liljas väg	Långasjö	1
Granvägen	Långasjö	1
Hagvägen	Långasjö	1
Hembygdsvägen	Långasjö	1
Movägen	Långasjö	1
Skogsvägen	Långasjö	1
Lillögda Brattmyrtjärnen	Långbäcken	9
Bryggargatan	Långsele	9
Källvägen	Långsele	8
Strömvägen	Långsele	8
Södra Järnvägsgatan	Långsele	8
Bakvägen	Långsele	6
Solviksvägen	Långsele	6
Centralgatan	Långsele	5
Klockargatan	Långsele	5
Skolgatan	Långsele	5
Villavägen	Långsele	5
Svanvägen	Långserud	6
Norbrovägen	Långserud	4
Hammarevägen	Långserud	3
Södra Ny vägen	Långserud	3
Sörbrovägen	Långserud	3
Tjädervägen	Långserud	3
Östbrovägen	Långserud	3
Hyvelvägen	Långserud	2
Stavvägen	Långserud	2
Sågvägen	Långserud	2
Storgatan	Långshyttan	9
Trollbovägen	Långshyttan	9
Holmgatan	Långshyttan	8
Hyttgatan	Långshyttan	8
Kullerbacken	Långshyttan	8
Sexbovägen	Långshyttan	8
Bergsmäns väg	Långshyttan	7
Klostergatan	Långshyttan	7
Myckelbyvägen	Långshyttan	7
Svältbacken	Långshyttan	7
Lomvägen	Långviksmon	7
Ripstigen	Långviksmon	5
Orrvägen	Långviksmon	4
Bofinksvägen	Långviksmon	3
Morkullevägen	Långviksmon	3
Tjädervägen	Långviksmon	3
Örnvägen	Långviksmon	3
Berguvsvägen	Långviksmon	2
Spovstigen	Långviksmon	2
Svanvägen	Långviksmon	2
Långåsvägen	Långås	7
Morupsvägen	Långås	7
Breåsvägen	Långås	5
Kvarnvägen	Långås	5
Lindhultsvägen	Långås	5
Smultronstigen	Långås	5
Hamringavägen	Långås	4
Västkustvägen	Långås	4
Askhultsvägen	Långås	3
Hagtornsvägen	Långås	3
Hörbyvägen	Löberöd	9
Rolsbergavägen	Löberöd	5
Södra Radhusgatan	Löberöd	5
Östergatan	Löberöd	5
Havrevägen	Löberöd	4
Kornvägen	Löberöd	4
Battavägen	Löberöd	3
Järnvägsgatan	Löberöd	3
Mossavägen	Löberöd	3
Norra Radhusgatan	Löberöd	3
Södervångsvägen	Löddeköpinge	45
Odlarevägen	Löddeköpinge	34
Köpingevägen	Löddeköpinge	33
Sköldvägen	Löddeköpinge	29
Brynjevägen	Löddeköpinge	26
Fornvägen	Löddeköpinge	26
Bärnstensvägen	Löddeköpinge	24
Opalvägen	Löddeköpinge	24
Lantvägen	Löddeköpinge	20
Barsebäcksvägen	Löddeköpinge	19
Danska vägen	Lödöse	11
Lindvägen	Lödöse	10
Hedevägen	Lödöse	9
Lekarevägen	Lödöse	7
Göteborgsvägen	Lödöse	6
Klostergatan	Lödöse	5
Långgatan	Lödöse	5
Norregårdsvägen	Lödöse	5
Nygårdsvägen	Lödöse	5
Tingbergsvägen	Lödöse	5
Rundviksvägen	Lögdeå	12
Västerlångvägen	Lögdeå	7
Hallbergsvägen	Lögdeå	6
Laxstigen	Lögdeå	5
Byvägen	Lögdeå	4
Movägen	Lögdeå	4
Skolvägen	Lögdeå	4
Aspeåvägen	Lögdeå	2
Manhemsvägen	Lögdeå	1
Smedsvägen	Lögdeå	1
Dalavägen	Lönneberga	6
Kyrkvägen	Lönneberga	5
Källgatan	Lönneberga	4
Lönnebergavägen	Lönneberga	4
Granvägen	Lönneberga	3
Nygatan	Lönneberga	3
Körsbärsvägen	Lönneberga	2
Smedjegatan	Lönneberga	2
Brogatan	Lönneberga	1
Hemvärnsvägen	Lönneberga	1
Dragarevägen	Lönsboda	8
Södra Gränsgatan	Lönsboda	8
Pilgatan	Lönsboda	7
Skatliden	Lönsboda	7
Västra Järnvägsgatan	Lönsboda	7
Smedjegatan	Lönsboda	6
Tranebodavägen	Lönsboda	6
Östra Gränsgatan	Lönsboda	6
Byggmästaregatan	Lönsboda	5
Glimåkravägen	Lönsboda	5
Lövängsvägen	Löttorp	61
Horns kustväg	Löttorp	37
Trosnäsgatan	Löttorp	33
Hallnäsgatan	Löttorp	29
Vedbormvägen	Löttorp	29
Husvallavägen	Löttorp	24
Vässbygatan	Löttorp	24
Vedborms torpagata	Löttorp	21
Skogsbygatan	Löttorp	20
Loftagatan	Löttorp	18
Hölerödsvägen	Lövestad	14
Ryvägen	Lövestad	14
Ryadalsvägen	Lövestad	7
Stora Norregatan	Lövestad	7
Höängsvägen	Lövestad	6
Södra Kullamöllevägen	Lövestad	6
Gamla Prästavägen	Lövestad	5
Holmavägen	Lövestad	5
Lövestad Landsväg	Lövestad	5
Nyvångsvägen	Lövestad	5
Kapellvägen	Malgomaj	13
Höglandsvägen	Malgomaj	9
Selestjärnvägen	Malgomaj	7
Långselevägen	Malgomaj	2
Bergvik	Malgomaj	1
Låitavägen	Malgomaj	1
Malmbergsleden	Malmberget	21
Mellanvägen	Malmberget	18
Bergmansvägen	Malmberget	12
Puoitakvägen	Malmberget	12
Norra Kungsallén	Malmberget	10
Vintergatan	Malmberget	10
Gällivarevägen	Malmberget	9
Bolagsvägen	Malmberget	8
Skolgatan	Malmberget	8
Barongatan	Malmberget	7
Parkstigen	Malmbäck	8
Furugatan	Malmbäck	7
Timmervägen	Malmbäck	6
Fabriksgatan	Malmbäck	5
Skolgatan	Malmbäck	5
Östragårdsvägen	Malmbäck	5
Björkliden	Malmbäck	4
Björkängsgatan	Malmbäck	4
Hembygdsvägen	Malmbäck	4
Järnvägsgatan	Malmbäck	4
Landsvägsgatan	Malmköping	9
Kungsgatan	Malmköping	8
Malmagatan	Malmköping	8
Ängsvägen	Malmköping	8
Fornebovägen	Malmköping	7
Hyltingevägen	Malmköping	7
Ängstuvägen	Malmköping	7
Furugatan	Malmköping	6
Källgatan	Malmköping	6
Lagnövägen	Malmköping	6
Amiralsgatan	Malmö	88
Inre Ringvägen	Malmö	69
Linnégatan	Malmö	62
Nobelvägen	Malmö	55
Lorensborgsgatan	Malmö	53
Sallerupsvägen	Malmö	50
Pildammsvägen	Malmö	48
Ystadvägen	Malmö	46
Erikslustvägen	Malmö	45
John Ericssons väg	Malmö	44
Mobyvägen	Malung	27
Storbyvägen	Malung	18
Bärstigen	Malung	11
Storgatan	Malung	11
Västerdalsvägen	Malung	11
Heljevägen	Malung	10
Hindersvägen	Malung	10
Backbyvägen	Malung	9
Blomstervägen	Malung	9
Harsvägen	Malung	9
Ryavägen	Malungsfors	8
Ulfrisvägen	Malungsfors	7
Janvägen	Malungsfors	6
Jommovägen	Malungsfors	6
Trosvägen	Malungsfors	6
Åsvägen	Malungsfors	5
Backarnavägen	Malungsfors	4
Forsbyvägen	Malungsfors	4
Gangsvägen	Malungsfors	4
Gralämvägen	Malungsfors	4
Skolgatan	Malå	14
Bågvägen	Malå	6
Hammargatan	Malå	6
Ortvägen	Malå	6
Rengatan	Malå	6
Uddvägen	Malå	6
Hotellgatan	Malå	5
Kyrkogatan	Malå	5
Ringvägen	Malå	5
Gruvvägen	Malå	4
Västerlösavägen	Mantorp	21
Lövskogsvägen	Mantorp	10
Skördevägen	Mantorp	10
Trumpetarevägen	Mantorp	9
Bäckvägen	Mantorp	8
Sockenvägen	Mantorp	8
Travtränarvägen	Mantorp	8
Vetavägen	Mantorp	8
Parkvägen	Mantorp	7
Riksvägen	Mantorp	7
Ulricehamnsvägen	Marbäck	18
Villavägen	Marbäck	7
Alvägen	Marbäck	6
Nyebergsvägen	Marbäck	6
Gamla Marbäcksvägen	Marbäck	5
Nolhagavägen	Marbäck	5
Sjölanders väg	Marbäck	5
Ekvägen	Marbäck	4
Sjövägen	Marbäck	4
Åsundavägen	Marbäck	3
Västra Storgatan	Mariannelund	21
Mariannelundsvägen	Mariannelund	11
Järnvägsgatan	Mariannelund	9
Mogatan	Mariannelund	9
Esmarchsgatan	Mariannelund	8
Gärdesgatan	Mariannelund	8
Ingatorpsvägen	Mariannelund	8
Kyrkogatan	Mariannelund	8
Trädgårdsgatan	Mariannelund	8
Parkgatan	Mariannelund	7
Frönäsvägen	Mariefred	21
Slottsbrinksvägen	Mariefred	15
Ramtorpsvägen	Mariefred	13
Marsjövägen	Mariefred	12
Spennarslingan	Mariefred	11
Björklidsvägen	Mariefred	9
Nyponvägen	Mariefred	9
Kojens väg	Mariefred	8
Kärnbogatan	Mariefred	8
Mariefreds camping	Mariefred	8
Virkevägen	Marieholm	10
Katthögsvägen	Marieholm	9
Storgatan	Marieholm	9
Kvarngatan	Marieholm	6
Norråkravägen	Marieholm	5
Tegelvägen	Marieholm	5
Almliden	Marieholm	4
Bruksgatan	Marieholm	4
Fredriksrovägen	Marieholm	4
Jönelsborgsvägen	Marieholm	4
Marieforsleden	Mariestad	57
Tjädervägen	Mariestad	41
Bergsgatan	Mariestad	37
Strandvägen	Mariestad	28
Stockholmsvägen	Mariestad	27
Göteborgsvägen	Mariestad	26
Ullervadsvägen	Mariestad	26
Leksbergsvägen	Mariestad	25
Radbyvägen	Mariestad	24
Västra vägen	Mariestad	23
Järnvägsgatan	Markaryd	13
Kungsgatan	Markaryd	12
Hallarydsvägen	Markaryd	11
Kronobergsgatan	Markaryd	10
Råstorp träloravägen	Markaryd	10
Skulptörvägen	Markaryd	9
Västergatan	Markaryd	9
Bruksvägen	Markaryd	8
Hässleholmsvägen	Markaryd	8
Kyrkogatan	Markaryd	8
Lötgärdesvägen	Marmaverken	19
Gamla Marmavägen	Marmaverken	9
Båtsmansvägen	Marmaverken	7
Hibovägen	Marmaverken	6
Sommarvägen	Marmaverken	5
Linbanevägen	Marmaverken	4
Femkampsvägen	Marmaverken	3
Kattövägen	Marmaverken	3
Lindängen Nybruket	Marmaverken	3
Olarsvägen	Marmaverken	3
Hedvattenvägen	Marsfjäll	8
Oxvattenvägen	Marsfjäll	2
Kyrkogatan	Marstrand	9
Fredrik Bagges gata	Marstrand	7
Drottninggatan	Marstrand	5
Korsgatan	Marstrand	5
Parkgatan	Marstrand	5
Slottsgatan	Marstrand	5
Idrottsgatan	Marstrand	4
Lavettgatan	Marstrand	4
Långedalsvägen	Marstrand	4
Långgatan	Marstrand	4
Bällstavägen	Matfors	16
Runsviksvägen	Matfors	12
Åstavägen	Matfors	9
Storjordenvägen	Matfors	8
Lunnängevägen	Matfors	7
Skölevägen	Matfors	7
Plantvägen	Matfors	6
Sjövägen	Matfors	6
Basvägen	Matfors	5
Bjässhammarvägen	Matfors	5
Mårdsundsvägen	Mattmar	30
Mårdsundsbodarna Skogsvägen	Mattmar	19
Mårdsundsbodarna Ringvägen	Mattmar	14
Mårdsundsbodarna Fjällvägen	Mattmar	12
Mårdsundsbodarna Fjällslingan	Mattmar	11
Mårdsundsbodarna Lingonvägen	Mattmar	9
Mårdsundsbodarna Falkvägen	Mattmar	7
Mårdsundsbodarna Lenngrensvägen	Mattmar	7
Mårdsundsbodarna Vallvägen	Mattmar	7
Mårdsundsbodarna Bäckvägen	Mattmar	6
Tingshusgatan	Mellansel	11
Järnvägsgatan	Mellansel	9
Mellanselsvägen	Mellansel	9
Skolgatan	Mellansel	9
Västerselsvägen	Mellansel	9
Ringvägen	Mellansel	5
Skogsvägen	Mellansel	5
Sågvägen	Mellansel	5
Centrumgatan	Mellansel	4
Hantverkarbacken	Mellansel	4
Forbollsvägen	Mellanström	3
Kaskervägen	Mellanström	3
Hemströmsvägen	Mellanström	2
Makaurevägen	Mellanström	2
Kraja	Mellanström	1
Mellanströmsvägen	Mellanström	1
Storbacksvägen	Mellanström	1
Södra Kasker	Mellanström	1
Kustvägen	Mellbystrand	19
Birger Pers väg	Mellbystrand	16
Grönatorgsvägen	Mellbystrand	14
Idévägen	Mellbystrand	13
Kolonivägen	Mellbystrand	13
Rombergs väg	Mellbystrand	13
Sibyllavägen	Mellbystrand	13
Gränsvägen	Mellbystrand	12
Mellbyvägen	Mellbystrand	12
Måsvägen	Mellbystrand	10
Storgatan	Mellerud	16
Norra Kungsgatan	Mellerud	14
Landsvägsgatan	Mellerud	12
Odengatan	Mellerud	12
P D Lundgrensgatan	Mellerud	11
Rostocksgatan	Mellerud	9
Ängenäsgatan	Mellerud	9
Bergsgatan	Mellerud	8
Dalslandsgatan	Mellerud	8
Kyrkogatan	Mellerud	8
Orrhammarvägen	Mellösa	15
Harpsundsvägen	Mellösa	10
Sockenvägen	Mellösa	10
Ljusnevägen	Mellösa	6
Hägerbovägen	Mellösa	5
Nyponvägen	Mellösa	5
Björkvägen	Mellösa	4
Lyckebovägen	Mellösa	4
Utsiktsvägen	Mellösa	4
Backsippsvägen	Mellösa	3
Idrottsvägen	Mjällom	17
Kustvägen	Mjällom	17
Solvägen	Mjällom	6
Södervägen	Mjällom	6
Strandvägen	Mjällom	5
Bagarvägen	Mjällom	3
Fabriksvägen	Mjällom	3
Harstigen	Mjällom	3
Hjortstigen	Mjällom	3
Hotellvägen	Mjällom	3
Björkhemsvägen	Mjöbäck	7
Älekullavägen	Mjöbäck	7
Eriksbergsvägen	Mjöbäck	4
Nygårdsvägen	Mjöbäck	4
Regnbågsvägen	Mjöbäck	4
Lindsbovägen	Mjöbäck	3
Saturnusvägen	Mjöbäck	2
Teglyckevägen	Mjöbäck	2
Vattenvägen	Mjöbäck	2
Älvseredsvägen	Mjöbäck	2
Kungsvägen	Mjölby	26
Burensköldsvägen	Mjölby	19
Hultvägen	Mjölby	15
Linköpingsvägen	Mjölby	15
Smålandsvägen	Mjölby	15
Skänningevägen	Mjölby	14
Sångarleden	Mjölby	14
Hargsvägen	Mjölby	13
Ramstadgatan	Mjölby	12
Skogssjöbadsvägen	Mjölby	10
Säl	Mockfjärd	28
Ersholsvägen	Mockfjärd	26
Trätäppvägen	Mockfjärd	26
Borgsheden	Mockfjärd	17
K M Mattsons väg	Mockfjärd	16
Storsvevägen	Mockfjärd	15
Hedvägen	Mockfjärd	14
Lingonvägen	Mockfjärd	10
Backen	Mockfjärd	8
Backvägen	Mockfjärd	8
Vegbyvägen	Moheda	14
Rågvägen	Moheda	9
Storgatan	Moheda	9
Växjövägen	Moheda	8
Banérsgatan	Moheda	7
Slätthögsvägen	Moheda	7
Sångvägen	Moheda	7
Östra Järnvägsgatan	Moheda	7
Almvägen	Moheda	6
Högåsvägen	Moheda	6
Annedalsvägen	Moholm	7
Fägrevägen	Moholm	6
Norra vägen	Moholm	5
Skolgatan	Moholm	5
Tingsbergsvägen	Moholm	5
Banvägen	Moholm	4
Industrigatan	Moholm	4
Järnvägsgatan	Moholm	4
Krabbängsvägen	Moholm	4
Parkgatan	Moholm	4
Rösåsvägen	Moliden	8
Storspovsvägen	Moliden	7
Alnöholmsvägen	Moliden	6
Östra Alnöholmsvägen	Moliden	6
Murkelvägen	Moliden	5
Bomstugevägen	Moliden	4
Hammarbacken	Moliden	4
Molidenvägen	Moliden	4
Musseronvägen	Moliden	4
Sångsvanevägen	Moliden	4
Mejerivägen	Molkom	14
Högåsvägen	Molkom	13
Skolgatan	Molkom	12
Storgatan	Molkom	12
Marknadsgatan	Molkom	11
Borserudsvägen	Molkom	10
Graningevägen	Molkom	10
Blombacka bruks väg	Molkom	9
Stationsgatan	Molkom	9
Blombackabacken	Molkom	8
Kvarnvägen	Mollösund	10
Tångehöjdsvägen	Mollösund	9
Hamnvägen	Mollösund	7
Tångedalsvägen	Mollösund	6
Gatan	Mollösund	5
Hålvägen	Mollösund	5
Tångesundsvägen	Mollösund	5
Gamla vägen	Mollösund	4
Långe backe	Mollösund	4
Rösevägen	Mollösund	4
Vika byväg	Mora	29
Vasagatan	Mora	28
Strandgatan	Mora	23
Yvradsvägen	Mora	21
Landsvägen	Mora	17
Lasarettsområdet	Mora	17
Älvgatan	Mora	17
Önavägen	Mora	17
Näsuddsvägen	Mora	16
Vinäs byväg	Mora	16
Nordsjövägen	Morgongåva	18
Ramsjövägen	Morgongåva	13
Nya Uppsalavägen	Morgongåva	11
Brunkullsvägen	Morgongåva	7
Idrottsvägen	Morgongåva	7
Allévägen	Morgongåva	6
Nyängsvägen	Morgongåva	5
Ringvägen	Morgongåva	5
Skyttevägen	Morgongåva	5
Tjusarvägen	Morgongåva	5
David Törnqvists väg	Morjärv	5
Bastusund	Morjärv	4
Gungsträskvägen	Morjärv	4
Rävbackestigen	Morjärv	4
Timmervägen	Morjärv	4
Furumostigen	Morjärv	3
Gransätravägen	Morjärv	3
Klockares väg	Morjärv	3
Kyrkogatan	Morjärv	3
Nygatan	Morjärv	3
Abborrtjärnvägen	Moskosel	7
Storstugvägen	Moskosel	7
Linkovägen	Moskosel	6
Burmavägen	Moskosel	5
Stationsvägen	Moskosel	5
Uddvägen	Moskosel	5
Lillgatan	Moskosel	4
Skolgatan	Moskosel	4
Abmorvägen	Moskosel	3
Holmvägen	Moskosel	3
Borensvägen	Motala	44
Drottninggatan	Motala	41
Varamovägen	Motala	37
Östermalmsgatan	Motala	35
Vadstenavägen	Motala	34
Metallvägen	Motala	26
Agneshögsgatan	Motala	25
Strandvägen	Motala	23
Slingerbulten	Motala	22
Bispgatan	Motala	18
Mullhytte letstig	Mullhyttan	26
Långvassenvägen	Mullhyttan	12
Stationsvägen	Mullhyttan	8
Ålundavägen	Mullhyttan	8
Furuvägen	Mullhyttan	6
Carlsforsvägen	Mullhyttan	5
Sjökullestigen	Mullhyttan	5
Torhyttevägen	Mullhyttan	5
Mohultsvägen	Mullhyttan	4
Bergbacken	Mullhyttan	3
Sjövägen	Mullsjö	24
Tidaholmsvägen	Mullsjö	21
Kyrkvägen	Mullsjö	17
Skolgatan	Mullsjö	17
Mauritz väg	Mullsjö	14
Strandvägen	Mullsjö	13
Havstenshultsvägen	Mullsjö	10
Järnvägsgatan	Mullsjö	10
Tallgatan	Mullsjö	9
Trollehöjdsvägen	Mullsjö	9
Nya Axtorpsvägen	Munka-Ljungby	15
Klippanvägen	Munka-Ljungby	13
Bäckatorpsvägen	Munka-Ljungby	10
Krokhusvägen	Munka-Ljungby	10
Södra Järnvägsgatan	Munka-Ljungby	10
Tunnbindarvägen	Munka-Ljungby	10
Åslidenvägen	Munka-Ljungby	10
Axtorpsvägen	Munka-Ljungby	9
Lindagatan	Munka-Ljungby	9
Mossa jordbovägen	Munka-Ljungby	9
Stalevägen	Munkedal	17
Ägirvägen	Munkedal	16
Håbyvägen	Munkedal	14
Strömstadsvägen	Munkedal	14
Uddevallavägen	Munkedal	14
Södra Sjöritz	Munkedal	13
Lilla Foss allé	Munkedal	12
Möevägen	Munkedal	12
Stenviksvägen	Munkedal	12
Bergsviksvägen	Munkedal	11
Munkerudsvägen	Munkfors	21
Sunnevägen	Munkfors	21
Tallbacksvägen	Munkfors	21
Gustav Janssons väg	Munkfors	17
Mossängsvägen	Munkfors	15
Bliavägen	Munkfors	13
Hellgrens väg	Munkfors	13
Dammvägen	Munkfors	12
Hallarnavägen	Munkfors	12
Munkgatan	Munkfors	11
Edebyvägen	Munsö	15
Ekerövägen	Munsö	12
Lundavägen	Munsö	11
Norrbyvägen	Munsö	8
Wallenbergs allé	Munsö	7
Lindöbrovägen	Munsö	6
Lovö kyrkallé	Munsö	5
Prästvik	Munsö	4
Söderbyvägen	Munsö	4
Dyviksvägen	Munsö	3
Rallarevägen	Murjek	2
Södervägen	Murjek	2
Aimobäcksvägen	Murjek	1
Malmbanevägen	Murjek	1
Saitivägen	Murjek	1
Hyttavägen	Muskö	57
Muskö Örlogshamn	Muskö	30
Hammarvägen	Muskö	21
Havsbadsvägen	Muskö	15
Kanalvägen	Muskö	12
Landängsvägen	Muskö	11
Ersholmsvägen	Muskö	10
Näsängsvägen	Muskö	10
Snappuddsvägen	Muskö	10
Altorpsvägen	Muskö	9
Myggenäsvägen	Myggenäs	24
Mällbyvägen	Myggenäs	21
Gamla Myggenäs	Myggenäs	19
Sörbyvägen	Myggenäs	18
Valla Hedvägen	Myggenäs	15
Fågelvägen	Myggenäs	14
Almösundsvägen	Myggenäs	13
Kryssarvägen	Myggenäs	5
Brattvägen	Myggenäs	4
Angersnäsvägen	Myggenäs	3
Korsbergavägen	Myresjö	10
Bäckabyvägen	Myresjö	7
Karlsgårdsvägen	Myresjö	5
Vetlandavägen	Myresjö	4
Höjdgatan	Myresjö	3
Norrgatan	Myresjö	3
Stationsvägen	Myresjö	3
Södralidsgatan	Myresjö	3
Gärdesvägen	Myresjö	2
Hjältarydsvägen	Myresjö	2
Valstavägen	Märsta	51
Stationsgatan	Märsta	29
Arlandaleden	Märsta	28
Karlsborgsvägen	Märsta	23
Aspvägen	Märsta	21
Steninge allé	Märsta	21
Odensalavägen	Märsta	17
Västra Bangatan	Märsta	17
Nordanleden	Märsta	16
Bergsbolsvägen	Märsta	15
Norra Måleråsvägen	Målerås	14
Lindvägen	Målerås	6
Kapellgatan	Målerås	5
Banvallsgatan	Målerås	3
Fridhemsvägen	Målerås	3
Gula gatan	Målerås	3
Ledningsgatan	Målerås	3
Mackamålavägen	Målerås	3
Strömborgsgatan	Målerås	3
Sälgvägen	Målerås	3
Virserumsvägen	Målilla	23
Stockholmsvägen	Målilla	13
Vetlandavägen	Målilla	12
Sanatorievägen	Målilla	10
Södra Långgatan	Målilla	10
Spånggatan	Målilla	9
Gamla Sanatorievägen	Målilla	6
Hägelåkravägen	Målilla	6
Västra Tvetavägen	Målilla	6
Hantverkaregatan	Målilla	5
Hultavägen	Målsryd	10
Kyrkvägen	Målsryd	10
Bråthultsvägen	Målsryd	9
Svenljungavägen	Målsryd	7
Älmåsvägen	Målsryd	5
Råslättsvägen	Målsryd	4
Skogsvägen	Målsryd	4
Åkerstavägen	Målsryd	4
Bokvägen	Målsryd	3
Djupedalsvägen	Målsryd	3
Månkarbovägen	Månkarbo	30
Fruktvillvägen	Månkarbo	9
Hamrarnevägen	Månkarbo	8
Gunnarsbovägen	Månkarbo	6
Ilmårsbergsvägen	Månkarbo	6
Knutkullavägen	Månkarbo	5
Ohlströms väg	Månkarbo	4
Åsvägen	Månkarbo	4
Bagarvägen	Månkarbo	3
Brunnströms väg	Månkarbo	3
Väpplingstigen	Månsarp	11
Sjöhultsvägen	Månsarp	8
Hustomtevägen	Månsarp	7
Södra Stigamovägen	Månsarp	7
Traversvägen	Månsarp	7
Fraktvägen	Månsarp	6
Kyrkvägen	Månsarp	6
Sörängsliden	Månsarp	6
Granarpsvägen	Månsarp	5
Karlslundsgatan	Månsarp	5
Månstadsvägen	Månstad	2
Bruntorpsvägen	Månstad	1
Oxbanevägen	Månstad	1
Sågvägen	Månstad	1
Vinkelvägen	Månstad	1
Yxvägen	Månstad	1
Bråtåsvägen	Mårdaklev	3
Bäckavägen	Mårdaklev	2
Skogsstigen	Mårdaklev	2
Såglyckevägen	Mårdaklev	2
Alnäsleden	Mårdaklev	1
Bergstigen	Mårdaklev	1
Danska vägen	Mårdaklev	1
Fabriksvägen	Mårdaklev	1
Grönsiksvägen	Mårdaklev	1
Klevsgatan	Mårdaklev	1
Länsväg 694	Möja	4
Länsväg 696	Möja	2
Länsväg 695	Möja	1
Möja Ström	Möja	1
Hammarbyvägen	Möklinta	4
Klintvägen	Möklinta	4
Kyrkvägen	Möklinta	4
Sportvägen	Möklinta	4
Åsgrind	Möklinta	4
Gammelgårdsvägen	Möklinta	3
Grimkärrsvägen	Möklinta	2
Åsgårdsvägen	Möklinta	2
Åsvallsvägen	Möklinta	2
Åsvägen	Möklinta	2
Italienska vägen	Mölle	14
Sillgränd	Mölle	11
Kockenhus allé	Mölle	7
Södra Strandvägen	Mölle	7
Bökebolsvägen	Mölle	6
Mölle hamnallé	Mölle	6
Norra Strandvägen	Mölle	6
Blåkullavägen	Mölle	5
Kullabergsvägen	Mölle	5
Laråsavägen	Mölle	5
Axtorpsvägen	Mölltorp	14
Parkgatan	Mölltorp	7
Järnvägsgatan	Mölltorp	6
Nygatan	Mölltorp	6
Rosenlundsgatan	Mölltorp	6
Ekenäsvägen	Mölltorp	4
Forsviksvägen	Mölltorp	4
Kullagatan	Mölltorp	4
Kyrkvägen	Mölltorp	4
Annedalsgatan	Mölltorp	3
Rosendalsvägen	Mölnbo	13
Rösjövägen	Mölnbo	13
Snorpvägen	Mölnbo	12
Kvarnvägen	Mölnbo	8
Odonstigen	Mölnbo	7
Alpvägen	Mölnbo	6
Andvägen	Mölnbo	6
Backvägen	Mölnbo	6
Fagernäsvägen	Mölnbo	6
Fristavägen	Mölnbo	6
Bifrostgatan	Mölndal	50
Göteborgsvägen	Mölndal	41
Åbromotet	Mölndal	32
Aminogatan	Mölndal	29
Alfred Gärdes väg	Mölndal	23
Frölundagatan	Mölndal	23
Lantbruksgatan	Mölndal	21
Toltorpsgatan	Mölndal	21
Balltorpsvägen	Mölndal	19
Gunnebogatan	Mölndal	18
Benarebyvägen	Mölnlycke	57
Raneredsvägen	Mölnlycke	35
Kyrkvägen	Mölnlycke	22
Hönekullavägen	Mölnlycke	21
Lövskogsvägen	Mölnlycke	20
Näckrosvägen	Mölnlycke	19
Ankares väg	Mölnlycke	18
Långenäsvägen	Mölnlycke	18
Säterivägen	Mölnlycke	18
Djupedalsängsvägen	Mölnlycke	16
Oknövägen	Mönsterås	27
Storgatan	Mönsterås	15
Parkgatan	Mönsterås	12
Mölstadsvägen	Mönsterås	10
Kvarngatan	Mönsterås	9
Ramsövägen	Mönsterås	9
Åsevadsgatan	Mönsterås	9
Friskefloevägen	Mönsterås	8
Jacobs gränd	Mönsterås	8
Sjöfågelvägen	Mönsterås	8
Södra Bokhagsvägen	Mörarp	9
Hjalmars väg	Mörarp	8
Linjegatan	Mörarp	8
Rättaregatan	Mörarp	7
Assertorpsvägen	Mörarp	6
Gruvgatan	Mörarp	6
Hjortvägen	Mörarp	6
Margaretagatan	Mörarp	6
Rosenlundsvägen	Mörarp	6
Skomakaregatan	Mörarp	6
Genvägen	Mörbylånga	19
Esplanaden	Mörbylånga	17
Dansbanevägen	Mörbylånga	14
Kastlösa bygata	Mörbylånga	12
Malmgatan	Mörbylånga	12
Trollhättevägen	Mörbylånga	12
Skansgatan	Mörbylånga	11
Västerlånggatan	Mörbylånga	11
Mältaregatan	Mörbylånga	10
Österlånggatan	Mörbylånga	10
Kyrkvägen	Mörlunda	9
Tallåsvägen	Mörlunda	7
Bergaliden	Mörlunda	6
Stationsvägen	Mörlunda	6
Vällingbyvägen	Mörlunda	5
Doktorsvägen	Mörlunda	4
Furuängsvägen	Mörlunda	4
Hantverkarvägen	Mörlunda	4
Häradsvägen	Mörlunda	4
Präststigen	Mörlunda	4
Björkenäsvägen	Mörrum	32
Gustavstorpsvägen	Mörrum	24
Vikaljungavägen	Mörrum	19
Pukaviksvägen	Mörrum	18
Bräknebodavägen	Mörrum	17
Nabbavägen	Mörrum	17
Gungvalavägen	Mörrum	16
Äskemovägen	Mörrum	16
Karlshamnsvägen	Mörrum	12
Norjevägen	Mörrum	12
Kyrkvägen	Mörsil	18
Byevägen	Mörsil	15
Gufassvägen	Mörsil	12
Thomévägen	Mörsil	12
Horneyvägen	Mörsil	11
Mårdsundsbodarna Öringvägen	Mörsil	8
Åsanvägen	Mörsil	8
Mårdsundsbodarna Fjällvägen	Mörsil	7
Äggforsvägen	Mörsil	6
Svängda vägen	Mörsil	5
Värmdövägen	Nacka	63
Vikdalsvägen	Nacka	31
Skvaltans väg	Nacka	25
Lillängsvägen	Nacka	16
Skönviksvägen	Nacka	15
Nyckelviksvägen	Nacka	12
Ältavägen	Nacka	12
Hästhagsvägen	Nacka	11
Augustendalsvägen	Nacka	10
Järla gårdsväg	Nacka	10
Hammarby allé	Nacka Strand	92
Djurgårdsvägen	Nacka Strand	77
Lugnets allé	Nacka Strand	73
Kvarnholmsvägen	Nacka Strand	60
Djurgårdsbrunnsvägen	Nacka Strand	50
Sickla kanalgata	Nacka Strand	38
Järlaleden	Nacka Strand	36
Frihamnsgatan	Nacka Strand	32
Värmdövägen	Nacka Strand	32
Bondegatan	Nacka Strand	30
Degerselsvägen	Niemisel	41
Gunnarsbyvägen	Niemisel	37
Norra Niemisel	Niemisel	31
Norra Norrgren	Niemisel	27
Niemisels station	Niemisel	25
Norra Niemiholm	Niemisel	22
Mjöträsk	Niemisel	11
Niemiholmen	Niemisel	11
Norra Fällträsk	Niemisel	11
Råne Fällträsk	Niemisel	10
Hamnvägen	Nikkala	27
Brovägen	Nikkala	24
Byavägen	Nikkala	15
Kirveskarivägen	Nikkala	9
Strandstråket	Nikkala	9
Järvis väg	Nikkala	7
Källarvägen	Nikkala	6
Salmis Majgårdsvägen	Nikkala	6
Villavägen	Nikkala	6
Laivavägen	Nikkala	5
Egnahemsvägen	Nissafors	12
Ringvägen	Nissafors	10
Södra Bruksvägen	Nissafors	8
Vikgatan	Nissafors	7
Järnvägsgatan	Nissafors	6
Kyrkvägen	Nissafors	6
Köpmansgatan	Nissafors	6
Mogatan	Nissafors	6
Mårtens väg	Nissafors	6
Terrassvägen	Nissafors	6
Industrivägen	Nittorp	6
Strandvägen	Nittorp	4
Paradisvägen	Nittorp	3
Ringvägen	Nittorp	3
Humlevägen	Nittorp	2
Ljunghedavägen	Nittorp	2
Bivägen	Nittorp	1
Dalstorpsvägen	Nittorp	1
Fjärilsvägen	Nittorp	1
Fornvägen	Nittorp	1
Mjösundsvägen	Njurunda	24
Armsjövägen	Njurunda	14
Njurundavägen	Njurunda	12
Bergavägen	Njurunda	11
Guldvägen	Njurunda	11
Marnavägen	Njurunda	11
Hembygdsvägen	Njurunda	7
Klockarbergsvägen	Njurunda	7
Linvägen	Njurunda	6
Nyråvägen	Njurunda	5
Örängesvägen	Njutånger	19
Fegärdevägen	Njutånger	10
Prästtjärnsvägen	Njutånger	9
Snäckmorvägen	Njutånger	7
Bäckmansvägen	Njutånger	6
Riksvägen	Njutånger	5
Sundsättersvägen	Njutånger	5
Täljevägen	Njutånger	5
Asplundavägen	Njutånger	4
Granbacksvägen	Njutånger	4
Krokängsvägen	Nol	13
Alevägen	Nol	12
Folketshusvägen	Nol	12
Gallåsvägen	Nol	11
Enekullevägen	Nol	9
Kastanjevägen	Nol	5
Ekorrstigen	Nol	4
Kärrvägen	Nol	4
Oljobergsvägen	Nol	4
Rödjans väg	Nol	4
Hitorpsvägen	Nora	16
Rättarvägen	Nora	15
Hagbyvägen	Nora	12
Knutsbergsvägen	Nora	12
Kungsgatan	Nora	12
Pershyttevägen	Nora	12
Prästgatan	Nora	11
Rådstugugatan	Nora	11
Skördevägen	Nora	11
Bergslagsgatan	Nora	10
Fantskogsvägen	Noraström	16
Herrskogsallén	Noraström	12
Storsjövägen	Noraström	7
Hemvägen	Noraström	3
Renstigen	Noraström	3
Åkerbovägen	Noraström	3
Högstadievägen	Noraström	1
Linnévägen	Norberg	22
Järnvägsgatan	Norberg	20
Hedemoravägen	Norberg	17
Gamla Banan	Norberg	16
Engelbrektsgatan	Norberg	14
Hackspettbacke	Norberg	14
Klackbergsvägen	Norberg	14
Gamla Avestavägen	Norberg	12
Kylsbovägen	Norberg	12
Rönningstorpsvägen	Norberg	12
Klockarvägen	Nordingrå	8
Vallenvägen	Nordingrå	8
Kyrkåkersvägen	Nordingrå	6
Prästmyrvägen	Nordingrå	5
Valmstabacken	Nordingrå	4
Brandellvägen	Nordingrå	3
Väderkvarnsvägen	Nordingrå	3
Vågsfjärdsvägen	Nordingrå	3
Lillbyvägen	Nordingrå	1
Norrbacksvägen	Nordingrå	1
Kungsvägen	Nordmaling	15
Riksvägen	Nordmaling	13
Ängsgatan	Nordmaling	11
Gamla Riksvägen	Nordmaling	10
Stallgatan	Nordmaling	10
Hamngatan	Nordmaling	9
Utåkersvägen	Nordmaling	8
Bryggaregatan	Nordmaling	7
Trädgårdsgatan	Nordmaling	7
Lötvägen	Nordmaling	6
Bergavägen	Nordmarkshyttan	3
Övre Bergavägen	Nordmarkshyttan	1
Thorsviksvägen	Norrahammar	16
Vårljungstigen	Norrahammar	15
Ljunghedsvägen	Norrahammar	12
Gärdesgatan	Norrahammar	11
Kyrkogårdsvägen	Norrahammar	11
Lovsjövägen	Norrahammar	11
Möbelvägen	Norrahammar	11
Hasselvägen	Norrahammar	9
Smedjebergsvägen	Norrahammar	9
Humlevägen	Norrahammar	8
Lertagsvägen	Norrala	3
Petter Matsvägen	Norrala	3
Renlavsstigen	Norrala	3
Snäckenvägen	Norrala	3
Svensviksvägen	Norrala	3
Dragösstigen	Norrala	2
Älgstigen	Norrala	2
Alevägen	Norrala	1
Blåbärsstigen	Norrala	1
Byhedsstigen	Norrala	1
Södra Altervägen	Norrfjärden	20
Jönsbyvägen	Norrfjärden	16
Porsnäsvägen	Norrfjärden	16
Sandhalsvägen	Norrfjärden	13
Kopparnäsvägen	Norrfjärden	12
Granövägen	Norrfjärden	11
Brändöbergsvägen	Norrfjärden	9
Förpostvägen	Norrfjärden	9
Bertnäsvägen	Norrfjärden	8
Håkingevägen	Norrfjärden	8
Nedre gatan	Norrfors	2
Bagarvägen	Norrfors	1
Byvägen	Norrhult	21
Kinnekullevägen	Norrhult	9
Industrigatan	Norrhult	8
Norrhultsvägen	Norrhult	7
Nottebäcksvägen	Norrhult	7
Odengatan Odenplan	Norrhult	7
Villavägen	Norrhult	6
Lövsjövägen	Norrhult	5
Sandvägen	Norrhult	5
Norrgatan	Norrhult	4
Norra Promenaden	Norrköping	78
Söderleden	Norrköping	55
Gamla Övägen	Norrköping	53
Linköpingsvägen	Norrköping	52
Lindövägen	Norrköping	45
Finspångsvägen	Norrköping	42
Albrektsvägen	Norrköping	41
Stockholmsvägen	Norrköping	41
Söderköpingsvägen	Norrköping	39
Lidaleden	Norrköping	37
Fårholmsvägen	Norrsundet	39
Egnahemsgatan	Norrsundet	11
Havsvägen	Norrsundet	11
Krokviken	Norrsundet	11
Gillerhedsvägen	Norrsundet	10
Lindön	Norrsundet	10
Småmursvägen	Norrsundet	10
Havsbandsvägen	Norrsundet	9
Fabriksvägen	Norrsundet	8
Bergbackagatan	Norrsundet	7
Drottning Kristinas väg	Norrtälje	36
Grovstanäsvägen	Norrtälje	29
Planetvägen	Norrtälje	28
Ekavägen	Norrtälje	25
Nordronavägen	Norrtälje	25
Länna Norrbyvägen	Norrtälje	23
Baldersgatan	Norrtälje	22
Boda strandväg	Norrtälje	22
Nodsta byväg	Norrtälje	22
Stora Björknäsvägen	Norrtälje	22
Selestjärnvägen	Norråker	3
Hallundavägen	Norsborg	45
Hallundastråket	Norsborg	38
Norsborgspassagen	Norsborg	38
Tomtbergavägen	Norsborg	34
Hallunda gårdsväg	Norsborg	27
Kumla gårdsväg	Norsborg	20
Norrskogsvägen	Norsborg	15
Noras väg	Norsborg	14
Skarpbrunnavägen	Norsborg	13
Bronsgjutarvägen	Norsborg	12
Noorvägen	Norsholm	11
Norsholmsvägen	Norsholm	8
Tessins väg	Norsholm	8
Slussvaktarvägen	Norsholm	7
Von Platens väg	Norsholm	5
Luddingsbovägen	Norsholm	4
Munkebodavägen	Norsholm	4
Kimstadsvägen	Norsholm	3
Västerbyvägen	Norsholm	3
Biskop Henriks väg	Norsholm	2
Storgatan	Norsjö	12
Brännavägen	Norsjö	7
Nygatan	Norsjö	7
Sörbyvägen	Norsjö	7
Lilltjärnvägen	Norsjö	6
Bågvägen	Norsjö	5
Gamla Malåvägen	Norsjö	5
Kyrkvägen	Norsjö	5
Risvägen	Norsjö	5
Sjövägen	Norsjö	5
Glossbovägen	Nossebro	18
Södra vägen	Nossebro	9
Järnvägsgatan	Nossebro	7
Nordhemsgatan	Nossebro	7
Stenhusvägen	Nossebro	7
Bergsvägen	Nossebro	6
Gendalenvägen	Nossebro	6
Liljegatan	Nossebro	6
Stallgatan	Nossebro	6
Strandgatan	Nossebro	6
Nusnäs bygata	Nusnäs	34
Skäjsnäsvägen	Nusnäs	12
Båthusvägen	Nusnäs	11
Kråkdalvägen	Nusnäs	9
Sionsvägen	Nusnäs	9
Sandvisolsvägen	Nusnäs	8
Gambälgatu	Nusnäs	7
Fudalsvägen	Nusnäs	6
Svidnvägen	Nusnäs	6
Björkgatan	Nusnäs	5
Storgatan	Nybro	29
Grönvägen	Nybro	26
Jutarnas väg	Nybro	22
Norra vägen	Nybro	21
Hanes väg	Nybro	20
Pukebergarnas väg	Nybro	16
Madesjövägen	Nybro	15
Vasagatan	Nybro	15
Järnvägsgatan	Nybro	14
Kalmarvägen	Nybro	14
Nykyrkavägen	Nye	6
Mickelstorpsvägen	Nye	5
Toljavägen	Nye	5
Lövbacksvägen	Nye	4
Myrisbodavägen	Nye	4
Persgårdsvägen	Nye	3
Ekholmsvägen	Nye	2
Farstorpsvägen	Nye	2
Hästhagsvägen	Nye	2
Solviksvägen	Nye	2
Skövdevägen	Nygård	9
Trädvägen	Nygård	8
Kattungavägen	Nygård	5
Ekvägen	Nygård	4
Gärdesvägen	Nygård	4
Ängsvägen	Nygård	4
Kullevägen	Nygård	3
Bokvägen	Nygård	2
Kyrkvägen	Nygård	2
Rönnvägen	Nygård	2
Brovägen	Nyhamnsläge	13
Eleshultsvägen	Nyhamnsläge	9
Norra Skogsvägen	Nyhamnsläge	9
Thin Jöns väg	Nyhamnsläge	8
Brunnbyvägen	Nyhamnsläge	7
Strandbadsvägen	Nyhamnsläge	7
Bräcke lid	Nyhamnsläge	6
Dannevangsvägen	Nyhamnsläge	6
Krapperups kyrkoväg	Nyhamnsläge	6
Dalenvägen	Nyhamnsläge	5
Bergvallavägen	Nykil	7
Ullstorpsvägen	Nykil	6
Orrbacksvägen	Nykil	5
Haraldsbovägen	Nykil	4
Sofielundsvägen	Nykil	4
Ängdalsvägen	Nykil	4
Hökhultsvägen	Nykil	3
Solvågsvägen	Nykil	3
Bergvallaslingan	Nykil	2
Bysättersvägen	Nykil	2
Stationsvägen	Nykroppa	16
Strandvägen	Nykroppa	15
Malmdragarvägen	Nykroppa	9
Vasavägen	Nykroppa	6
Hornkullsvägen	Nykroppa	5
Kråkåsvägen	Nykroppa	5
Kungsvägen	Nykroppa	5
Stenåsvägen	Nykroppa	5
Bastuvägen	Nykroppa	4
Dammbovägen	Nykroppa	4
Hökmossvägen	Nykvarn	55
Sätravägen	Nykvarn	36
Almnäsvägen	Nykvarn	29
Fredriksbergsvägen	Nykvarn	29
Karlslundsvägen	Nykvarn	27
Maskinförarevägen	Nykvarn	24
Norra Stationsvägen	Nykvarn	18
Rudkällavägen	Nykvarn	18
Ramtorpsvägen	Nykvarn	16
Regementsgatan	Nykvarn	16
Oppeby gård	Nyköping	91
Brunnsgatan	Nyköping	44
Lennings väg	Nyköping	32
Trollstigen	Nyköping	28
Västerleden	Nyköping	26
Eskilstunavägen	Nyköping	24
Hjortronvägen	Nyköping	24
Brandkärrsvägen	Nyköping	23
Diagonalvägen	Nyköping	22
Repslagaregatan	Nyköping	22
Nyadalsvägen	Nyland	17
Bolandsvägen	Nyland	14
Sionsvägen	Nyland	5
Liavägen	Nyland	4
Lillvägen	Nyland	4
Lervägen	Nyland	3
Björkbacken	Nyland	1
Tunnelvägen	Nymölla	19
Allarpsvägen	Nymölla	18
Tians väg	Nymölla	17
Håkanrydsvägen	Nymölla	15
Råbyvägen	Nymölla	12
Norreskogsvägen	Nymölla	11
Levrasjövägen	Nymölla	10
Paradisvägen	Nymölla	9
Ärkebiskopens väg	Nymölla	9
Grödbyvägen	Nymölla	8
Nynäsvägen	Nynäshamn	30
Järnvägsgatan	Nynäshamn	22
Centralgatan	Nynäshamn	17
Norrskogsvägen	Nynäshamn	16
Raffinaderivägen	Nynäshamn	16
Sågstensvägen	Nynäshamn	16
Backluravägen	Nynäshamn	14
Norvikvägen	Nynäshamn	14
Hamnviksvägen	Nynäshamn	12
Oskarsgatan	Nynäshamn	12
Malmövägen	Nyvång	15
Halevägen	Nyvång	12
Gamla vägen	Nyvång	11
Ausås ängaväg	Nyvång	9
Thalingatan	Nyvång	9
Gruvgatan	Nyvång	7
Möllelyckevägen	Nyvång	7
Gökgatan	Nyvång	6
Landgrensgatan	Nyvång	6
Svedbergsgatan	Nyvång	6
Bankvägen	Nyåker	1
Brattsbackavägen	Nyåker	1
Sunnansjövägen	Nyåker	1
Spinnerivägen	Nälden	14
Brovägen	Nälden	11
Faxnäldsvägen	Nälden	11
Axel Johanssons väg	Nälden	7
Hallströms väg	Nälden	6
Karelsvägen	Nälden	6
Smedsåsvägen	Nälden	6
Smedjevägen	Nälden	5
Garvarvägen	Nälden	4
Ljungarvägen	Nälden	4
Länsväg 690	Nämdö	3
Sörängsvägen	Nässjö	24
Queckfeldtsgatan	Nässjö	22
Brogatan	Nässjö	21
Storgatan	Nässjö	19
Östra vägen	Nässjö	19
Anneforsvägen	Nässjö	18
Vallgatan	Nässjö	18
Västra vägen	Nässjö	18
Brinellgatan	Nässjö	13
Ingsbergsgatan	Nässjö	13
Olofströmsvägen	Näsum	34
Drögsperydsvägen	Näsum	23
Sibbarpsvägen	Näsum	21
Vångavägen	Näsum	20
Västanåvägen	Näsum	18
Hagstads Byaväg	Näsum	15
Klagstorpsvägen	Näsum	15
Korsaslättsvägen	Näsum	14
Leingarydsvägen	Näsum	14
Oretorpsvägen	Näsum	13
Norrdellsvägen	Näsviken	19
Storängsvägen	Näsviken	11
Hamnslingan	Näsviken	9
Dellenvägen	Näsviken	6
Tussmorvägen	Näsviken	6
Övernäsvägen	Näsviken	6
Övre inganlid	Näsviken	6
Bruksallén	Näsviken	5
Norrbovägen	Näsviken	5
Norrgårdsvägen	Näsviken	5
Kläppvägen	Näsåker	7
Högenvägen	Näsåker	6
Hamptjärnsvägen	Näsåker	4
Lissvägen	Näsåker	4
Gökvägen	Näsåker	3
Industrivägen	Näsåker	3
Lärkvägen	Näsåker	3
Storgatan	Näsåker	3
Movägen	Näsåker	2
Omsjövägen	Näsåker	2
Gamla landsvägen	Nättraby	31
Roslundavägen	Nättraby	13
Parkvägen	Nättraby	12
Fredriksdalsvägen	Nättraby	11
Hallengrensvägen	Nättraby	11
Norra Åsavägen	Nättraby	11
Sjuhallavägen	Nättraby	11
Tromtesundavägen	Nättraby	11
Färmanstorpsvägen	Nättraby	10
Orredalsvägen	Nättraby	10
Världens ände	Nävekvarn	58
Nordanskogsvägen	Nävekvarn	19
Prästutterviksvägen	Nävekvarn	19
Stora Bryggans väg	Nävekvarn	15
Fyrvägen	Nävekvarn	13
Nyköpingsvägen	Nävekvarn	12
Linnäsvägen	Nävekvarn	11
Morotstaden	Nävekvarn	10
Sjöskogsvägen	Nävekvarn	10
Arkösundsvägen	Nävekvarn	9
Nockarpsvägen	Nävlinge	5
Maglehultsvägen	Nävlinge	4
Knutstorpsvägen	Nävlinge	3
Olivias väg	Nävlinge	3
Bockebodavägen	Nävlinge	1
Hilmas väg	Nävlinge	1
Håkanköpsvägen	Nävlinge	1
Långarödsvägen	Nävlinge	1
Nils Antons väg	Nävlinge	1
Rickarums byväg	Nävlinge	1
Borgbygatan	Nås	16
Storängsvägen	Nås	9
Skolvägen	Nås	7
Storbygatan	Nås	7
Ryssvägen	Nås	5
Närsjövägen	Nås	3
Falkens väg	Nås	2
Hallqvists väg	Nås	2
Legolandsvägen	Nås	2
Arkivvägen	Nås	1
Gamla Kilandavägen	Nödinge	31
Granåsvägen	Nödinge	23
Klockarevägen	Nödinge	18
Norra Kilandavägen	Nödinge	16
Backavägen	Nödinge	14
Nödingevägen	Nödinge	10
Lövängsvägen	Nödinge	9
Rödklövergatan	Nödinge	8
Vikenvägen	Nödinge	8
Ale torg	Nödinge	7
Noras backe	Nösund	6
Törtippsvägen	Nösund	6
Arekullevägen	Nösund	5
Flöjbergsvägen	Nösund	5
Annas hage	Nösund	4
Lunnelyckevägen	Nösund	4
Badhusvägen	Nösund	3
Bergstigen	Nösund	3
Bertas väg	Nösund	2
Kalvhagevägen	Nösund	2
Mathällanvägen	Obbola	30
Skatenvägen	Obbola	29
Bovikenvägen	Obbola	28
Havsvägen	Obbola	28
Jonskärsvägen	Obbola	26
Glasögervägen	Obbola	24
Södra Obbolavägen	Obbola	24
Linjevägen	Obbola	23
Storhällskärsvägen	Obbola	23
Brännäsvägen	Obbola	21
Södra Åsgatan	Ockelbo	23
Gäverängevägen	Ockelbo	20
Östbyvägen	Ockelbo	13
Byvägen	Ockelbo	11
Säbyggebyvägen	Ockelbo	10
Gåsbäcksvägen	Ockelbo	9
Sibohällsvägen	Ockelbo	9
Björkvägen	Ockelbo	8
Bölevägen	Ockelbo	8
Lavägen	Ockelbo	8
Midgårdsvägen	Odensbacken	18
Valstavägen	Odensbacken	9
Askersvägen	Odensbacken	8
Granövägen	Odensbacken	8
Vinögatan	Odensbacken	7
Gamla vägen	Odensbacken	6
Per Anders väg	Odensbacken	6
Ruddammsvägen	Odensbacken	6
Östra vägen	Odensbacken	6
Lagerstigen	Odensbacken	5
Ängevägen	Offerdal	10
Centralvägen	Offerdal	6
Genvägen	Offerdal	5
Sågvägen	Offerdal	5
Tallvägen	Offerdal	4
Dagstigen	Offerdal	3
Ladvägen	Offerdal	3
Nyvägen	Offerdal	3
Skolvägen	Offerdal	3
Villavägen	Offerdal	3
Gråbovägen	Olofstorp	51
Iglatjärnsvägen	Olofstorp	26
Kniparedsvägen	Olofstorp	25
Bergums prästgårdsväg	Olofstorp	21
Björsaredsvägen	Olofstorp	21
Lerumsvägen	Olofstorp	20
Sävidsbovägen	Olofstorp	18
Stora Älsjövägen	Olofstorp	16
Torvhögsvägen	Olofstorp	16
Bergums furåsväg	Olofstorp	15
Östra Storgatan	Olofström	28
Bruksgatan	Olofström	22
Bredgatan	Olofström	18
Östra Ringvägen	Olofström	17
Erikstorpsvägen	Olofström	16
Övre brogatan	Olofström	16
Danavägen	Olofström	13
Halenvägen	Olofström	13
Idrottsvägen	Olofström	13
Västra Storgatan	Olofström	13
Bos väg	Olsfors	9
Bäckvägen	Olsfors	9
Örelidsvägen	Olsfors	5
Boråsvägen	Olsfors	4
Eriksdalsvägen	Olsfors	4
Gesebolsvägen	Olsfors	4
Lövaslättvägen	Olsfors	4
Vannasjövägen	Olsfors	4
Björkhagavägen	Olsfors	3
Björklidevägen	Olsfors	3
Rydetvägen	Onsala	46
Skällaredsvägen	Onsala	36
Vickavägen	Onsala	36
Hässletvägen	Onsala	23
Västra Hagenvägen	Onsala	22
Apelrödsvägen	Onsala	21
Gathes väg	Onsala	21
Konvalescentvägen	Onsala	21
Vårdkaseberg	Onsala	21
Dragsvägen	Onsala	20
Lillviksvägen	Ormaryd	4
Solavägen	Ormaryd	4
Grönfinksvägen	Ormaryd	3
Banvallsvägen	Ormaryd	2
Gulsparvsvägen	Ormaryd	2
Hansarpsvägen	Ormaryd	2
Kaprifolvägen	Ormaryd	2
Kvarngatan	Ormaryd	2
Näsvägen	Ormaryd	2
Skomakaregatan	Ormaryd	2
Brunnsviken	Ornö	6
Talluddsvägen	Ornö	2
Morarnas väg	Ornö	1
Kantavägen	Orrefors	9
Simon Gates väg	Orrefors	9
Silversparregatan	Orrefors	6
Skogsvägen	Orrefors	6
Trädgårdsgatan	Orrefors	6
Gadderåsvägen	Orrefors	5
Smedernas väg	Orrefors	5
Brinkliden	Orrefors	4
Movägen	Orrefors	4
Myrmalmsvägen	Orrefors	4
Östertorpsvägen	Orrviken	6
Lundsvägen	Orrviken	5
Kari-Larsvägen	Orrviken	4
Hallgårdsvägen	Orrviken	3
Orrviksvägen	Orrviken	3
Orrtorpsvägen	Orrviken	2
Fabriksvägen	Orrviken	1
Fåkervägen	Orrviken	1
Hallenvägen	Orrviken	1
Kaukvägen	Orrviken	1
Lisselhedsvägen	Orsa	30
Timmervägen	Orsa	27
Bornvägen	Orsa	24
Järnvägsgatan	Orsa	22
Övre Hansjövägen	Orsa	22
Moravägen	Orsa	18
Wixnersvägen	Orsa	16
Övre Bornvägen	Orsa	15
Hansjövägen	Orsa	14
Brändvägen	Orsa	13
Kälsvedsvägen	Osby	18
Marklundavägen	Osby	14
Ebbarpsvägen	Osby	13
Industrigatan	Osby	13
Norra Infartsgatan	Osby	12
Gunängavägen	Osby	8
Göingegatan	Osby	8
Hasslarödsvägen	Osby	8
Idrottsgatan	Osby	8
Östra Järnvägsgatan	Osby	8
Åsavägen	Oskarshamn	43
Norra vägen	Oskarshamn	30
Saltviksvägen	Oskarshamn	28
Södra vägen	Oskarshamn	24
Stengatan	Oskarshamn	20
Björngatan	Oskarshamn	18
Stångehamnsvägen	Oskarshamn	18
Verkstadsgatan	Oskarshamn	18
Strandvägen	Oskarshamn	15
Södra Fabriksgatan	Oskarshamn	15
Nya Nissastigen	Oskarström	15
Santagårdsvägen	Oskarström	11
Blåklintsvägen	Oskarström	10
Brandshultsvägen	Oskarström	10
Blomstervägen	Oskarström	9
Björsgårdsgatan	Oskarström	8
Lyckogatan	Oskarström	8
Slättåkravägen	Oskarström	8
Gamla Nissastigen	Oskarström	7
Sulfitvägen	Oskarström	6
Kajakvägen	Otterbäcken	7
Harpunvägen	Otterbäcken	6
Industrivägen	Otterbäcken	6
Oceanvägen	Otterbäcken	5
Amnevägen	Otterbäcken	4
Briggvägen	Otterbäcken	4
Delfinvägen	Otterbäcken	4
Norra Hamnvägen	Otterbäcken	4
Babordsvägen	Otterbäcken	3
Barkassvägen	Otterbäcken	3
Gräftåvallsvägen	Oviken	18
Namnsgatan	Oviken	8
Oviksvägen	Oviken	8
Klevfjällsvägen	Oviken	7
Bäckvägen	Oviken	6
Fjällvägen	Oviken	6
Hallonvägen	Oviken	6
Gräftåvägen	Oviken	5
Skolvägen	Oviken	5
Björkvägen	Oviken	4
Sundavägen	Oxelösund	22
Gamla Oxelösundsvägen	Oxelösund	17
Lappetorpsvägen	Oxelösund	17
Mosstorpsvägen	Oxelösund	17
Jogersövägen	Oxelösund	16
Folkegatan	Oxelösund	15
Isakslundsvägen	Oxelösund	15
Pilvägen	Oxelösund	15
Sundsörsvägen	Oxelösund	14
Björntorpsvägen	Oxelösund	12
Käglingevägen	Oxie	51
Ystadvägen	Oxie	45
Agnesfridsvägen	Oxie	23
Yttre Ringvägen	Oxie	22
Jägersrovägen	Oxie	19
Emil Göranssons väg	Oxie	18
Svedalavägen	Oxie	18
Stensåkervägen	Oxie	14
Byåkersvägen	Oxie	12
Fårabäcksvägen	Oxie	12
Kirunavägen	Pajala	25
Laestadiusvägen	Pajala	17
Genvägen	Pajala	14
Tornedalsvägen	Pajala	14
Soltorget	Pajala	10
Masugnsvägen	Pajala	8
Odonvägen	Pajala	8
Fiskalsrundan	Pajala	7
Kengisgatan	Pajala	7
Stenborgsvägen	Pajala	7
Gamla Kronvägen	Partille	32
Landvettervägen	Partille	26
Bergsjövägen	Partille	24
Tellusgatan	Partille	21
Slättenvägen	Partille	19
Mellbyvägen	Partille	18
Kung Göstas väg	Partille	17
Parallellvägen	Partille	16
Brodalsvägen	Partille	14
Timmerslätt	Partille	14
Paulis väg	Pauliström	19
Boanäsvägen	Pauliström	9
Svenarpsvägen	Pauliström	8
Järnbruksvägen	Pauliström	7
Ringvägen	Pauliström	6
Råsavägen	Pauliström	6
Västra Storgatan	Pauliström	6
Torpavägen	Pauliström	5
Kvillgatan	Pauliström	4
Sjömalmsvägen	Pauliström	4
Strandvägen	Pello	23
Ragnar Lassinanttis väg	Pello	6
Ekmansvägen	Pello	3
Hannuvägen	Pello	1
Stockholmsvägen	Perstorp	20
Järnvägsgatan	Perstorp	13
Oderljungavägen	Perstorp	13
Trastvägen	Perstorp	12
Helsingborgsvägen	Perstorp	10
Parkvägen	Perstorp	10
Arons väg	Perstorp	9
Köpmangatan	Perstorp	8
Bosarpsvägen	Perstorp	7
Linjevägen	Perstorp	7
Hanåsvägen	Pilgrimstad	9
Anviksvägen	Pilgrimstad	5
Bäckvägen	Pilgrimstad	5
Pilgrimstad Kvarnvägen	Pilgrimstad	5
Pilgrimstad Stationsvägen	Pilgrimstad	5
Pilgrimsvägen	Pilgrimstad	4
Bällstavägen	Pilgrimstad	3
Södra Anviksvägen	Pilgrimstad	3
Bergsvägen	Pilgrimstad	2
Pilgrimstad Ringvägen	Pilgrimstad	2
Degerbergsvägen	Piteå	90
Sundsgatan	Piteå	39
Sanavägen	Piteå	30
Furunäsvägen	Piteå	28
Lastgrundsvägen	Piteå	27
Renövägen	Piteå	27
Industrigatan	Piteå	26
Nygatan	Piteå	24
Timmerleden	Piteå	24
Gamla Pitsundsvägen	Piteå	22
Mölndalsvägen	Pixbo	21
Rådavägen	Pixbo	18
Herrgårdsvägen	Pixbo	10
Hårskerödsvägen	Pixbo	10
Kvarnbacken	Pixbo	10
Kobackavägen	Pixbo	9
Plommonvägen	Pixbo	9
Kikåsleden	Pixbo	8
Pixbovägen	Pixbo	8
Boråsvägen	Pixbo	7
Postgatan	Porjus	7
Fjällgatan	Porjus	6
Industrivägen	Porjus	5
Strömgatan	Porjus	5
Villavägen	Porjus	5
Ängsvägen	Porjus	5
Timmermansgatan	Porjus	4
Vintervägen	Porjus	4
Byggarvägen	Porjus	3
Flygstråket	Porjus	3
Lokvägen	Påarp	25
Långebergavägen	Påarp	19
Gödstorpsvägen	Påarp	17
Hemmansvägen	Påarp	12
Flybjärsvägen	Påarp	11
Peter Johans väg	Påarp	11
Påarpsvägen	Påarp	11
Rausvägen	Påarp	11
Nypongatan	Påarp	10
Vedelövsvägen	Påarp	10
Södra Promenaden	Pålsboda	11
Norra Storgatan	Pålsboda	10
Kärrsvägen	Pålsboda	9
Norra Bangatan	Pålsboda	9
Hökvägen	Pålsboda	7
Falkvägen	Pålsboda	6
Norrgatan	Pålsboda	6
Västergatan	Pålsboda	6
Smedjegatan	Pålsboda	5
Örnvägen	Pålsboda	5
Industrigatan	Påryd	7
Råsbäcksvägen	Påryd	7
Ödbyholmsvägen	Påryd	7
Mattsavägen	Påryd	6
Pårydsgatan	Påryd	6
Bäverdalsvägen	Påryd	5
Gullabovägen	Påryd	5
Hembygdsvägen	Påryd	5
Europavägen	Påryd	4
Vörehultsvägen	Påryd	4
Dunkelidsvägen	Påskallavik	28
Ritshackestigen	Påskallavik	11
Emmekalvsvägen	Påskallavik	10
Ritsmejselvägen	Påskallavik	10
Kristdalavägen	Påskallavik	9
Hjortlyckestigen	Påskallavik	8
Uddegatan	Påskallavik	8
Flatmejselvägen	Påskallavik	7
Kalmargatan	Påskallavik	7
Stridsholmsvägen	Påskallavik	7
Industrivägen	Rabbalshede	7
Rörkärrsvägen	Rabbalshede	7
Smevikenvägen	Rabbalshede	7
Solhöjdsvägen	Rabbalshede	7
Landsvägen	Rabbalshede	6
Riksvägen	Rabbalshede	5
Lunnenvägen	Rabbalshede	4
Skansvägen	Rabbalshede	3
Stationsvägen	Rabbalshede	3
Tallstigen	Rabbalshede	3
Torstävavägen	Ramdala	19
Torsnäsvägen	Ramdala	18
Sibbamålavägen	Ramdala	17
Trummenäsvägen	Ramdala	15
Sjöbrisvägen	Ramdala	14
Valderslyckavägen	Ramdala	12
Öljersjövägen	Ramdala	10
Andvägen	Ramdala	9
Lönnebovägen	Ramdala	9
Solåkravägen	Ramdala	9
Nygårdsvägen	Ramkvilla	7
Johannesbergsvägen	Ramkvilla	3
Dalagränd	Ramkvilla	1
Hallsnäsvägen	Ramkvilla	1
Höredavägen	Ramkvilla	1
Hörjesåsvägen	Ramkvilla	1
Mejerigränd	Ramkvilla	1
Torpvägen	Ramkvilla	1
Återvändsgränd	Ramkvilla	1
Planteringsvägen	Ramlösa	37
Lagmansgatan	Ramlösa	29
Kummelgatan	Ramlösa	23
Industrigatan	Ramlösa	19
Södra Hunnetorpsvägen	Ramlösa	19
Fältarpsvägen	Ramlösa	16
Landskronavägen	Ramlösa	16
Södra Brunnsvägen	Ramlösa	14
Österleden	Ramlösa	13
Birkagatan	Ramlösa	12
Industrileden	Ramnäs	21
Bratthedsvägen	Ramnäs	13
Bergslagsvägen	Ramnäs	11
Usträngsbovägen	Ramnäs	11
Ursjötorpvägen	Ramnäs	10
Glåpmosstorpvägen	Ramnäs	9
Hökebovägen	Ramnäs	9
Liarsbovägen	Ramnäs	9
Gunnilbovägen	Ramnäs	8
Hopslagarvägen	Ramnäs	8
Sågverksvägen	Ramsberg	15
Häcklavägen	Ramsberg	8
Ristanvägen	Ramsberg	7
Finnvägen	Ramsberg	6
Harald Ericssons väg	Ramsberg	6
Sommarrovägen	Ramsberg	6
Kurrbodavägen	Ramsberg	5
Hjälmsätersvägen	Ramsberg	4
Oxgatan	Ramsberg	4
Ölsjövägen	Ramsberg	4
Hagavägen	Ramsele	21
Smedjevägen	Ramsele	12
Krångvägen	Ramsele	6
Storgatan	Ramsele	6
Näsåkersvägen	Ramsele	5
Skolvägen	Ramsele	5
Centrumvägen	Ramsele	4
Kyrkvägen	Ramsele	4
Bergelsvägen	Ramsele	3
Bergsvägen	Ramsele	3
Movägen	Ramsjö	35
Holmenvägen	Ramsjö	13
Opplivägen	Ramsjö	12
Skalsvägen	Ramsjö	11
Hovra Gamla landsvägen	Ramsjö	9
Movägen Rasbacken	Ramsjö	8
Ed Zetrinsvägen	Ramsjö	7
Backarvallsvägen	Ramsjö	6
Movägen Kasteln	Ramsjö	6
Ed Knabbvägen	Ramsjö	5
Gammelvägen	Ramvik	21
Hälledalsvägen	Ramvik	14
Högsjövägen	Ramvik	12
Sjövägen	Ramvik	9
Folketshusvägen	Ramvik	8
Havrevägen	Ramvik	5
Bergomsvägen	Ramvik	4
Judebyvägen	Ramvik	4
Kvarnbergsvägen	Ramvik	4
Brunbergsvägen	Ramvik	3
Kärrbäcksbovägen	Ransta	13
Hustavägen	Ransta	10
Salavägen	Ransta	8
Hällbyvägen	Ransta	6
Kumlavägen	Ransta	6
Skepparvägen	Ransta	5
Oskarsbergsvägen	Ransta	4
Ringvägen	Ransta	4
Västerbyvägen	Ransta	4
Fastbovägen	Ransta	3
Ransjövägen	Ransäter	25
Högsbyvägen	Ransäter	9
Prästvägen	Ransäter	9
Julinsvägen	Ransäter	8
Lundbyvägen	Ransäter	7
Annerovägen	Ransäter	5
Erlandervägen	Ransäter	4
Hedåsvägen	Ransäter	4
Rudstorpsvägen	Ransäter	4
Västanåvägen	Ransäter	4
Storgatan	Reftele	14
Järnvägsgatan	Reftele	11
Nygatan	Reftele	11
Anderstorpsvägen	Reftele	10
Skogsforsvägen	Reftele	10
Jättevägen	Reftele	8
Ågatan	Reftele	8
Norra vägen	Reftele	6
Tungatan	Reftele	6
Ölmestadsvägen	Reftele	6
Tvartorpsvägen	Rejmyre	11
Mästarevägen	Rejmyre	8
Glasbruksvägen	Rejmyre	7
Hökvägen	Rejmyre	7
Björnvägen	Rejmyre	5
Kristallvägen	Rejmyre	5
Renstigen	Rejmyre	5
Simonstorpsvägen	Rejmyre	5
Sjövägen	Rejmyre	5
Örnvägen	Rejmyre	5
Sågbyvägen	Rengsjö	10
Sjörgråvägen	Rengsjö	8
Svavägen	Rengsjö	7
Livsvägen	Rengsjö	6
Bergavägen	Rengsjö	5
Lars-Nilsvägen	Rengsjö	5
Nordanbäcksvägen	Rengsjö	5
Lötvägen	Rengsjö	4
Midnäsvägen	Rengsjö	4
Söromsvägen	Rengsjö	4
Backgatan	Rentjärn	2
Brinken	Rentjärn	1
Åkervägen	Rentjärn	1
Kockholmsvägen	Resö	43
Båsenvägen	Resö	29
Södra Rossövägen	Resö	20
Karholmsvägen	Resö	19
Garviksvägen	Resö	18
Myrens väg	Resö	17
Klåvornavägen	Resö	15
Vikarnevägen	Resö	13
Långövägen	Resö	12
Gårdviksvägen	Resö	11
Fagerstavägen	Riddarhyttan	10
Ekvägen	Riddarhyttan	7
Skilåvägen	Riddarhyttan	7
Malingsbo Djurlången	Riddarhyttan	6
Malingsbovägen	Riddarhyttan	6
Sjövägen	Riddarhyttan	6
Västanhedsvägen	Riddarhyttan	6
Bäckstigen	Riddarhyttan	5
Liensvägen	Riddarhyttan	5
Norra Parkvägen	Riddarhyttan	5
Nordanstigen	Riksgränsen	1
Beatebergsvägen	Rimbo	33
Rånäsvägen	Rimbo	27
Östra Syningevägen	Rimbo	27
Österledingevägen	Rimbo	26
Frihamravägen	Rimbo	25
Rö kyrkväg	Rimbo	24
Västra Hållstavägen	Rimbo	21
Ekevägen	Rimbo	19
Östra Ledinge gårdsväg	Rimbo	18
Lovisedalsvägen	Rimbo	16
Sågvägen	Rimforsa	36
Ulrikavägen	Rimforsa	16
Västra vägen	Rimforsa	15
Fjälla backväg	Rimforsa	9
Fredrika Bremers allé	Rimforsa	7
Kalmarvägen	Rimforsa	7
Sjölundsvägen	Rimforsa	7
Vinkelvägen	Rimforsa	7
Ekstigen	Rimforsa	6
Industrivägen	Rimforsa	6
Gamla landsvägen	Ringarum	27
Åtvidabergsvägen	Ringarum	11
Lybecksvägen	Ringarum	5
Kapellvägen	Ringarum	4
Fridhemsvägen	Ringarum	3
Höjdvägen	Ringarum	3
Kvarnvägen	Ringarum	3
Kyrkvägen	Ringarum	3
Kyrkängsvägen	Ringarum	3
Mejerivägen	Ringarum	3
Byholmsvägen	Rinkaby	22
Madenvägen	Rinkaby	12
Leiferts väg	Rinkaby	11
Brötavägen	Rinkaby	10
Furulundsvägen	Rinkaby	10
Kvarnnäsvägen	Rinkaby	10
Krunegårdsvägen	Rinkaby	9
Åhusvägen	Rinkaby	9
Örkullevägen	Rinkaby	9
Grylleängsvägen	Rinkaby	8
Hamnvägen	Risögrund	18
Skolvägen	Risögrund	13
Slussvägen	Risögrund	11
Strandvägen	Risögrund	11
Bruksgatan	Risögrund	8
Dalvägen	Risögrund	8
Erikörvägen	Risögrund	7
Lill Norgrens backe	Risögrund	7
Geviksvägen	Risögrund	6
Skogsvägen	Risögrund	6
Herrgårdsvägen	Robertsfors	12
Inre Ringvägen	Robertsfors	12
Yttre ringvägen	Robertsfors	11
Jenningsgatan	Robertsfors	9
Strandvägen	Robertsfors	8
Stantorsgatan	Robertsfors	7
Aseavägen	Robertsfors	6
Ekenstamsvägen	Robertsfors	6
Forsvägen	Robertsfors	6
Kyrkvägen	Robertsfors	6
Äspelundsvägen	Rockneby	16
Gamla Revsuddevägen	Rockneby	11
Hultsbygatan	Rockneby	11
Åsagatan	Rockneby	11
Änggärdesvägen	Rockneby	9
Åbygatan	Rockneby	9
Nils Holgerssons väg	Rockneby	8
Mogatan	Rockneby	7
Ryssbyvägen	Rockneby	7
Stråkvägen	Rockneby	7
Roknäsvägen	Roknäs	34
Lillpitevägen	Roknäs	14
Persöbyvägen	Roknäs	12
Flygfältsvägen	Roknäs	9
Gamla Sjulnäsvägen	Roknäs	9
Peruddvägen	Roknäs	8
Ryggskatavägen	Roknäs	7
Infjärdenvägen	Roknäs	6
Kuskvägen	Roknäs	6
Soldattorpsvägen	Roknäs	6
Mårtens väg	Rolfstorp	8
Per Lars väg	Rolfstorp	6
Håkantorpsvägen	Rolfstorp	5
Gamlens väg	Rolfstorp	4
Källängsvägen	Rolfstorp	4
Magnus gränd	Rolfstorp	4
Möllers väg	Rolfstorp	4
Radiovägen	Rolfstorp	4
Grimåsvägen	Rolfstorp	3
Hagakullevägen	Rolfstorp	3
Visbyvägen	Romakloster	7
Hammargatan	Romakloster	6
Sockerparken	Romakloster	6
Lokstallsgatan	Romakloster	5
Skolgatan	Romakloster	5
Klostervägen	Romakloster	4
Kungsallén	Romakloster	4
Norrgårdagatan	Romakloster	4
Annexgatan	Romakloster	3
Björkstigen	Romakloster	3
Diserödsvägen	Romelanda	18
Olvonvägen	Romelanda	9
Prästvägen	Romelanda	9
Oxelvägen	Romelanda	7
Torpvägen	Romelanda	6
Rönnvägen	Romelanda	4
Almvägen	Romelanda	3
Hagtornsvägen	Romelanda	3
Skvaltvägen	Romelanda	3
Tyftervägen	Romelanda	3
Svaneviksvägen	Ronneby	23
Aklejavägen	Ronneby	22
Karlshamnsvägen	Ronneby	22
Kvarnahagsvägen	Ronneby	21
Sandviksvägen	Ronneby	21
Norra Nabbenvägen	Ronneby	20
Aspanvägen	Ronneby	19
Angelskogsvägen	Ronneby	16
Lindblomsvägen	Ronneby	16
Hjälmserydsvägen	Ronneby	15
Idrottsvägen	Rosenfors	5
Industrigatan	Rosenfors	5
Qvarnsövägen	Rosenfors	5
Ämmenäsvägen	Rosenfors	5
Häradsvägen	Rosenfors	4
Lillesjövägen	Rosenfors	4
Snickaregatan	Rosenfors	4
Bruksgatan	Rosenfors	3
Järnvägsgatan	Rosenfors	3
Blåsippevägen	Rosenfors	2
Norrsundavägen	Rosersberg	25
Rosersbergsvägen	Rosersberg	18
Kungsvägen	Rosersberg	15
Verkavägen	Rosersberg	15
Metallvägen	Rosersberg	14
Tallbacksgatan	Rosersberg	14
Skansvägen	Rosersberg	13
Slottsvägen	Rosersberg	12
Vallstanäsvägen	Rosersberg	12
Åkervägen	Rosersberg	12
Hotingsvägen	Rossön	22
Backevägen	Rossön	8
Vangenvägen	Rossön	3
Allévägen	Rossön	2
Hällnäsvägen	Rossön	2
Kulvägen	Rossön	2
Näsvägen	Rossön	2
Ringvägen	Rossön	2
Stationsvägen	Rossön	2
Tjärnvägen	Rossön	2
Ängdalsrovägen	Rosvik	28
Svartskatavägen	Rosvik	24
Yttre Svartskataudden	Rosvik	24
Mörövägen	Rosvik	23
Alhamns södra strandväg	Rosvik	22
Sakrislundsvägen	Rosvik	21
Bäcktorpsvägen	Rosvik	20
Norra Trundövägen	Rosvik	20
Ostibyvägen	Rosvik	17
Rosåvägen	Rosvik	17
Löpanäsvägen	Rottne	20
Skogsvägen	Rottne	11
Jonsgårdsvägen	Rottne	10
Skansvägen	Rottne	10
Slussvägen	Rottne	10
Kopparvägen	Rottne	7
Bengtsgårdsvägen	Rottne	6
Gullebovägen	Rottne	6
Postvägen	Rottne	5
Smedsgårdsvägen	Rottne	5
Parkvägen	Rottneros	14
Egnahemsvägen	Rottneros	6
Öjerdalsvägen	Rottneros	5
Arnebyvägen	Rottneros	4
Kvarnvägen	Rottneros	4
Skolvägen	Rottneros	3
Rottnavägen	Rottneros	2
Bergvägen	Rottneros	1
Ekebyvallen	Rottneros	1
Frykenvägen	Rottneros	1
Långrovägen	Rundvik	34
Storängsvägen	Rundvik	29
Skolgatan	Rundvik	12
Masonitevägen	Rundvik	10
Bergsvägen	Rundvik	9
Strandvägen	Rundvik	8
Genvägen	Rundvik	6
Postgatan	Rundvik	6
Södergatan	Rundvik	5
Manhemsvägen	Rundvik	4
Enåkersvägen	Runhällen	5
Flintvägen	Runhällen	3
Kalkstensvägen	Runhällen	3
Lundviksvägen	Runhällen	3
Skiffervägen	Runhällen	3
Dolomitvägen	Runhällen	2
Fältspatsvägen	Runhällen	2
Glimmervägen	Runhällen	2
Granitvägen	Runhällen	2
Kiselvägen	Runhällen	2
Svarthöjdsvägen	Runmarö	14
Fjällsviksvägen	Runmarö	11
Tranviksvägen	Runmarö	11
Djurö Byväg	Runmarö	9
Högmalmsvägen	Runmarö	9
Kölängsvägen	Runmarö	8
Lillgärdsvägen	Runmarö	8
Storholmsslingan	Runmarö	8
Hummelmoravägen	Runmarö	7
Kallviksvägen	Runmarö	7
Solvägen	Rusksele	7
Vindelälvsvägen	Rusksele	5
Åsvägen	Rusksele	4
Strandvägen	Rusksele	3
Allévägen	Rusksele	1
Backvägen	Rusksele	1
Björkvallavägen	Rusksele	1
Brinkvägen	Rusksele	1
Kvarnåsen Åsvägen	Rusksele	1
Månvägen	Rusksele	1
Idekullavägen	Ryd	14
Brunnsgatan	Ryd	10
Trojagatan	Ryd	9
Hjorthyltevägen	Ryd	8
Värendsgatan	Ryd	8
Farabolsvägen	Ryd	7
Fridaforsvägen	Ryd	7
Ringvägen	Ryd	6
Skogsgatan	Ryd	6
Stamvägen	Ryd	6
Västra Storgatan	Rydaholm	13
Sveavägen	Rydaholm	7
Östra Storgatan	Rydaholm	7
Ängsgatan	Rydaholm	6
Järnvägsgatan	Rydaholm	4
Stallagårdsvägen	Rydaholm	4
Alvestavägen	Rydaholm	3
Dahlgrens väg	Rydaholm	3
Folkparksvägen	Rydaholm	3
Hagagatan	Rydaholm	3
Forsvägen	Rydal	8
Strömvägen	Rydal	5
Brovägen	Rydal	4
Dammvägen	Rydal	4
Svalvägen	Rydal	4
Dammskogsvägen	Rydal	3
Klämmesvägen	Rydal	3
Björktrastvägen	Rydal	2
Enebacksvägen	Rydal	2
Hemvägen	Rydal	2
Funningevägen	Rydboholm	16
Rydbovägen	Rydboholm	16
Nordgårdsvägen	Rydboholm	15
Södra vägen	Rydboholm	9
Egnahemsvägen	Rydboholm	8
Varbergsvägen	Rydboholm	8
Fagersbergsvägen	Rydboholm	7
Ryavägen	Rydboholm	6
Skansenvägen	Rydboholm	6
Viksvägen	Rydboholm	6
Utögatan	Rydebäck	24
Landskronavägen	Rydebäck	19
Vindögatan	Rydebäck	19
Kryddgatan	Rydebäck	14
Värmdögatan	Rydebäck	14
Ytterövägen	Rydebäck	14
Tjärögatan	Rydebäck	13
Örbyvägen	Rydebäck	13
Fortunavägen	Rydebäck	12
Vässarögatan	Rydebäck	10
Norra Örsjövägen	Rydsgård	9
Ryngevägen	Rydsgård	9
Tjugosexevägen	Rydsgård	9
Malmövägen	Rydsgård	7
Snårestadsvägen	Rydsgård	7
Västergatan	Rydsgård	7
Ensligheten	Rydsgård	6
Gamla Lundavägen	Rydsgård	6
Lögshögsvägen	Rydsgård	6
Prostens väg	Rydsgård	6
Nissadalsvägen	Rydöbruk	7
Rydöforsvägen	Rydöbruk	7
Idrottsvägen	Rydöbruk	5
Glassbovägen	Rydöbruk	4
Allén	Rydöbruk	3
Borgenvägen	Rydöbruk	3
Bäckgatan	Rydöbruk	3
Ekgatan	Rydöbruk	3
Gamla Skolgatan	Rydöbruk	3
Nissastigen	Rydöbruk	3
Ekgatan	Ryssby	15
Kungsvägen	Ryssby	8
Östrabygatan	Ryssby	8
Pilvägen	Ryssby	7
Storgatan	Ryssby	6
Stationsvägen	Ryssby	5
Tunagatan	Ryssby	5
Eklidsgatan	Ryssby	4
Klockaregårdsgatan	Ryssby	4
Kyrkogatan	Ryssby	4
Sjövägen	Rätan	10
Åsenvägen	Rätan	10
Thunellvägen	Rätan	7
Olle Pers väg	Rätan	6
Sågbäcksvägen	Rätan	5
Anders Pers väg	Rätan	2
Movägen	Rätan	2
Postvägen	Rätan	2
Källbacksvägen	Rätan	1
Norsvägen	Rätan	1
Riksvägen	Rättvik	33
Nedre Gärdsjö landsväg	Rättvik	31
Faluvägen	Rättvik	20
Kvarngatan	Rättvik	19
Övre Gärdsjö landsväg	Rättvik	19
Utby Gamla landsvägen	Rättvik	18
Slalomvägen	Rättvik	15
Gärdebygatan	Rättvik	14
Vidablicksvägen	Rättvik	14
Backavägen	Rättvik	13
Ballasjövägen	Rävlanda	13
Forsavägen	Rävlanda	11
Åvägen	Rävlanda	10
Assargårdsvägen	Rävlanda	9
Björkelidsvägen	Rävlanda	9
Bryggerivägen	Rävlanda	9
Hindåsvägen	Rävlanda	8
Källängsvägen	Rävlanda	8
Sköndalsvägen	Rävlanda	8
Hedebergsvägen	Rävlanda	7
Risätersvägen	Råda	7
Solhagsvägen	Råda	7
Årosvägen	Råda	6
Brobacksvägen	Råda	4
Gästisvägen	Råda	3
Törevägen	Råda	2
Älvstigen	Råda	2
Badvägen	Råda	1
Granhultsvägen	Råda	1
Lillvägen	Råda	1
Mjöfjärden	Råneå	76
Sörnäsudden	Råneå	47
Sundsvägen	Råneå	25
Börjelsvägen	Råneå	21
Lövören	Råneå	21
Holmarvägen	Råneå	20
Jämtöavan	Råneå	18
Sörsidan	Råneå	18
Sundomsvägen	Råneå	17
Gussövägen	Råneå	16
Bygatan	Rångedala	16
Bytorpsgatan	Rångedala	7
Gretlandavägen	Rångedala	6
Åkerigatan	Rångedala	5
Varnumsvägen	Rångedala	4
Björkbackavägen	Rångedala	3
Hästskogatan	Rångedala	3
Järnvägsgatan	Rångedala	3
Krokgatan	Rångedala	3
Lidagatan	Rångedala	3
Starrhammarvägen	Rånäs	29
Abrahamsbyvägen	Rånäs	22
Långa bryggans väg	Rånäs	12
Mälbylundsvägen	Rånäs	10
Västra Rickeby	Rånäs	10
Fiskartorpsvägen	Rånäs	9
Forsaslingan	Rånäs	9
Grönlundsvägen	Rånäs	9
Långbrovägen	Rånäs	9
Sjöhagsvägen	Rånäs	9
Österleden	Råå	31
Rååvägen	Råå	18
Rusthållsgatan	Råå	12
Landskronavägen	Råå	11
Pålstorpsvägen	Råå	11
Kustgatan	Råå	10
Bärnstensgatan	Råå	9
Lybecksgatan	Råå	9
Styrbjörn starkes gata	Råå	9
Västindiegatan	Råå	9
Stöcksjö kustväg	Röbäck	57
Backenvägen	Röbäck	47
Stöcksjö södra byväg	Röbäck	31
Skravelsjövägen	Röbäck	30
Norra Travbanevägen	Röbäck	26
Rampljusallén	Röbäck	24
Vännäsvägen	Röbäck	24
Riksvägen	Röbäck	20
Bölevägen	Röbäck	16
Stöcksjö Åsarväg	Röbäck	15
Mörtövägen	Rödeby	26
Stationsvägen	Rödeby	17
Djäknemålavägen	Rödeby	16
Karlskronavägen	Rödeby	14
Biskopsbergsvägen	Rödeby	13
Björkerydsvägen	Rödeby	11
Johannesbergsvägen	Rödeby	10
Kättilsmålavägen	Rödeby	10
Rödebyekvägen	Rödeby	10
Granitvägen	Rödeby	9
Bruksgatan	Röfors	13
Muhrs väg	Röfors	12
Hjulåsvägen	Röfors	7
Askersundsvägen	Röfors	6
Nyhammarvägen	Röfors	5
Hammarsmedens väg	Röfors	4
Kärrstigen	Röfors	3
Mäster Wångbergs väg	Röfors	3
Blästervägen	Röfors	2
Endurovägen	Röfors	2
Dalshult Minkstigen	Röke	6
Ärtslingan	Röke	5
Dalshult Hjortstigen	Röke	3
Dalshult Björnstigen	Röke	1
Dalshult Rävstigen	Röke	1
Dalshult Vargstigen	Röke	1
Dalshult Älgstigen	Röke	1
Rimvägen	Röke	1
Brännevägen	Rökå	4
Jägarvägen	Rökå	3
Skogsvägen	Rökå	2
Skolvägen	Rökå	1
Örngatan	Rökå	1
Sandbäcksvägen	Rönninge	85
Rönningevägen	Rönninge	69
Fiskaruddsvägen	Rönninge	66
Svampstigen	Rönninge	60
Uttringevägen	Rönninge	50
Tallsätravägen	Rönninge	49
Lilldalsvägen	Rönninge	44
Garnuddsvägen	Rönninge	43
Kantarellstigen	Rönninge	42
Uttringe gårds väg	Rönninge	36
Kyrkvägen	Rönnäng	19
Hakefjordsvägen	Rönnäng	14
Kåreviksvägen	Rönnäng	10
Tuveslättsvägen	Rönnäng	9
Veberga	Rönnäng	9
Dalenvägen	Rönnäng	8
Hästskovägen	Rönnäng	6
Kvarnbackevägen	Rönnäng	6
Tegelbruksvägen	Rönnäng	6
Myrvägen	Rönnäng	5
Mörkretvägen	Rörbäcksnäs	47
Snövägen	Rörbäcksnäs	34
Starrbacksvägen	Rörbäcksnäs	27
Östomsjövägen	Rörbäcksnäs	26
Sundvägen	Rörbäcksnäs	18
Stötenvägen	Rörbäcksnäs	16
Granfjällsvägen	Rörbäcksnäs	14
Ranchen	Rörbäcksnäs	14
Stationsvägen	Rörbäcksnäs	13
Fuluälvsvägen	Rörbäcksnäs	12
Storgatan	Rörvik	16
Centralgatan	Rörvik	9
Norrgatan	Rörvik	8
Bygdegårdsgatan	Rörvik	5
Industrigatan	Rörvik	5
Nygatan	Rörvik	5
Strandgatan	Rörvik	5
Enegatan	Rörvik	4
Kyrkogatan	Rörvik	4
Daniel Nilsgatan	Rörvik	3
Apelviksvägen	Rörö	7
Bynsvägen	Rörö	7
Sörikringsvägen	Rörö	6
Liavägen	Rörö	5
Sörängsvägen	Rörö	5
Rammens väg	Rörö	4
Brinkevägen	Rörö	3
Korsskärsvägen	Rörö	3
Örnekullsvägen	Rörö	3
Ankarvägen	Rörö	2
Ljungavägen	Röstånga	15
Blinkarpsvägen	Röstånga	8
Annarp	Röstånga	7
Billingevägen	Röstånga	7
Skäralidsvägen	Röstånga	7
Björkebygget	Röstånga	5
Hagagatan	Röstånga	4
Odengatan	Röstånga	4
Västergatan	Röstånga	4
Backavägen	Röstånga	3
Finntorpsvägen	Sala	35
Ringgatan	Sala	35
Ekebyängsvägen	Sala	31
Måns-Olsvägen	Sala	19
Östra Tulegatan	Sala	19
Södra Esplanaden	Sala	17
Drottning Christinas väg	Sala	14
Fagerstavägen	Sala	14
Bronäsgatan	Sala	13
Gruvvägen	Sala	13
Sätravägen	Salbohed	20
Kopparbergsvägen	Salbohed	11
Soldatvägen	Salbohed	8
Urban Hjärnes väg	Salbohed	6
Kvarnbacksvägen	Salbohed	5
Furuvägen	Salbohed	3
Granvägen	Salbohed	3
Ladugårdsvägen	Salbohed	3
Salbovägen	Salbohed	3
Enebacksvägen	Salbohed	2
Sockenvägen	Saltsjö-Boo	39
Lövbergavägen	Saltsjö-Boo	32
Ormingeringen	Saltsjö-Boo	29
Södra Kungsvägen	Saltsjö-Boo	27
Värmdövägen	Saltsjö-Boo	25
Mensättravägen	Saltsjö-Boo	22
Boovägen	Saltsjö-Boo	20
Djurgårdsvägen	Saltsjö-Boo	18
Skurusundsvägen	Saltsjö-Boo	18
Hasseluddsvägen	Saltsjö-Boo	17
Värmdövägen	Saltsjö-Duvnäs	31
Gamla Landsvägen	Saltsjö-Duvnäs	28
Ektorpsvägen	Saltsjö-Duvnäs	20
Saltsjöbadsvägen	Saltsjö-Duvnäs	20
Duvnäsvägen	Saltsjö-Duvnäs	13
Hägervägen	Saltsjö-Duvnäs	11
Skurusundsvägen	Saltsjö-Duvnäs	11
Strandpromenaden	Saltsjö-Duvnäs	10
Älgvägen	Saltsjö-Duvnäs	10
Korsuddsvägen	Saltsjö-Duvnäs	9
Byvägen	Saltsjöbaden	23
Ringvägen	Saltsjöbaden	20
Stockholmsvägen	Saltsjöbaden	20
Freyvägen	Saltsjöbaden	18
Ekholmsvägen	Saltsjöbaden	17
Saltsjöpromenaden	Saltsjöbaden	16
Vikingavägen	Saltsjöbaden	16
Ljuskärrsvägen	Saltsjöbaden	15
Skogsövägen	Saltsjöbaden	15
Älgövägen	Saltsjöbaden	15
Strandvägen	Sandared	22
Råddehultsvägen	Sandared	16
Boråsvägen	Sandared	13
Göteborgsvägen	Sandared	13
Sandaredsvägen	Sandared	13
Skolvägen	Sandared	13
Egnahemsvägen	Sandared	12
Lillsjövägen	Sandared	12
Lövåsvägen	Sandared	10
Stormgatan	Sandared	8
Kustvägen	Sandarne	42
Stenövägen	Sandarne	36
Sandövägen	Sandarne	15
Nyhedsvägen	Sandarne	14
Stålnäsvägen	Sandarne	11
Solbackavägen	Sandarne	10
Särvvägen	Sandarne	9
Bolagsvägen	Sandarne	8
Mässvägen	Sandarne	8
Bjälkgropsvägen	Sandarne	7
Trovillevägen	Sandhamn	4
Korsövägen	Sandhamn	3
Almagrundsvägen	Sandhamn	2
Harald Fyrbergs väg	Sandhamn	2
Havsvägen	Sandhamn	2
Kniphalsvägen	Sandhamn	2
Båkvägen	Sandhamn	1
Klippvägen	Sandhamn	1
Rönnuddsvägen	Sandhamn	1
Stråkenvägen	Sandhem	13
Villagatan	Sandhem	8
Lyckåsvägen	Sandhem	7
Falköpingsvägen	Sandhem	6
Ryttarevägen	Sandhem	6
Kaspers väg	Sandhem	5
Skolvägen	Sandhem	5
Mariebergsvägen	Sandhem	4
Stationsvägen	Sandhem	4
Dahls väg	Sandhem	3
Alingsåsvägen	Sandhult	11
Björkängsvägen	Sandhult	8
Blåklintsvägen	Sandhult	4
Konvaljvägen	Sandhult	4
Kyrkebovägen	Sandhult	4
Kyrkängsvägen	Sandhult	4
Lejongapsvägen	Sandhult	4
Arnolds väg	Sandhult	3
Ekelövsvägen	Sandhult	3
Rönnvägen	Sandhult	3
Aspgatan	Sandsjöfors	4
Backstigen	Sandsjöfors	4
Lyckebovägen	Sandsjöfors	3
Yboholmsvägen	Sandsjöfors	3
Cecilias väg	Sandsjöfors	2
Uppsjövägen	Sandsjöfors	2
Björkhängevägen	Sandsjöfors	1
Futurumgatan	Sandsjöfors	1
Gransbovägen	Sandsjöfors	1
Gravyrgatan	Sandsjöfors	1
Sätragatan	Sandviken	35
Västerled	Sandviken	33
Fredriksgatan	Sandviken	29
Gävlevägen	Sandviken	29
Barrsätragatan	Sandviken	25
Mossvägen	Sandviken	20
Järbovägen	Sandviken	17
Vallhovsvägen	Sandviken	16
Bergsgatan	Sandviken	14
Kanalvägen	Sandviken	14
Hamnviksvägen	Sandöverken	13
Björknäsvägen	Sandöverken	9
Industrivägen	Sandöverken	8
Svanövägen	Sandöverken	7
Poppelvägen	Sandöverken	6
Öbacken	Sandöverken	6
Bergomsvägen	Sandöverken	5
Bruksbacken	Sandöverken	5
Frånövägen	Sandöverken	5
Tvättvägen	Sandöverken	5
Grynnvägen	Sangis	11
Säivis byavägen	Sangis	9
Gamlavägen	Sangis	7
Lotvägen	Sangis	5
Älvvägen	Sangis	5
Björkforsvägen	Sangis	4
Hedvägen	Sangis	4
Kyrkvägen	Sangis	4
Villavägen	Sangis	4
Haparandavägen	Sangis	3
Ramsdalsvägen	Sankt Anna	14
Strömmenvägen	Sankt Anna	12
Hamnvägen	Sankt Anna	9
Gransjövägen	Sankt Anna	4
Bondhagsvägen	Sankt Anna	3
Hästhagsvägen	Sankt Anna	3
Lillskogsvägen	Sankt Anna	3
Sågvägen	Sankt Anna	3
Bäckvägen	Sankt Anna	2
Dalahagsvägen	Sankt Anna	2
Landsvägen	Sankt Ibb	11
Norreborgsvägen	Sankt Ibb	7
Lergravsvägen	Sankt Ibb	6
Kyrkvägen	Sankt Ibb	5
Tyska vägen	Sankt Ibb	5
Husviksvägen	Sankt Ibb	4
Nämndemansvägen	Sankt Ibb	4
Östanliden	Sankt Ibb	4
Cavlingavägen	Sankt Ibb	3
Fyrvägen	Sankt Ibb	3
S:t Olofsvägen	Sankt Olof	21
Rönnebrödsvägen	Sankt Olof	20
Ljunglyckevägen	Sankt Olof	15
Gyllebo ringväg	Sankt Olof	12
Vitebrovägen	Sankt Olof	12
Bästekille backar	Sankt Olof	11
Snapparpsvägen	Sankt Olof	9
Älmhultsvägen	Sankt Olof	9
Hasselbackavägen	Sankt Olof	8
Lerbergstorpsvägen	Sankt Olof	8
Morhagsvägen	Saxdalen	34
Botåkersvägen	Saxdalen	33
Mässanvägen	Saxdalen	31
Norrbovägen	Saxdalen	28
Saxenvägen	Saxdalen	28
Forstäppsvägen	Saxdalen	27
Väsmanvägen	Saxdalen	27
Snöklintsvägen	Saxdalen	26
Malbacksvägen	Saxdalen	25
Hyttvägen	Saxdalen	23
Stora Sällskapets väg	Segeltorp	80
Mickelsbergsvägen	Segeltorp	70
Ålgrytevägen	Segeltorp	69
Vita liljans väg	Segeltorp	64
Eksätravägen	Segeltorp	60
Gamla Södertäljevägen	Segeltorp	60
Häradsvägen	Segeltorp	58
Lilla Sällskapets väg	Segeltorp	56
Bredängs allé	Segeltorp	53
Segeltorpsvägen	Segeltorp	48
Svedjavägen	Segersta	15
Stora vägen	Segersta	10
Lundgrens väg	Segersta	7
Erk-Persvägen	Segersta	6
Bygatan	Segersta	5
Mårdnäsvägen	Segersta	5
Kyrkvägen	Segersta	4
Landavägen	Segersta	4
Älvvägen	Segersta	4
Djupavägen	Segersta	3
Skolgatan	Segmon	11
Fabriksgatan	Segmon	6
Kyrkebyns industriområde	Segmon	6
Edsgatan	Segmon	5
Parkgatan	Segmon	5
Budavägen	Segmon	4
Färjebacken	Segmon	4
Gamla vägen	Segmon	4
Knäppavägen	Segmon	4
Skogsvägen	Segmon	4
Oskarströmsvägen	Sennan	7
Sennans Mölleväg	Sennan	6
Stensvägen	Sennan	5
Glimmervägen	Sennan	4
Industrivägen	Sennan	4
Virshultsvägen	Sennan	4
Sennans Ängväg	Sennan	3
Santagårdsvägen	Sennan	2
Sennans Stationsväg	Sennan	2
Björkvägen	Sennan	1
Sandviksvägen	Seskarö	15
Fridhemsvägen	Seskarö	14
Aluddsvägen	Seskarö	13
Fiskarvägen	Seskarö	9
Henrikssons backe	Seskarö	8
Idrottsvägen	Seskarö	8
Strandvägen	Seskarö	6
Stabbläggarvägen	Seskarö	5
Tromsö norravägen	Seskarö	5
Insjövägen	Seskarö	4
Arnäsholmsvägen	Sexdrega	14
Sjöslättsvägen	Sexdrega	14
Ladubacksvägen	Sexdrega	10
Källeredsvägen	Sexdrega	7
Frisjövägen	Sexdrega	5
Lysjövägen	Sexdrega	5
Barrvägen	Sexdrega	4
Hallavägen	Sexdrega	4
Mårdvägen	Sexdrega	4
Renvägen	Sexdrega	4
Mjönäs uddeväg	Sibbhult	10
Färeköpsvägen	Sibbhult	9
Ringgatan	Sibbhult	9
Ågatan	Sibbhult	8
Möllegatan	Sibbhult	7
Ulvadalsvägen	Sibbhult	7
Källgatan	Sibbhult	6
Aspgatan	Sibbhult	5
Dammgatan	Sibbhult	5
Kanalgatan	Sibbhult	5
Forsbacken	Sidensjö	9
Spinnvägen	Sidensjö	5
Varpvägen	Sidensjö	5
Vävstolsvägen	Sidensjö	5
Angermannus väg	Sidensjö	4
Stryvägen	Sidensjö	4
Lärftvägen	Sidensjö	2
Skedvägen	Sidensjö	2
Skyttelvägen	Sidensjö	1
Ö-viksvägen	Sidensjö	1
Uppsalavägen	Sigtuna	26
Tilskogsvägen	Sigtuna	25
Killingevägen	Sigtuna	24
Stora gatan	Sigtuna	23
Slottsskogsleden	Sigtuna	22
Kyrkbyvägen	Sigtuna	20
Vallbyviksvägen	Sigtuna	20
Finnstaholmsvägen	Sigtuna	16
Prästängsvägen	Sigtuna	15
Sjöhagenvägen	Sigtuna	14
Backträskvägen	Sikfors	10
Nesvägen	Sikfors	10
Kastakavägen	Sikfors	9
Kockvägen	Sikfors	8
Sikforsvägen	Sikfors	7
Geta Pärs väg	Sikfors	5
Stationsvägen	Sikfors	5
Kaptensviken	Sikfors	4
Klockarträsk	Sikfors	3
Erik Jonscha väg	Sikfors	2
Lundbjörken Bygattu	Siljansnäs	12
Alvik Granbergsvägen	Siljansnäs	9
Buffils Annas väg	Siljansnäs	9
Källbacksgattu	Siljansnäs	9
Prästbacken	Siljansnäs	9
Gassarvet Overvägen	Siljansnäs	8
Hallgattu	Siljansnäs	8
Persbacksgattu	Siljansnäs	8
Tasbäck Mogattu	Siljansnäs	8
Västibygattu	Siljansnäs	8
Bruksallén	Silverdalen	14
Radhusvägen	Silverdalen	12
Parkvägen	Silverdalen	9
Centralgatan	Silverdalen	8
Storgatan	Silverdalen	7
Sågstugevägen	Silverdalen	7
Bruksgatan	Silverdalen	6
Karlavägen	Silverdalen	5
Mejerigatan	Silverdalen	5
Lillåvägen	Silverdalen	4
Stationsvägen	Simlångsdalen	10
Gläntan	Simlångsdalen	8
Trehörningsvägen	Simlångsdalen	8
Backens väg	Simlångsdalen	7
Gästgivarevägen	Simlångsdalen	7
Ödebacksvägen	Simlångsdalen	6
Brearedsvägen	Simlångsdalen	5
Matsgårdsvägen	Simlångsdalen	5
Svanåsvägen	Simlångsdalen	5
Gatelyckan	Simlångsdalen	4
Fabriksgatan	Simrishamn	18
Fredsdalsgatan	Simrishamn	18
Backgatan	Simrishamn	17
Branteviksvägen	Simrishamn	15
Bruksgatan	Simrishamn	14
Storgatan	Simrishamn	13
Yngve Östbergs väg	Simrishamn	12
Betgatan	Simrishamn	11
Allgatan	Simrishamn	10
Christian IV:s väg	Simrishamn	10
Klubbvägen	Sjulsmark	20
Norrsidvägen	Sjulsmark	18
Hollsvattnet	Sjulsmark	17
Klöverträsk byaväg	Sjulsmark	17
Smalbyvägen	Sjulsmark	17
Södra Bjursträsk	Sjulsmark	15
Brännträskvägen	Sjulsmark	14
Hälleströmsvägen	Sjulsmark	13
Jaktbergsvägen	Sjulsmark	13
Rosforsvägen	Sjulsmark	12
Danska vägen	Sjuntorp	22
Baggeryrsvägen	Sjuntorp	19
Vårhagavägen	Sjuntorp	19
Rämjevägen	Sjuntorp	18
Lilla Edsvägen	Sjuntorp	11
Trollhättevägen	Sjuntorp	11
Blackstorpsvägen	Sjuntorp	10
Gröndalvägen	Sjuntorp	10
Kyrkvägen	Sjuntorp	10
Torpavägen	Sjuntorp	10
Hampnäsvägen	Själevad	26
Brogatan	Själevad	25
Mycklingsvägen	Själevad	18
Svedjevägen	Själevad	17
Översjälavägen	Själevad	17
Målevägen	Själevad	16
Götavägen	Själevad	10
Gottnevägen	Själevad	9
Lomsjövägen	Själevad	9
Prästsundsvägen	Själevad	9
Orkidévägen	Sjöbo	19
Planteringsgatan	Sjöbo	18
Brytjärnsgatan	Sjöbo	16
Kaprifolvägen	Sjöbo	16
Fjällsippevägen	Sjöbo	15
Blåklockevägen	Sjöbo	13
Omma Byaväg	Sjöbo	13
Fältvägen	Sjöbo	12
Banvägen	Sjöbo	10
Björkvägen	Sjöbo	10
Göteborgsvägen	Sjömarken	38
Viaredsvägen	Sjömarken	38
Alingsåsvägen	Sjömarken	20
Lyckebovägen	Sjömarken	19
Företagsgatan	Sjömarken	15
Hästhovsvägen	Sjömarken	14
Alarevägen	Sjömarken	12
Ljungvägen	Sjömarken	12
Allmänna vägen	Sjömarken	11
Frälsegårdsgatan	Sjömarken	11
Källåsavägen	Sjötofta	5
Gryssnäsvägen	Sjötofta	3
Bygärdesvägen	Sjötofta	2
Sikvägen	Sjötofta	2
Sävshultsvägen	Sjötofta	2
Åvägen	Sjötofta	2
Abborrvägen	Sjötofta	1
Alfabetstigen	Sjötofta	1
Gäddvägen	Sjötofta	1
Mörtvägen	Sjötofta	1
Fiskare Pers väg	Sjötorp	10
Varvsvägen	Sjötorp	10
Sjöfallsvägen	Sjötorp	9
Kråkängsvägen	Sjötorp	7
Snipvägen	Sjötorp	7
Båtsmansvägen	Sjötorp	6
Österbacken	Sjötorp	6
Slussvägen	Sjötorp	5
Elfströms väg	Sjötorp	4
Folke Dahlbergs väg	Sjötorp	4
Simmenäsvägen	Sjövik	26
Lärketorpsvägen	Sjövik	22
Torstövägen	Sjövik	16
Wallers udde	Sjövik	14
Sörviksvägen	Sjövik	12
Östadsvägen	Sjövik	12
Rönnvägen	Sjövik	11
Tinnsjövägen	Sjövik	11
Krokavägen	Sjövik	10
Österängsvägen	Sjövik	10
Odenvägen	Skagersvik	7
Sjövägen	Skagersvik	7
Borgnäsvägen	Skagersvik	6
Fågelsångsvägen	Skagersvik	6
Långgatan	Skagersvik	5
Björkvägen	Skagersvik	3
Björtorpsvägen	Skagersvik	3
Granvägen	Skagersvik	3
Kapellgatan	Skagersvik	3
Lärkstigen	Skagersvik	3
Falsterbovägen	Skanör	27
Åldermannens gata	Skanör	19
Malmövägen	Skanör	16
Norra Sparvstyckevägen	Skanör	14
Slåttervägen	Skanör	14
Gässlingekroksvägen	Skanör	13
Mästers gata	Skanör	13
Plejelvägen	Skanör	13
Tröskevägen	Skanör	13
Lagmanshejdevägen	Skanör	12
Skaraborgsgatan	Skara	43
Linnégatan	Skara	22
Storsvängen	Skara	16
Smedstorpsgatan	Skara	15
Sven Hofsgatan	Skara	15
Brogårdsvägen	Skara	14
Härlundagatan	Skara	14
Vallgatan	Skara	13
Brunsbogatan	Skara	12
Hindsbogatan	Skara	12
Byälvsvägen	Skarpnäck	165
Flygfältsgatan	Skarpnäck	54
Emågatan	Skarpnäck	50
Rusthållarvägen	Skarpnäck	50
Tätorpsvägen	Skarpnäck	46
Gamla Tyresövägen	Skarpnäck	39
Svartågatan	Skarpnäck	38
Skarpnäcks Gårdsväg	Skarpnäck	34
Kapellslingan	Skarpnäck	31
Skarpnäcks Koloniväg	Skarpnäck	29
Skattkärrsvägen	Skattkärr	33
Edsgatevägen	Skattkärr	29
Steffens väg	Skattkärr	29
Långenäsvägen	Skattkärr	27
Sommargatan	Skattkärr	23
Välsviksleden	Skattkärr	21
Stormyrsvägen	Skattkärr	18
Diamantvägen	Skattkärr	13
Lungviksvägen	Skattkärr	13
Sjögatan	Skattkärr	13
Gillbergavägen	Skebobruk	30
Buddbolsvägen	Skebobruk	19
Storängsvägen	Skebobruk	19
Brobyvägen	Skebobruk	16
Järingevägen	Skebobruk	16
Ytternäsvägen	Skebobruk	14
Gribby byväg	Skebobruk	12
Harboholm	Skebobruk	12
Vidövägen	Skebobruk	12
Viks byväg	Skebobruk	11
Hjältsgårdsvägen	Skee	11
Beatebergsvägen	Skee	10
Grålösvägen	Skee	8
Stationsvägen	Skee	7
Trollemyrsvägen	Skee	7
Brämmenvägen	Skee	6
Kampegårdsvägen	Skee	5
Stenserödsvägen	Skee	5
Beatebergsgårdsvägen	Skee	4
Lillskogsvägen	Skee	4
Skepparvägen	Skelleftehamn	21
Industrivägen	Skelleftehamn	14
Ursviksgatan	Skelleftehamn	12
Skärvägen	Skelleftehamn	11
Vintergatan	Skelleftehamn	10
Strandvägen	Skelleftehamn	8
Myrängsvägen	Skelleftehamn	7
Näsuddsvägen	Skelleftehamn	7
Sävenäsvägen	Skelleftehamn	7
Auravägen	Skelleftehamn	6
Medlevägen	Skellefteå	52
Mycklevägen	Skellefteå	44
Takdroppsgatan	Skellefteå	31
Gymnasievägen	Skellefteå	30
Klockarbergsvägen	Skellefteå	29
Brännavägen	Skellefteå	26
Järnvägsleden	Skellefteå	26
Kanalgatan	Skellefteå	24
Tjärnvägen	Skellefteå	24
Risbergsgatan	Skellefteå	21
Varbergsvägen	Skene	30
Hedbovägen	Skene	20
Gamla Göteborgsvägen	Skene	17
Sjuhäradsgatan	Skene	17
Kajbergsvägen	Skene	16
Sjölyckevägen	Skene	14
Dansbergsvägen	Skene	10
Furulundsvägen	Skene	10
Hedgärdesvägen	Skene	10
Kvarnvägen	Skene	10
Dalviksvägen	Skephult	6
Vännebosjövägen	Skephult	3
Bärs lid	Skepplanda	19
Knuts väg	Skepplanda	10
Kvarnabovägen	Skepplanda	10
Långa gatan	Skepplanda	10
Östergårdsvägen	Skepplanda	8
Alehemsvägen	Skepplanda	7
Gisslabacken	Skepplanda	7
Skepplandavägen	Skepplanda	7
Fyrbyggarevägen	Skepplanda	6
Hultasjövägen	Skepplanda	6
Karlsrovägen	Skeppshult	7
Boarpsvägen	Skeppshult	6
Bruksgatan	Skeppshult	4
Hammarvägen	Skeppshult	4
Smedgatan	Skeppshult	4
Annehillsvägen	Skeppshult	3
Forsvägen	Skeppshult	3
Klockvägen	Skeppshult	3
Rehnvägen	Skeppshult	3
Rosenvägen	Skeppshult	3
Sturegatan	Skillingaryd	19
Östra Allégatan	Skillingaryd	17
Storgatan	Skillingaryd	14
Fabriksgatan	Skillingaryd	13
Far Anders väg	Skillingaryd	12
Smedjegatan	Skillingaryd	12
Skolgatan	Skillingaryd	10
Femkampsvägen	Skillingaryd	9
Ryttarns väg	Skillingaryd	9
Mogatan	Skillingaryd	8
Holmåkravägen	Skillinge	13
Hävdavägen	Skillinge	13
Kyhls strandväg	Skillinge	11
Tångvägen	Skillinge	10
Glimmingevägen	Skillinge	9
Pinntuvevägen	Skillinge	9
Kyhls Skogs väg	Skillinge	7
Oscar Ols väg	Skillinge	7
Stjärnevägen	Skillinge	7
Hagavägen	Skillinge	6
Fagerstavägen	Skinnskatteberg	14
Bergslagsvägen	Skinnskatteberg	12
Centralvägen	Skinnskatteberg	11
Köpingsvägen	Skinnskatteberg	9
Södra Ringvägen	Skinnskatteberg	8
Hyttvägen	Skinnskatteberg	7
Kolmilevägen	Skinnskatteberg	7
Östra Ringvägen	Skinnskatteberg	7
Herrgårdsvägen	Skinnskatteberg	6
Bergstigen	Skinnskatteberg	5
Kyrkvägen	Skivarp	12
Ängarödsvägen	Skivarp	9
Beddinge strandväg	Skivarp	8
Prästagårdsvägen	Skivarp	8
Ramsbovägen	Skivarp	8
Mariefältsvägen	Skivarp	7
Styrmansvägen	Skivarp	6
Banvallen	Skivarp	5
Jasminvägen	Skivarp	5
Krabbeholmsvägen	Skivarp	5
Mörmovägen	Skoghall	24
Hovlandavägen	Skoghall	17
Lunserudsvägen	Skoghall	14
Bruksgatan	Skoghall	10
Rösgärdsvägen	Skoghall	9
Djupsundsvägen	Skoghall	8
Göterstavägen	Skoghall	8
Karlavägen	Skoghall	8
Karlstadsvägen	Skoghall	8
Ringvägen	Skoghall	8
Rosenforsvägen	Skogstorp	19
Falkvägen	Skogstorp	13
Flugmötesvägen	Skogstorp	12
Borsöknavägen	Skogstorp	9
Dragonvägen	Skogstorp	9
Faskungevägen	Skogstorp	8
Malvavägen	Skogstorp	8
Närsjövägen	Skogstorp	8
Svanvägen	Skogstorp	8
Grönfinkvägen	Skogstorp	7
Vendelsövägen	Skogås	85
Rapsodivägen	Skogås	62
Storvretsvägen	Skogås	58
Rondovägen	Skogås	52
Kumla allé	Skogås	50
Fornuddsvägen	Skogås	45
Önskegången	Skogås	45
Gamla Nynäsvägen	Skogås	42
Balettvägen	Skogås	35
Loftvägen	Skogås	31
Antes väg	Skorped	8
Skorpedsvägen	Skorped	7
Kåkstadsvägen	Skorped	5
Nordanåvägen	Skorped	5
Parallellvägen	Skorped	5
Faktorsvägen	Skorped	4
Källvägen	Skorped	4
Arons väg	Skorped	3
Hoppmans väg	Skorped	2
Frontvägen	Skorped	1
Hedhusvägen	Skottorp	34
Allarpsvägen	Skottorp	33
Midgårdsvägen	Skottorp	31
Fäladsvägen	Skottorp	21
Bifrostvägen	Skottorp	18
Strandvägen	Skottorp	17
Valhallavägen	Skottorp	16
Norra vägen	Skottorp	14
Odens väg	Skottorp	13
Stora Strandvägen	Skottorp	12
Östra Infarten	Skruv	11
Åbrovägen	Skruv	10
Södra järnvägsgatan	Skruv	7
Kronparksvägen	Skruv	5
Gamla vägen	Skruv	4
Kyllevägen	Skruv	4
Lagervägen	Skruv	4
Parkvägen	Skruv	4
Mejerigatan	Skruv	3
Skolvägen	Skruv	3
Vallonvägen	Skultuna	25
Skästa byväg	Skultuna	19
Tibblevägen	Skultuna	18
Bruksgatan	Skultuna	13
Kalkstensvägen	Skultuna	12
Åkestavägen	Skultuna	12
Karl IX:s Väg	Skultuna	11
Mäster Jacobs väg	Skultuna	9
Björkängsvägen	Skultuna	8
Höstvägen	Skultuna	8
Rågångsvägen	Skummeslövsstrand	14
Strandridarevägen	Skummeslövsstrand	13
Berndtssons väg	Skummeslövsstrand	12
Södra Kustvägen	Skummeslövsstrand	12
Fiskaregatan	Skummeslövsstrand	10
Tallsätravägen	Skummeslövsstrand	10
Ejdervägen	Skummeslövsstrand	9
Svarvareskogsvägen	Skummeslövsstrand	8
Barrvägen	Skummeslövsstrand	7
Kustvägen	Skummeslövsstrand	7
Ringduvevägen	Skurup	22
Tulesholmsgatan	Skurup	14
Västergatan	Skurup	14
Föreningsgatan	Skurup	12
Saritslövsvägen	Skurup	12
Fabriksgatan	Skurup	11
Hyltaskogsvägen	Skurup	11
Rödhakevägen	Skurup	10
Jörgensgatan	Skurup	8
Prästgatan	Skurup	8
Långgatan	Skutskär	32
Kopphusvägen	Skutskär	16
Gävlevägen	Skutskär	15
Lindsängsvägen	Skutskär	15
Harnäsgatan	Skutskär	14
Centralgatan	Skutskär	12
Kolarvägen	Skutskär	9
Nabbenvägen	Skutskär	9
Nygatan	Skutskär	9
Stenvretsvägen	Skutskär	9
Knypplanvägen	Skyttorp	14
Snickar-Anders väg	Skyttorp	9
Kungstomtsvägen	Skyttorp	6
Moränvägen	Skyttorp	5
Myrvägen	Skyttorp	5
Brädgårdsvägen	Skyttorp	4
Gullsjövägen	Skyttorp	4
Spåntvägen	Skyttorp	3
Vallmovägen	Skyttorp	3
Bodavägen	Skyttorp	2
Köpmansvägen	Skällinge	9
Idrottsvägen	Skällinge	7
Vintervägen	Skällinge	7
Jytens väg	Skällinge	5
Lyngåsvägen	Skällinge	5
Månvägen	Skällinge	4
Vinkelvägen	Skällinge	4
Asplundavägen	Skällinge	3
Heimdalsvägen	Skällinge	3
Nösslingevägen	Skällinge	3
Ekensberg	Skälvik	9
Solviksvägen	Skälvik	6
Holmsängsvägen	Skälvik	4
Hummeldalsvägen	Skälvik	4
Tomtebergavägen	Skälvik	4
Lövskärsvägen	Skälvik	3
Minkvägen	Skälvik	3
Solviksslingan	Skälvik	3
Edöhillvägen	Skälvik	2
Långvägen	Skälvik	2
Nunnestigen	Skänninge	17
Vadstenagatan	Skänninge	15
Linköpingsgatan	Skänninge	14
Axstadvägen	Skänninge	10
Borggatan	Skänninge	9
Curmansvägen	Skänninge	9
Birger Jarls väg	Skänninge	7
Bjälbogatan	Skänninge	7
Munkagatan	Skänninge	7
Stora Vallgatan	Skänninge	7
Sågvägen	Skärblacka	20
Vickelbyvägen	Skärblacka	19
Restadsvägen	Skärblacka	14
Veteklintvägen	Skärblacka	13
Bäckalundsvägen	Skärblacka	12
Skogängsvägen	Skärblacka	12
Prästgårdsvägen	Skärblacka	10
Enbackevägen	Skärblacka	9
Frälsegårdsvägen	Skärblacka	9
Kimstadsvägen	Skärblacka	9
Hamngatan	Skärhamn	19
Nötsätersvägen	Skärhamn	17
Postvägen	Skärhamn	11
Kroksdalsliden	Skärhamn	9
Gunnersviken	Skärhamn	8
Kroksdalsvägen	Skärhamn	8
Källstången	Skärhamn	8
Lönneskogen	Skärhamn	7
Ängvägen	Skärhamn	5
Korsvägen	Skärhamn	4
Ekholmsvägen	Skärholmen	156
Vårbergsvägen	Skärholmen	79
Idholmsvägen	Skärholmen	54
Skärholmsvägen	Skärholmen	52
Stävholmsgränd	Skärholmen	46
Smistavägen	Skärholmen	44
Vårholmsbackarna	Skärholmen	42
Lindholmsbacken	Skärholmen	41
Duvholmsgränd	Skärholmen	34
Varpholmsgränd	Skärholmen	30
Ol-Anders väg	Skärplinge	11
Skärmarbovägen	Skärplinge	11
Sätravägen	Skärplinge	11
Valnäsvägen	Skärplinge	11
Gällbovägen	Skärplinge	10
Tierpsvägen	Skärplinge	10
Hållnäsvägen	Skärplinge	7
Nya Malnvägen	Skärplinge	7
Sällvassvägen	Skärplinge	6
Lillgärdsvägen	Skärplinge	5
Nyckelbyvägen	Skå	17
Mörbyvägen	Skå	13
Säby bryggväg	Skå	12
Fågelängsvägen	Skå	11
Skå kyrkväg	Skå	11
Tureholmsbacken	Skå	11
Tureholmsvägen	Skå	10
Skogbyvägen	Skå	9
Ekeby gårds väg	Skå	7
Färentunavägen	Skå	7
Gamla E4an	Skånes Fagerhult	11
Junexvägen	Skånes Fagerhult	9
Ringvägen	Skånes Fagerhult	6
Kungsvägen	Skånes Fagerhult	5
Norregatan	Skånes Fagerhult	5
Utsiktsgatan	Skånes Fagerhult	5
Byavägen	Skånes Fagerhult	4
Gerdagatan	Skånes Fagerhult	4
Clippervägen	Skånes Fagerhult	3
Esplanaden	Skånes Fagerhult	3
Brovägen	Skåpafors	7
Bodanevägen	Skåpafors	4
Hagenvägen	Skåpafors	4
Kapellvägen	Skåpafors	4
Mossvägen	Skåpafors	4
Villavägen	Skåpafors	4
Bruksvägen	Skåpafors	3
Gamla Åmålsvägen	Skåpafors	3
Herrgårdsvägen	Skåpafors	3
Ekbacksvägen	Skåpafors	2
Loviselundsvägen	Sköldinge	8
Sköldingevägen	Sköldinge	6
Landsvägsgatan	Sköldinge	5
Parkgatan	Sköldinge	5
Tegelvägen	Sköldinge	5
Ängsvägen	Sköldinge	5
Malmgatan	Sköldinge	4
Margretelundsvägen	Sköldinge	4
Ramstavägen	Sköldinge	4
Rosenbergsvägen	Sköldinge	4
Testavägen	Sköllersta	8
Klockarvägen	Sköllersta	7
Sockenvägen	Sköllersta	7
Kvarntorpsvägen	Sköllersta	6
Berghsugnsvägen	Sköllersta	5
Björkavägen	Sköllersta	5
Dalaskogsvägen	Sköllersta	5
Skolvägen	Sköllersta	5
Stationsvägen	Sköllersta	5
Ljungströmsvägen	Sköllersta	4
Perstorpsvägen	Sköndal	54
Sköndalsvägen	Sköndal	43
Orhemsvägen	Sköndal	36
Ågesta broväg	Sköndal	36
Östmarksgatan	Sköndal	29
Mårbackagatan	Sköndal	23
Arvikagatan	Sköndal	14
Klockelundsvägen	Sköndal	13
Nils Brincks Väg	Sköndal	13
Dalbobranten	Sköndal	12
Barkvägen	Skövde	75
Mjölmossevägen	Skövde	57
Fredriksbergsvägen	Skövde	54
Timmervägen	Skövde	52
Spånvägen	Skövde	48
Stenelidsvägen	Skövde	45
Lundenvägen	Skövde	44
Gröna vägen	Skövde	40
Nolhagavägen	Skövde	39
Vadsbovägen	Skövde	39
Norrsivägen	Slagnäs	2
Arjeplogsvägen	Slagnäs	1
Gamla Byvägen	Slagnäs	1
Gammvägen	Slagnäs	1
Racknäs	Slagnäs	1
Skeutik	Slagnäs	1
Storgatan	Slite	23
Gothem Asbrovägen	Slite	12
Lännavägen	Slite	10
Gothem Åminnevägen	Slite	9
Hellvi Hide Strandpromenad	Slite	9
Lärbrovägen	Slite	9
Strandvägen	Slite	9
Gothem Hammarbovägen	Slite	7
Hellvi Stengrindevägen	Slite	7
Östervallagatan	Slite	7
Strandgatan	Slottsbron	17
Ljunggatan	Slottsbron	16
Herrgårdsgatan	Slottsbron	12
Gamla vägen	Slottsbron	10
Dufvåsvägen	Slottsbron	9
Edsholmsgatan	Slottsbron	9
Floravägen	Slottsbron	6
Råbäcksgatan	Slottsbron	6
Stationsgatan	Slottsbron	6
Björknäsgatan	Slottsbron	5
Umnäs	Slussfors	31
Storgrova	Slussfors	23
Kittelparken	Slussfors	16
Vilhelmsväg	Slussfors	8
Borkalia	Slussfors	6
Stallbacken	Slussfors	6
Södra Dikanäsvägen	Slussfors	6
Dikanäsvägen	Slussfors	5
Gardvik	Slussfors	5
Frälsisvägen	Slussfors	4
Skogsvägen	Slutarp	9
Ödegårdsvägen	Slutarp	7
Tångavägen	Slutarp	6
Affärsgatan	Slutarp	4
Backagatan	Slutarp	4
Dalgatan	Slutarp	4
Industrigatan	Slutarp	4
Timotejvägen	Slutarp	4
Fastarpsgatan	Slutarp	3
Genvägen	Slutarp	3
Skällentorpsvägen	Slöinge	17
Långasandsvägen	Slöinge	13
Stenlösvägen	Slöinge	9
Bjärlyckevägen	Slöinge	8
Smårisvägen	Slöinge	8
Stationsgatan	Slöinge	8
Ullarpsvägen	Slöinge	8
Tångtäktsvägen	Slöinge	7
Asigevägen	Slöinge	6
Bertevägen	Slöinge	6
Markmans väg	Smedjebacken	20
Flatenbergsvägen	Smedjebacken	15
Högstensgatan	Smedjebacken	15
Kärrgruvsvägen	Smedjebacken	14
Stimmerbovägen	Smedjebacken	13
Malmgatan	Smedjebacken	12
Starbovägen	Smedjebacken	12
Uvbergsgatan	Smedjebacken	12
Alsings väg	Smedjebacken	11
Hovslagaregatan	Smedjebacken	11
Kanalgatan	Smedstorp	9
Per Lars väg	Smedstorp	5
Solvägen	Smedstorp	5
Kommunalgatan	Smedstorp	4
Lantmannavägen	Smedstorp	4
Pensionärsvägen	Smedstorp	4
Stationsvägen	Smedstorp	4
Stenbrottsvägen	Smedstorp	4
Bröderna Nilssons väg	Smedstorp	3
Frans Lindbergs väg	Smedstorp	3
Beddinge strandväg	Smygehamn	66
Smyge strandväg	Smygehamn	36
Östra Torps byaväg	Smygehamn	26
Modeshögsvägen	Smygehamn	14
Sjövägen	Smygehamn	13
Strandmarksvägen	Smygehamn	13
Granats väg	Smygehamn	12
Kantarellvägen	Smygehamn	11
Fågelvägen	Smygehamn	10
Lilla Beddinge kyrkväg	Smygehamn	9
Södra Långgatan	Smålandsstenar	17
Norra Nissastigen	Smålandsstenar	16
Hörsjögatan	Smålandsstenar	14
Torggatan	Smålandsstenar	13
Skolgatan	Smålandsstenar	12
Västra Järnvägsgatan	Smålandsstenar	12
Södra Nissastigen	Smålandsstenar	11
Äppelvägen	Smålandsstenar	11
Almgatan	Smålandsstenar	10
Malmgatan	Smålandsstenar	10
Midskeppsgatan	Smögen	11
Hotellgatan	Smögen	9
Brunnsgatan	Smögen	8
Hasselösundsvägen	Smögen	8
Klevenvägen	Smögen	8
Mellanbergsvägen	Smögen	7
Stolpegatan	Smögen	7
Kaptensgatan	Smögen	6
Parkgatan	Smögen	6
Glommebergsvägen	Smögen	5
Fritidsvägen	Solberg	5
Fjällvägen	Solberg	3
Fävägen	Solberg	3
Sörmyravägen	Solberg	3
Orrvinvägen	Solberg	2
Sagavägen	Solberg	2
Solbergsvägen	Solberg	2
Gammeltjärnvägen	Solberg	1
Holmenvägen	Solberg	1
Hässjevägen	Solberg	1
Nässjövägen	Solberga	9
Påskarpsvägen	Solberga	6
Annebergsvägen	Solberga	5
Stubbarpsvägen	Solberga	5
Lindhemsvägen	Solberga	3
Bokstigen	Solberga	2
Eksjövägen	Solberga	2
Västergatan	Solberga	2
Almstigen	Solberga	1
Alstigen	Solberga	1
Magravägen	Sollebrunn	32
Driveslättvägen	Sollebrunn	28
Anstorpsvägen	Sollebrunn	23
Torpvägen	Sollebrunn	21
Erskavägen	Sollebrunn	18
Jordalavägen	Sollebrunn	18
Mellbyvägen	Sollebrunn	18
Holmängsvägen	Sollebrunn	17
Hällnäsvägen	Sollebrunn	17
Gräfsnäsvägen	Sollebrunn	16
Storgatan	Sollefteå	31
Hågesta	Sollefteå	21
Gärdesgatan	Sollefteå	17
Norra Ådalsvägen	Sollefteå	17
Djupövägen	Sollefteå	16
Långgatan	Sollefteå	14
Söderleden	Sollefteå	14
Dalvägen	Sollefteå	11
Järnvägsgatan	Sollefteå	11
Skärvstavägen	Sollefteå	11
Skogshyddevägen	Sollenkroka Ö	10
Lövtorpsvägen	Sollenkroka Ö	9
Kanholmsviksvägen	Sollenkroka Ö	7
Lövsalsvägen	Sollenkroka Ö	7
Västernäsvägen	Sollenkroka Ö	7
Skarpö gårdsväg	Sollenkroka Ö	6
Vindö landsväg	Sollenkroka Ö	6
Hummelmoravägen	Sollenkroka Ö	5
Lövdalsvägen	Sollenkroka Ö	5
Sveduddsvägen	Sollenkroka Ö	4
Enköpingsvägen	Sollentuna	91
Sollentunavägen	Sollentuna	56
Landsnoravägen	Sollentuna	43
Folkungavägen	Sollentuna	38
Vibyvägen	Sollentuna	36
Norrvikenleden	Sollentuna	32
Kallhällsleden	Sollentuna	31
Lomvägen	Sollentuna	31
Fabriksvägen	Sollentuna	29
Edsviksvägen	Sollentuna	27
Bråmåbovägen	Sollerön	14
Utanmyravägen	Sollerön	14
Bengtsarvsvägen	Sollerön	11
Borstnäsvägen	Sollerön	11
Rothagevägen	Sollerön	11
Rödluvevägen	Sollerön	11
Ryssa bygata	Sollerön	9
Jugen Jons väg	Sollerön	8
Nesarvsvägen	Sollerön	8
Norbyvägen	Sollerön	8
Råsundavägen	Solna	47
Frösundaleden	Solna	39
Kolonnvägen	Solna	39
Huvudstagatan	Solna	36
Solnavägen	Solna	35
Armégatan	Solna	25
Erik Sandbergs gata	Solna	23
Gustav III:s boulevard	Solna	22
Ekelundsvägen	Solna	21
Södra Långgatan	Solna	20
Lugnavägen	Sommen	14
Höjdgatan	Sommen	12
Kungsvägen	Sommen	11
Grytbäcksvägen	Sommen	9
Allmänningsvägen	Sommen	8
Andersbo Harövägen	Sommen	8
Häradsgatan	Sommen	7
Kapellgatan	Sommen	6
Lindövägen	Sommen	6
Villängsvägen	Sommen	6
Östanåvägen	Sorsele	11
Stationsgatan	Sorsele	9
Jägargatan	Sorsele	8
Torggatan	Sorsele	8
Varggatan	Sorsele	7
Prästgatan	Sorsele	5
Skolgatan	Sorsele	5
Storgatan	Sorsele	5
Fjällgatan	Sorsele	4
Nygatan	Sorsele	4
Banksta	Sorunda	6
Källbergavägen	Sorunda	5
Lundavägen	Sorunda	3
Tärnslingan	Sorunda	3
Bäverstigen	Sorunda	2
Korpslingan	Sorunda	2
Muskövägen	Sorunda	2
Nynäsvägen	Sorunda	2
Plogfåran	Sorunda	2
Svärtings gata	Sorunda	2
Landsvägsgatan	Sparreholm	12
Nyköpingsvägen	Sparreholm	10
Strandvägen	Sparreholm	9
Dambrovägen	Sparreholm	6
Ekviksgatan	Sparreholm	6
Kramnäsvägen	Sparreholm	5
Lövåsvägen	Sparreholm	5
Nygatan	Sparreholm	5
Skarvnäsvägen	Sparreholm	5
Fabriksgatan	Sparreholm	4
Sparsörsvägen	Sparsör	15
Annerovägen	Sparsör	13
Rosenvägen	Sparsör	8
Hagenvägen	Sparsör	7
Kröklingsvägen	Sparsör	7
Hovalidsvägen	Sparsör	6
Lidavägen	Sparsör	6
Buxbomsvägen	Sparsör	5
Paradisvägen	Sparsör	5
Åsvägen	Sparsör	5
Halltorpsvägen	Spekeröd	14
Lövhammarsvägen	Spekeröd	12
Pressarevägen	Spekeröd	11
Bivägen	Spekeröd	9
Hallernaleden	Spekeröd	9
Havsörnsgatan	Spekeröd	9
Fråstorpsvägen	Spekeröd	8
Getingvägen	Spekeröd	8
Hakefjordsvägen	Spekeröd	6
Höjdlyckevägen	Spekeröd	6
Spånga kyrkväg	Spånga	93
Solhems hagväg	Spånga	90
Enköpingsvägen	Spånga	82
Spånga Stationsväg	Spånga	73
Barkarbyvägen	Spånga	72
Viksjöleden	Spånga	67
Tenstavägen	Spånga	57
Flygarvägen	Spånga	49
Rinkebysvängen	Spånga	44
Folkungavägen	Spånga	41
Knutsborg	Staffanstorp	32
Flintevångsvägen	Staffanstorp	30
Gullåkravägen	Staffanstorp	21
Nevisborg	Staffanstorp	20
Malmövägen	Staffanstorp	18
Ingvarshem	Staffanstorp	17
Gamla Dalbyvägen	Staffanstorp	15
Glasförgyllaren	Staffanstorp	14
Järnvägsgatan	Staffanstorp	14
Kvärlövsvägen	Staffanstorp	13
Husby ringväg	Stallarholmen	15
Dalkarlsvägen	Stallarholmen	8
Ekebergsvägen	Stallarholmen	8
Framnäsvägen	Stallarholmen	8
Haguddsvägen	Stallarholmen	8
Mariefredsvägen	Stallarholmen	8
Ringsöringen	Stallarholmen	8
Östavägen	Stallarholmen	8
Överselövägen	Stallarholmen	8
Husbyholmsvägen	Stallarholmen	7
Mjälenhöjden	Stavsjö	13
Liljedalsvägen	Stavsjö	10
Solbackavägen	Stavsjö	9
Delfinvägen	Stavsjö	8
Skattegårdsvägen	Stavsjö	8
Lövvägen	Stavsjö	7
Björkhagavägen	Stavsjö	6
Gäddvägen	Stavsjö	6
Hölmingevägen	Stavsjö	6
Rödingvägen	Stavsjö	6
Hölövägen	Stavsnäs	28
Storskogsvägen	Stavsnäs	14
Skäretvägen	Stavsnäs	9
Båtkroksvägen	Stavsnäs	8
Gammelbodavägen	Stavsnäs	8
Stavsnäsvägen	Stavsnäs	8
Österviksvägen	Stavsnäs	8
Söderuddsvägen	Stavsnäs	7
Barnviks Byväg	Stavsnäs	6
Lärkans väg	Stavsnäs	6
Gamla vägen	Stehag	9
Vestins väg	Stehag	9
Bäckaledsvägen	Stehag	5
Hasslerödsvägen	Stehag	5
Tånnebäcksvägen	Stehag	4
Vedelsvägen	Stehag	4
Gyabergsvägen	Stehag	3
Kungskillevägen	Stehag	3
Nygårdsvägen	Stehag	3
Värlingevägen	Stehag	3
Adelsö ringväg	Stenhamra	81
Marielundsvägen	Stenhamra	34
Lindbyvägen	Stenhamra	29
Söderströms väg	Stenhamra	20
Vallviksvägen	Stenhamra	18
Ekebyvägen	Stenhamra	17
Österåsvägen	Stenhamra	17
Alviksvägen	Stenhamra	16
Draknäsvägen	Stenhamra	15
Yttersta vägen	Stenhamra	13
Halmsjövägen	Steningehöjden	21
Pionjärvägen	Steningehöjden	19
Returvägen	Steningehöjden	19
Industrigatan	Steningehöjden	12
Cederströms slinga	Steningehöjden	10
Caravellegatan	Steningehöjden	8
Bristagatan	Steningehöjden	7
Torvmossevägen	Steningehöjden	7
Generatorgatan	Steningehöjden	5
Söderbyvägen	Steningehöjden	5
Slätthultsvägen	Stenkullen	35
Gråbovägen	Stenkullen	28
Ryggebolvägen	Stenkullen	25
Hunstugans hagväg	Stenkullen	23
Flylidenvägen	Stenkullen	21
Hällebergsvägen	Stenkullen	20
Hunstugans väg	Stenkullen	19
Stakebergsvägen	Stenkullen	19
Ryggebol byväg	Stenkullen	17
Tranbärsvägen	Stenkullen	16
Skarvsjöby	Stensele	49
Bjursvägen	Stensele	11
Byagatan	Stensele	5
Kapellvägen	Stensele	5
Långgatan	Stensele	5
Stationsvägen	Stensele	5
Gamla Vilhelminavägen	Stensele	4
Tornvägen	Stensele	4
Ängsgatan	Stensele	4
Lindahlsvägen	Stensele	3
Storgatan	Stenstorp	20
Piltagårdsgatan	Stenstorp	13
Högalidsgatan	Stenstorp	11
Järnvägsgatan	Stenstorp	9
Skaraborgsgatan	Stenstorp	6
Villagatan	Stenstorp	6
Von Döbelns väg	Stenstorp	6
Fjällgatan	Stenstorp	5
Kyrkvägen	Stenstorp	5
Lyckestigen	Stenstorp	5
Bäckmans väg	Stenungsund	19
Skomakarviksvägen	Stenungsund	16
Göteborgsvägen	Stenungsund	15
Högenorumsvägen	Stenungsund	15
Norra Övägen	Stenungsund	14
Strandplan	Stenungsund	14
Västergårdsvägen	Stenungsund	14
Ekbacken	Stenungsund	13
Industrivägen	Stenungsund	13
Parkers gård	Stenungsund	13
Vänersborgsvägen	Stigen	13
Stigevivägen	Stigen	9
Herrgårdsvägen	Stigen	6
Fabriksvägen	Stigen	5
Stampvägen	Stigen	5
Stiftelsevägen	Stigen	5
Sollidsvägen	Stigen	4
Skogsvägen	Stigen	3
Badvägen	Stigen	2
Högsätervägen	Stigen	2
Tängstavägen	Stigtomta	15
Bärbovägen	Stigtomta	14
Nykyrkavägen	Stigtomta	14
Skolvägen	Stigtomta	11
Hallavägen	Stigtomta	10
Gröna stigen	Stigtomta	7
Edstorpsvägen	Stigtomta	6
Elvägen	Stigtomta	6
Frubäcksvägen	Stigtomta	6
Fyrbyvägen	Stigtomta	6
Höjdvägen	Stjärnhov	7
Häggvägen	Stjärnhov	6
Käxlevägen	Stjärnhov	6
Dagavägen	Stjärnhov	5
Fasanvägen	Stjärnhov	5
Bergvägen	Stjärnhov	4
Kyrkvägen	Stjärnhov	4
Nässelstavägen	Stjärnhov	4
Källvägen	Stjärnhov	3
Mejerivägen	Stjärnhov	3
Torshyttevägen	Stjärnsund	10
Klackvägen	Stjärnsund	4
Sveas väg	Stjärnsund	4
Klostervägen	Stjärnsund	3
Stationsallén	Stjärnsund	3
Fridhemsvägen	Stjärnsund	2
Glada Kalles väg	Stjärnsund	2
Ladugårdsvägen	Stjärnsund	2
Möllers väg	Stjärnsund	2
Storviksvägen	Stjärnsund	2
Belevägen	Stoby	13
Mäster Olofs väg	Stoby	8
Stobyhusvägen	Stoby	7
Stjärnfallsvägen	Stoby	6
Hässleholmsvägen	Stoby	5
Mackgatan	Stoby	5
Sandbyvägen	Stoby	5
Stobyvägen	Stoby	5
Ekebacksvägen	Stoby	4
Gunnelebackevägen	Stoby	4
Strandvägen	Stocka	15
Sågvägen	Stocka	12
Bergstigen	Stocka	7
Rönnskär	Stocka	6
Vikarvägen	Stocka	5
Verksvägen	Stocka	4
Björkstigen	Stocka	3
Morängsvägen	Stocka	3
Vallvägen	Stocka	2
Falkstigen	Stocka	1
Lindarnas Väg	Stockamöllan	5
Enetorpsvägen	Stockamöllan	4
Wilhelm Sonessons väg	Stockamöllan	4
Rullebörsvägen	Stockamöllan	3
Gunnarödsvägen	Stockamöllan	2
Gustav snickares väg	Stockamöllan	2
Näktergalsstigen	Stockamöllan	2
Rönnemöllevägen	Stockamöllan	2
Smidarevägen	Stockamöllan	2
Svarvaregången	Stockamöllan	2
Vrigstadvägen	Stockaryd	9
Telegatan	Stockaryd	7
Gamla Hjälmserydsvägen	Stockaryd	6
Lövängsgatan	Stockaryd	6
Norregårdsgatan	Stockaryd	6
Skolgatan	Stockaryd	6
Bangårdsgatan	Stockaryd	5
Industrigatan	Stockaryd	5
Kanalvägen	Stockaryd	5
Björnebergsgatan	Stockaryd	4
Karlavägen	Stockholm	98
Valhallavägen	Stockholm	83
Birger Jarlsgatan	Stockholm	56
Linnégatan	Stockholm	46
Värtavägen	Stockholm	39
Erik Dahlbergsgatan	Stockholm	35
Drottninggatan	Stockholm	31
Hamngatan	Stockholm	30
Narvavägen	Stockholm	30
Mäster Samuelsgatan	Stockholm	26
Klarabergsviadukten	Stockholm-Globen	36
Hantverkargatan	Stockholm-Globen	33
Klarastrandsleden	Stockholm-Globen	27
Bolinders plan	Stockholm-Globen	16
Ludvigsbergsgatan	Stockholm-Globen	12
Söder Mälarstrand	Stockholm-Globen	9
Terminalslingan	Stockholm-Globen	9
Blekholmsgatan	Stockholm-Globen	8
Kungsbron	Stockholm-Globen	8
Kungsbro strand	Stockholm-Globen	7
Stora Skuggans väg	Stocksund	58
Frescativägen	Stocksund	52
Svante Arrhenius Väg	Stocksund	37
Roslagsvägen	Stocksund	36
Stockholmsvägen	Stocksund	29
Professorsslingan	Stocksund	23
Veit Wittrocks väg	Stocksund	22
Frescati Hagväg	Stocksund	21
Baron Rålambs väg	Stocksund	16
Lilla Skuggans väg	Stocksund	14
Gläntans väg	Stora Höga	28
Bergdalen	Stora Höga	22
Brålandsvägen	Stora Höga	22
Anråsvägen	Stora Höga	18
Slingan	Stora Höga	17
Vallenvägen	Stora Höga	16
Barnens byväg	Stora Höga	13
Långavägen	Stora Höga	13
Astors väg	Stora Höga	12
Stora vägen	Stora Höga	12
Stenkilsvägen	Stora Levene	7
Parkvägen	Stora Levene	5
Södra vägen	Stora Levene	5
Gröna vägen	Stora Levene	4
Håkantorpsvägen	Stora Levene	4
Varavägen	Stora Levene	4
Gästgivaregatan	Stora Levene	3
Ordensgatan	Stora Levene	3
Skaravägen	Stora Levene	3
Sågaregatan	Stora Levene	3
Lindövägen	Stora Mellösa	6
Tingstadsvägen	Stora Mellösa	5
Linåkersvägen	Stora Mellösa	4
Mällsavägen	Stora Mellösa	4
Almsvägen	Stora Mellösa	3
Kaplansvägen	Stora Mellösa	3
Karlsdalsvägen	Stora Mellösa	3
Katarinavägen	Stora Mellösa	3
Märtavägen	Stora Mellösa	3
Parkvägen	Stora Mellösa	3
Landa backe	Stora Skedvi	12
Villavägen	Stora Skedvi	8
Fridhemsvägen	Stora Skedvi	7
Landsvägen	Stora Skedvi	7
Färgerivägen	Stora Skedvi	6
Snirsvägen	Stora Skedvi	5
Vinkelvägen	Stora Skedvi	5
Dammenvägen	Stora Skedvi	4
Prästgårdsvägen	Stora Skedvi	4
Sockenvägen	Stora Skedvi	3
Västeråsvägen	Stora Sundby	39
Västerleden	Stora Sundby	20
Flackstavägen	Stora Sundby	18
Krongatan	Stora Sundby	14
Norrvallavägen	Stora Sundby	12
Närjeholmevägen	Stora Sundby	11
Mått Johanssons väg	Stora Sundby	8
Stensättarvägen	Stora Sundby	8
Åsbyvägen	Stora Sundby	8
Albertina Nyströms väg	Stora Sundby	7
Stattnäsvägen	Stora Vika	20
Bredlötsvägen	Stora Vika	19
Gumuddsvägen	Stora Vika	19
Hästnäsvägen	Stora Vika	13
Bondängsvägen	Stora Vika	12
Nabbenvägen	Stora Vika	12
Falkuddsvägen	Stora Vika	11
Grön väg Lindholmen	Stora Vika	11
Skärlinge byväg	Stora Vika	11
Toppvägen	Stora Vika	11
Ringvägen	Storebro	11
Strandvägen	Storebro	7
Tjänstemannagatan	Storebro	6
Björkslingan	Storebro	5
Idrottsplatsvägen	Storebro	5
Kvillbacken	Storebro	5
Sjövägen	Storebro	5
Uvebergsgatan	Storebro	5
Bruksgatan	Storebro	4
Klintgatan	Storebro	4
Lillforsvägen	Storfors	12
Östra vägen	Storfors	12
Bäckvägen	Storfors	10
Parkgatan	Storfors	10
Djupadalsgatan	Storfors	8
Smedbygatan	Storfors	8
Gärdesgatan	Storfors	7
Kyrkstensvägen	Storfors	7
Småstugevägen	Storfors	7
Stationsgatan	Storfors	7
Storvallsvägen	Storlien	13
Vintergatan	Storlien	9
Enafors Enabacken	Storlien	7
Snasahögarna Snasahögsvägen	Storlien	7
Bergtjärnskroken	Storlien	6
Björnklyftevägen	Storlien	6
Fjäll-lien	Storlien	6
Gamla Meteorologvägen	Storlien	5
Gråmyrvägen	Storlien	5
Kungens backe	Storlien	5
Vojmådalsvägen	Storseleby	4
Järjavägen	Storseleby	3
Skarvsjöby	Storseleby	1
Blå vägen	Storuman	15
Ringvägen	Storuman	9
Timotejvägen	Storuman	9
Höjdvägen	Storuman	8
Strandvägen	Storuman	8
Vallnäsvägen	Storuman	8
Skolgatan	Storuman	7
Materialvägen	Storuman	6
Lokgränd	Storuman	5
Stamvägen	Storuman	5
Brobyvägen	Storvik	27
Toretorpsvägen	Storvik	22
Korsåvägen	Storvik	20
Vallbyvägen	Storvik	17
Centralvägen	Storvik	13
Hyttmyravägen	Storvik	12
Koppartjärnsvägen	Storvik	12
Majorsgatan	Storvik	12
Näsbyvägen	Storvik	11
Ribacksvägen	Storvik	11
Skogsvallsvägen	Storvreta	25
Ärentunavägen	Storvreta	19
Gåvstavägen	Storvreta	16
Hasselvägen	Storvreta	14
Jan Eriks väg	Storvreta	13
Vretalundsvägen	Storvreta	13
Adolfsbergsvägen	Storvreta	11
Pomonavägen	Storvreta	11
Åskmolnsvägen	Storvreta	10
Vattgårdsvägen	Storvreta	9
Kopparbergsvägen	Storå	14
Parkvägen	Storå	8
Stråssavägen	Storå	8
Stationsvägen	Storå	7
Långåkersvägen	Storå	6
Industrivägen	Storå	5
Backvägen	Storå	4
Bärnstensvägen	Storå	4
Stripavägen	Storå	4
Åbolundsvägen	Storå	4
Eskilstunavägen	Strängnäs	30
Mariefredsvägen	Strängnäs	29
Kilenvägen	Strängnäs	27
Södertäljevägen	Strängnäs	24
Biskopskvarnsleden	Strängnäs	23
Finningevägen	Strängnäs	17
Brunnsvägen	Strängnäs	15
Oxhagsvägen	Strängnäs	14
Regementsgatan	Strängnäs	14
Bondegatan	Strängnäs	13
Industrivägen	Stråssa	18
Kårbergsvägen	Stråssa	12
Ramsbergsvägen	Stråssa	6
Skäftavägen	Stråssa	6
Lönnvägen	Stråssa	4
Ringvägen	Stråssa	4
Lövhagsvägen	Stråssa	3
Odalvägen	Stråssa	3
Bergvägen	Stråssa	2
Grindvägen	Stråssa	2
Kyrkvägen	Stråtjära	15
Gamla Gävlevägen	Stråtjära	8
Gamla Söderhamnsvägen	Stråtjära	8
Kallbäcksvägen	Stråtjära	6
Annelundsvägen	Stråtjära	3
Hagalundsvägen	Stråtjära	3
Trekantvägen	Stråtjära	3
Lötbacken	Stråtjära	2
Sandvägen	Stråtjära	2
Villavägen	Stråtjära	2
Hudiksvallsvägen	Strömsbruk	14
Rönnskärsvägen	Strömsbruk	12
Ringvägen	Strömsbruk	11
Storsandsvägen	Strömsbruk	10
Källvägen	Strömsbruk	7
Granvägen	Strömsbruk	6
Lakbäcksvägen	Strömsbruk	6
Solbergsvägen	Strömsbruk	6
Harmångersvägen	Strömsbruk	5
Röstensvägen	Strömsbruk	5
Ladugårdsvägen	Strömsholm	16
Äggebyvägen	Strömsholm	16
Sofielundsvägen	Strömsholm	13
Clas Thotts väg	Strömsholm	9
Spruthusbacken	Strömsholm	9
Djursjukhusvägen	Strömsholm	8
Oskarsborgsvägen	Strömsholm	8
Svallings väg	Strömsholm	8
Västeråsvägen	Strömsholm	7
Dr Netzels väg	Strömsholm	6
Lagastigsgatan	Strömsnäsbruk	28
Mjärydsvägen	Strömsnäsbruk	15
Sunnerbogatan	Strömsnäsbruk	14
Rishultsvägen	Strömsnäsbruk	13
Wennerbergsgatan	Strömsnäsbruk	13
Järnvägsgatan	Strömsnäsbruk	11
Kronobergsgatan	Strömsnäsbruk	11
Klintavägen	Strömsnäsbruk	9
Fågelvägen	Strömsnäsbruk	8
Idrottsvägen	Strömsnäsbruk	8
Uddevallavägen	Strömstad	29
Björnängsvägen	Strömstad	24
Båtviksvägen	Strömstad	23
Ringvägen	Strömstad	22
Karlsgatan	Strömstad	21
Lökholmsvägen	Strömstad	17
Stensviksvägen	Strömstad	17
Krossekärrsvägen	Strömstad	16
Monelidsvägen	Strömstad	16
Oslovägen	Strömstad	16
Strömsvägen	Strömsund	13
Storgatan	Strömsund	12
Bredgårdsgatan	Strömsund	11
Byvägen	Strömsund	11
Blomstervägen	Strömsund	10
Lövbergavägen	Strömsund	10
Vallgatan	Strömsund	10
Öhnvägen	Strömsund	10
Alanäsvägen	Strömsund	9
Kaflovägen	Strömsund	9
Varalövsvägen	Strövelstorp	9
Diamantvägen	Strövelstorp	8
Falcks väg	Strövelstorp	7
Helsingborgsvägen	Strövelstorp	7
Kaprifolvägen	Strövelstorp	7
Klockarvägen	Strövelstorp	7
Furuvägen	Strövelstorp	6
Briljantvägen	Strövelstorp	5
Kristallvägen	Strövelstorp	5
Bärnstensvägen	Strövelstorp	4
Köttsjön	Stugun	12
Fredrikslundsvägen	Stugun	11
Gramyrvägen	Stugun	9
Stuguvägen	Stugun	7
Klockar Mildes väg	Stugun	5
Oppstuvägen	Stugun	5
Åtevägen	Stugun	5
Öståkervägen	Stugun	5
Industrivägen	Stugun	4
Orrvägen	Stugun	4
Kvinnebyvägen	Sturefors	29
Hjulsbrovägen	Sturefors	27
Ivar Samuelssons gata	Sturefors	26
Brokindsleden	Sturefors	20
Hjortronvägen	Sturefors	18
Mårsängsvägen	Sturefors	18
Blåeldsbågen	Sturefors	17
Lövsbergsvägen	Sturefors	17
Skvattramsvägen	Sturefors	15
Grebovägen	Sturefors	13
Ekenäsvägen	Sturkö	24
Svärmhallsvägen	Sturkö	23
Båtsmansvägen	Sturkö	18
Kyrkvägen	Sturkö	17
Sturkövägen	Sturkö	16
Kullavägen	Sturkö	15
Tockatorpsvägen	Sturkö	15
Frans väg	Sturkö	13
Kronovägen	Sturkö	13
Vintervägen	Sturkö	13
Bönhusbacken	Ställdalen	18
Ställbergsvägen	Ställdalen	17
Svartviksvägen	Ställdalen	17
Dunderbovägen	Ställdalen	11
Skolvägen	Ställdalen	11
Gruvvägen	Ställdalen	10
Granvägen	Ställdalen	9
Idrottsvägen	Ställdalen	9
Sanduddsvägen	Ställdalen	8
Gamla vägen	Ställdalen	7
Östanåvägen	Stöde	26
Norromängsvägen	Stöde	25
Edebyvägen	Stöde	18
Kärvstavägen	Stöde	10
Västra Edebovägen	Stöde	10
Östra Edebovägen	Stöde	10
Näckrosvägen	Stöde	9
Fanbyvägen	Stöde	8
Överedevägen	Stöde	8
Gullvivevägen	Stöde	7
Kyrkvägen	Stöllet	13
Halgåvägen	Stöllet	10
Gamla vägen	Stöllet	6
Gästisvägen	Stöllet	4
Södra Villavägen	Stöllet	4
Älvuddsvägen	Stöllet	4
Bankvägen	Stöllet	3
Klarastrandsvägen	Stöllet	3
Granvägen	Stöllet	2
Lindvägen	Stöllet	2
Tulegatan	Sundbyberg	38
Ursviksvägen	Sundbyberg	37
Järva skjutbaneväg	Sundbyberg	36
Landsvägen	Sundbyberg	34
Pippi Långstrumps gata	Sundbyberg	28
Adolfsbergsvägen	Sundbyberg	26
Tappvägen	Sundbyberg	24
Järnvägsgatan	Sundbyberg	23
Alpvägen	Sundbyberg	21
Rissneleden	Sundbyberg	20
Norra vägen	Sundsbruk	37
Gesällvägen	Sundsbruk	20
Timmervägen	Sundsbruk	20
Klökanvägen	Sundsbruk	13
Skönviksvägen	Sundsbruk	11
Antennvägen	Sundsbruk	10
Johannedalsvägen	Sundsbruk	10
Rovfågelsvägen	Sundsbruk	10
Fillanvägen	Sundsbruk	9
Ljustavägen	Sundsbruk	9
Esplanaden	Sundsvall	54
Västra vägen	Sundsvall	36
Skönsbergsvägen	Sundsvall	28
Skolhusallén	Sundsvall	26
Timmervägen	Sundsvall	24
Hagavägen	Sundsvall	23
Storgatan	Sundsvall	23
Sidsjövägen	Sundsvall	22
Fridhemsgatan	Sundsvall	21
Norra stadsinfarten	Sundsvall	20
Gamla vägen	Sunhultsbrunn	9
Bygatan	Sunhultsbrunn	8
Andstigen	Sunhultsbrunn	6
Morgonstigen	Sunhultsbrunn	6
Ejderstigen	Sunhultsbrunn	5
Djupängsvägen	Sunhultsbrunn	4
Enhagsvägen	Sunhultsbrunn	4
Olstorpsvägen	Sunhultsbrunn	4
Regnbågsvägen	Sunhultsbrunn	4
Basarpsvägen	Sunhultsbrunn	3
Ekebyvägen	Sunne	18
Lövnäsvägen	Sunne	10
Brårudsvägen	Sunne	9
Storgatan	Sunne	9
Älvgatan	Sunne	9
Allégatan	Sunne	8
Mellqvistvägen	Sunne	8
Fabriksgatan	Sunne	7
Järnvägsgatan	Sunne	7
Kvarngatan	Sunne	6
Färjevägen	Sunnemo	8
Ängsstigen	Sunnemo	6
Sundängsvägen	Sunnemo	5
Hyttvägen	Sunnemo	4
Grässjövägen	Sunnemo	1
Lidsjövägen	Sunnemo	1
Industrileden	Surahammar	18
Furnäsvägen	Surahammar	15
Hjulmakarvägen	Surahammar	15
Östergatan	Surahammar	15
Dalavägen	Surahammar	13
Västersjövägen	Surahammar	13
Centralgatan	Surahammar	12
Västeråsleden	Surahammar	11
Stavtorpsvägen	Surahammar	10
Köpmangatan	Surahammar	9
Gårdstensvägen	Surte	43
Lövgärdesvägen	Surte	33
Smedlyckan	Surte	24
Göteborgsvägen	Surte	20
Svankällevägen	Surte	20
Kanelgatan	Surte	17
Oreganogatan	Surte	17
Skimmelvägen	Surte	17
Egnahemsvägen	Surte	16
Kryddhyllan	Surte	16
Svalegatan	Svalöv	15
Luggudevägen	Svalöv	9
Regementsgatan	Svalöv	9
Göjegatan	Svalöv	8
Kavallerigatan	Svalöv	8
Onsjövägen	Svalöv	8
Åkervägen	Svalöv	8
Rönnebergsvägen	Svalöv	7
Skolgatan	Svalöv	7
Artillerigatan	Svalöv	6
Grundsjövägen	Svanavattnet	9
Skolplan	Svanavattnet	5
Helmer Grundströms väg	Svanavattnet	2
Bogrydsvägen	Svaneholm	24
Rogslundsvägen	Svaneholm	13
Tranvägen	Svaneholm	11
Rogsholmsvägen	Svaneholm	6
Varbergsvägen	Svaneholm	6
Bäckvägen	Svaneholm	5
Sävsjövikvägen	Svaneholm	5
Elias väg	Svaneholm	4
Svanvägen	Svaneholm	4
Egnahemsgatan	Svaneholm	3
Sesterviksvägen	Svanesund	17
Skogslyckevägen	Svanesund	17
Stora Halsvägen	Svanesund	14
Lyckhemsvägen	Svanesund	13
Gömmebergsvägen	Svanesund	10
Tegelviksvägen	Svanesund	10
Källvägen	Svanesund	9
Postgårdsvägen	Svanesund	9
Rödsvägen	Svanesund	9
Hjälperödsvägen	Svanesund	7
Storgatan	Svanskog	13
Smedjegatan	Svanskog	9
Södra Bruksvägen	Svanskog	8
Herrgårdsgatan	Svanskog	7
John Bryntesons väg	Svanskog	6
Carl Ugglas gata	Svanskog	4
Järnbruksgatan	Svanskog	4
Mårdvägen	Svanskog	4
Ringvägen	Svanskog	4
Talmansgatan	Svanskog	4
Sjövägen	Svappavaara	13
Ollasbyvägen	Svappavaara	11
Juopakoski	Svappavaara	7
Palovägen	Svappavaara	6
Abrahamsvägen	Svappavaara	5
Kirkonmella	Svappavaara	5
Lupinvägen	Svappavaara	5
Paloniemivägen	Svappavaara	5
Vinsavägen	Svappavaara	5
Skjutbanevägen	Svappavaara	4
Såningsvägen	Svartsjö	95
Högbyvägen	Svartsjö	78
Trumpetvägen	Svartsjö	68
Blomsterkungsvägen	Svartsjö	56
Bergmyntegränd	Svartsjö	45
Lingonrisgränd	Svartsjö	43
Gitarrvägen	Svartsjö	39
Lövsta koloniväg	Svartsjö	37
Mandolinvägen	Svartsjö	36
Basunvägen	Svartsjö	35
Industrivägen	Svartå	10
Bruksgatan	Svartå	8
Letstigen	Svartå	6
Viltstråket	Svartå	6
Bergslagsvägen	Svartå	5
Hyttvägen	Svartå	4
Idrottsvägen	Svartå	4
Medskogsvägen	Svartå	4
Hopslagarevägen	Svartå	3
Axsjöåsvägen	Svartå	2
Hyltarpsvägen	Svedala	31
Lundavägen	Svedala	25
Bjeretsvägen	Svedala	19
Ågatan	Svedala	17
Gamla minnesbergsvägen	Svedala	16
Landsvägen	Svedala	15
Aggarpsvägen	Svedala	14
Bökebergsgatan	Svedala	14
Norra Ellenborgsgatan	Svedala	12
Norra Tvärgatan	Svedala	10
Fjällvägen	Sveg	20
Härjedalsgatan	Sveg	18
Jämtlandsgatan	Sveg	18
Gränsgatan	Sveg	17
Vallarvägen	Sveg	16
Svegsgatan	Sveg	11
Korskällgatan	Sveg	10
Sandvägen	Sveg	10
Byvallsvägen	Sveg	9
Lillhärdalsvägen	Sveg	9
Kindsvägen	Svenljunga	15
Rydins väg	Svenljunga	14
Kyrkogatan	Svenljunga	12
Göteborgsvägen	Svenljunga	9
Karolinelundsvägen	Svenljunga	9
Kinnagatan	Svenljunga	9
Skolgatan	Svenljunga	9
Balders väg	Svenljunga	8
Brogatan	Svenljunga	8
Falkenbergsvägen	Svenljunga	8
Mjösjölidvägen	Svensbyn	24
Rismyrlidvägen	Svensbyn	13
Bodsjövägen	Svensbyn	11
Bäckvallenvägen	Svensbyn	8
Granträskmarkvägen	Svensbyn	7
Risnäsvägen	Svensbyn	7
Östra Lidenvägen	Svensbyn	6
Norrtjärnsvägen	Svensbyn	5
Peruddvägen	Svensbyn	5
Västra Lidenvägen	Svensbyn	5
Hälsovägen	Svenshögen	9
Norra Sågen	Svenshögen	7
Södra Sågen	Svenshögen	7
Hällungevägen	Svenshögen	6
Plattebergsvägen	Svenshögen	6
Svartehallen	Svenshögen	6
Hällesåsvägen	Svenshögen	4
Nygrens väg	Svenshögen	3
Doktor Forsgrens väg	Svenshögen	1
Smedjevägen	Svenshögen	1
Ängesvägen	Svenstavik	16
Industrivägen	Svenstavik	9
Stationsvägen	Svenstavik	7
Lillhallvägen	Svenstavik	6
Skansvägen	Svenstavik	6
Galhammarvägen	Svenstavik	5
Svenstavägen	Svenstavik	5
Mellanvägen	Svenstavik	4
Skogsvägen	Svenstavik	4
Skolvägen	Svenstavik	4
Holländarevägen	Svängsta	23
Gyngamålavägen	Svängsta	19
Ljusarydsvägen	Svängsta	15
Norra Älmtavägen	Svängsta	15
Öjamålavägen	Svängsta	15
Norra Hokavägen	Svängsta	14
Södra Älmtavägen	Svängsta	13
Övre Ämnebodavägen	Svängsta	13
Hemsjövägen	Svängsta	12
Promenadstigen	Svängsta	12
Boda Gruvvägen	Svärdsjö	20
Hinsvägen	Svärdsjö	14
Borglindsvägen	Svärdsjö	13
Stugtjärnsvägen	Svärdsjö	12
Industrivägen	Svärdsjö	10
Kroktjärnsvägen	Svärdsjö	10
Hedvägen	Svärdsjö	9
Borgärdesvägen	Svärdsjö	7
Hinsnäset	Svärdsjö	7
Rophällavägen	Svärdsjö	7
Klarälvsvägen	Sysslebäck	32
Näckåvägen	Sysslebäck	11
Nygårdsvägen	Sysslebäck	7
Steningevägen	Sysslebäck	5
Holevägen	Sysslebäck	4
Liksjövägen	Sysslebäck	4
Villavägen	Sysslebäck	4
Lillbergsvägen	Sysslebäck	3
Stortäppavägen	Sysslebäck	3
Badhusvägen	Sysslebäck	2
Jupitergatan	Säffle	17
Åmålsvägen	Säffle	16
Granbäcksvägen	Säffle	14
Industrigatan	Säffle	14
Järnvägsgatan	Säffle	14
Kilavägen	Säffle	11
Norra Rolfserudsvägen	Säffle	11
Sundsgatan	Säffle	11
Billerudsgatan	Säffle	10
Karlstadsvägen	Säffle	10
Lindvallen Timmerbyn	Sälen	27
Tandådalen Röda byn	Sälen	23
Hemfjällsvägen	Sälen	17
Renvägen	Sälen	17
Medskogen	Sälen	16
Trollbäcken	Sälen	16
Sälenvägen	Sälen	15
Sätervägen	Sälen	15
Gilleråsvägen	Sälen	14
Gubbmyrvägen	Sälen	14
Västra Särövägen	Särö	22
Bossöviksvägen	Särö	16
Östra Särövägen	Särö	16
Kilanäsavägen	Särö	15
Tubackavägen	Särö	14
Krokaviksvägen	Särö	13
Nälleviksvägen	Särö	13
Särö Skansenväg	Särö	13
Annelundsvägen	Särö	12
Bassängbacken	Särö	11
Kristinegatan	Säter	15
Bergslagsgatan	Säter	14
Nämnsbovägen	Säter	10
Hagavägen	Säter	9
Jönshyttevägen	Säter	9
Ovangårdsvägen	Säter	9
Västra Långgatan	Säter	9
Bergstäktsvägen	Säter	8
Fogdegatan	Säter	8
Fritidsvägen	Säter	8
Björlandavägen	Sätila	10
Lisakullavägen	Sätila	8
Lygnevivägen	Sätila	8
Ramdalsvägen	Sätila	8
Alfsgårdsvägen	Sätila	7
Fridhemsvägen	Sätila	7
Skogshöjdsvägen	Sätila	7
Blåsippevägen	Sätila	6
Sethelius väg	Sätila	6
Hallåsvägen	Sätila	4
Holmö byaväg	Sävar	36
Rovågersvägen	Sävar	31
Granvägen	Sävar	21
Sönnerstgrundet	Sävar	21
Skomakarvägen	Sävar	14
Fiskebyvägen	Sävar	11
Kyrkvägen	Sävar	11
Majorsvägen	Sävar	11
Öllerskatavägen	Sävar	11
Kungsvägen	Sävar	9
Kongahällavägen	Säve	114
Tuve kyrkväg	Säve	45
Stora Holm Övningsväg	Säve	32
Björlandavägen	Säve	30
Örnekulans väg	Säve	27
Holmvägen	Säve	25
Säve djupedalsväg	Säve	24
Östergärde industriväg	Säve	21
Glöstorpsvägen	Säve	20
Nolehultsvägen	Säve	20
Kortedalavägen	Sävedalen	120
Smörslottsgatan	Sävedalen	86
Torpagatan	Sävedalen	83
Utbyvägen	Sävedalen	52
Kvibergsvägen	Sävedalen	51
Bergsjövägen	Sävedalen	41
Östra Torpavägen	Sävedalen	39
Munkebäcks Allé	Sävedalen	36
Sysslomansgatan	Sävedalen	32
Almanacksvägen	Sävedalen	31
Östra Esplanaden	Sävsjö	24
Odengatan	Sävsjö	19
Gunnes väg	Sävsjö	13
Hjärtlandavägen	Sävsjö	10
Sandsjövägen	Sävsjö	10
Björkängsgatan	Sävsjö	9
Eksjöhovgårdsvägen	Sävsjö	9
Hägnevägen	Sävsjö	9
Vallsjögatan	Sävsjö	9
Djurgårdsgatan	Sävsjö	8
Folketshusvägen	Sävsjöström	5
Alstervägen	Sävsjöström	3
Östra vägen	Sävsjöström	3
Björkvägen	Sävsjöström	1
Skyttevägen	Sävsjöström	1
Tallvägen	Sävsjöström	1
Videvägen	Sävsjöström	1
Älghultsvägen	Sävsjöström	1
Grönviksvägen	Sågmyra	10
Filtstigen	Sågmyra	9
Bengtsgårdsvägen	Sågmyra	7
Vrebrovägen	Sågmyra	7
Banvallen	Sågmyra	6
Svensvägen	Sågmyra	6
Tallholsvägen	Sågmyra	6
Vidåsvägen	Sågmyra	6
Yllevägen	Sågmyra	6
Kvarnstigen	Sågmyra	5
Hästskovägen	Såtenäs	6
Ringvägen	Såtenäs	4
Örnsuddevägen	Såtenäs	3
Förvaltarvägen	Såtenäs	2
Tegelstigen	Såtenäs	1
Örnsuddestigen	Såtenäs	1
Sockenvägen	Söderala	20
Bersvägen	Söderala	12
Villavägen	Söderala	8
Annebergsvägen	Söderala	7
Vedtjäravägen	Söderala	7
Hästhagsvägen Orsta	Söderala	5
Hammarvägen	Söderala	3
Hembygdsvägen	Söderala	3
Ljusnevägen	Söderala	3
Skjutbanevägen Valla	Söderala	3
Larsbovägen	Söderbärke	15
Åshagsvägen	Söderbärke	13
Bergsmansvägen	Söderbärke	12
Saxenäsvägen	Söderbärke	12
Sundvägen	Söderbärke	11
Sörängsvägen	Söderbärke	11
Kvarnsnäsvägen	Söderbärke	10
Lilla Tolvsbovägen	Söderbärke	10
Sjöhagsvägen	Söderbärke	10
Kalvnäsvägen	Söderbärke	9
Söderforsvägen	Söderfors	31
Claes Grills väg	Söderfors	26
Kågbovägen	Söderfors	26
Nygatan	Söderfors	23
Tamms väg	Söderfors	18
Gamlevägen	Söderfors	14
Höftevägen	Söderfors	14
Mellanverksvägen	Söderfors	14
Gävlevägen	Söderfors	11
Konvaljevägen	Söderfors	10
Södra Tvärleden	Söderhamn	22
Brädgårdsgatan	Söderhamn	17
Kungsgatan	Söderhamn	16
Norralagatan	Söderhamn	15
Fröjdablicksvägen	Söderhamn	14
Ringvägen	Söderhamn	14
Norrtullsgatan	Söderhamn	13
Stålnäsvägen	Söderhamn	13
Dragedsvägen	Söderhamn	10
Östra Storgatan	Söderhamn	10
Albogaleden	Söderköping	19
Ringvägen	Söderköping	18
Ågatan	Söderköping	14
Centralvägen	Söderköping	12
Storängsparken	Söderköping	12
Länsmansgatan	Söderköping	11
Margaretagatan	Söderköping	11
Backgatan	Söderköping	10
Erik Dahlbergsgatan	Söderköping	10
Skepparevägen	Söderköping	9
Nyköpingsvägen	Södertälje	46
Hertig Carls väg	Södertälje	43
Genetaleden	Södertälje	35
Bergaholmsvägen	Södertälje	31
Liljevalchsgatan	Södertälje	30
Högantorpsvägen	Södertälje	29
Storgatan	Södertälje	29
Strängnäsvägen	Södertälje	29
Holmfastvägen	Södertälje	27
Birkavägen	Södertälje	23
Djursviksvägen	Söderåkra	18
Ekarydsvägen	Söderåkra	9
Ekesvägen	Söderåkra	9
Malörtsvägen	Söderåkra	6
Prästgårdsvägen	Söderåkra	6
Blomvägen	Söderåkra	5
Gamla Prästgårdsvägen	Söderåkra	5
Kyrkvägen	Söderåkra	5
Varvsvägen	Söderåkra	5
Badstigen	Söderåkra	4
Klockarevägen	Södra Sandby	20
Blåmesvägen	Södra Sandby	16
Rapsvägen	Södra Sandby	14
Ringvägen	Södra Sandby	13
Fågelsångsvägen	Södra Sandby	12
Sofielundsvägen	Södra Sandby	11
Norrevång	Södra Sandby	10
Assarhusavägen	Södra Sandby	9
Blåvingevägen	Södra Sandby	9
Östervång	Södra Sandby	9
Sunderbyvägen	Södra Sunderbyn	58
Sandnäset	Södra Sunderbyn	39
Norra Sunderbyvägen	Södra Sunderbyn	37
Markskogsvägen	Södra Sunderbyn	33
Ängesbyvägen	Södra Sunderbyn	28
Alviksvägen	Södra Sunderbyn	23
Sandnäsetvägen	Södra Sunderbyn	23
Altersundsvägen	Södra Sunderbyn	22
Sunderbynäset	Södra Sunderbyn	20
Nordanträsk	Södra Sunderbyn	18
Södra Storgatan	Södra Vi	13
Hyltabyvägen	Södra Vi	11
Ringvägen	Södra Vi	9
Björkavägen	Södra Vi	8
Locknevivägen	Södra Vi	7
Parkgatan	Södra Vi	7
Djursdalavägen	Södra Vi	6
Industrigatan	Södra Vi	6
Stationsallén	Södra Vi	6
Idrottsgatan	Södra Vi	5
Järnvägsgatan	Sölvesborg	28
Sölvevägen	Sölvesborg	24
Ysanevägen	Sölvesborg	24
Tredenborgsvägen	Sölvesborg	22
Idrottsvägen	Sölvesborg	18
Bergsvägen	Sölvesborg	17
Bossabovägen	Sölvesborg	16
Hjortakroksvägen	Sölvesborg	16
Hälleviksvägen	Sölvesborg	16
Lörbyvägen	Sölvesborg	14
Berglundavägen	Sörberge	21
Solbackavägen	Sörberge	14
Norra Fagerviksvägen	Sörberge	13
Bölevägen	Sörberge	11
Södra Fagerviksvägen	Sörberge	9
Radhusgatan	Sörberge	8
Rörvägen	Sörberge	7
Linjevägen	Sörberge	6
Björkgatan	Sörberge	5
Forsvägen	Sörberge	5
Centrumvägen	Söråker	33
Gryttjomsvägen	Söråker	19
Båthamnsgatan	Söråker	17
Rigstavägen	Söråker	15
Bäckgatan	Söråker	13
Vålevägen	Söråker	13
Nya Söråkersgatan	Söråker	10
Ebeneservägen	Söråker	9
Eriks udde	Söråker	9
Norrviksgatan	Söråker	9
Skolgatan	Sösdala	9
Ellavägen	Sösdala	8
Fågelsångsvägen	Sösdala	8
Hanåsvägen	Sösdala	8
Torggatan	Sösdala	8
Föreningsgatan	Sösdala	7
Parkgatan	Sösdala	7
Långgatan	Sösdala	6
Stavarödsvägen	Sösdala	6
Vannarödsvägen	Sösdala	6
Granarpsvägen	Taberg	17
Malmgatan	Taberg	13
Sjöhultsvägen	Taberg	13
Åsastigen	Taberg	11
Tahevägen	Taberg	10
Kvarnvägen	Taberg	9
Vanadingatan	Taberg	9
Bergslid	Taberg	7
Junegatan	Taberg	7
Taklasvägen	Taberg	7
Bäckebovägen	Tallåsen	24
Onsängsvägen	Tallåsen	16
Sandviksvägen	Tallåsen	16
Rolfhamrevägen	Tallåsen	14
Svartsjövägen	Tallåsen	14
Västra Ångsäter	Tallåsen	14
Hennan Terminalvägen	Tallåsen	12
Hälsingenybo skolväg	Tallåsen	12
Sillerbovägen	Tallåsen	11
Gamla Ygsbovägen	Tallåsen	10
Förläggarvägen	Tandsbyn	10
Bodsjövägen	Tandsbyn	7
Författarvägen	Tandsbyn	7
Mogärdevägen	Tandsbyn	5
Kalkbruksvägen	Tandsbyn	3
Borrsvängen	Tandsbyn	2
Nygårdsvägen	Tandsbyn	2
Sättarvägen	Tandsbyn	2
Bastuvägen	Tandsbyn	1
Gjutarvägen	Tandsbyn	1
Stationsvägen	Tanumshede	15
Brehogsvägen	Tanumshede	10
Industrivägen	Tanumshede	10
Riksvägen	Tanumshede	10
Storemyrsvägen	Tanumshede	10
Gärdesvägen	Tanumshede	9
Galgbergsvägen	Tanumshede	8
Jönssons väg	Tanumshede	8
Prästgårdsvägen	Tanumshede	8
Björnbärsvägen	Tanumshede	7
Tavelsjövägen	Tavelsjö	19
Jan-Ersvägen	Tavelsjö	8
Långbrännavägen	Tavelsjö	8
Skogsallén	Tavelsjö	5
Strandvägen	Tavelsjö	5
Blomåkersvägen	Tavelsjö	3
Stenhagsvägen	Tavelsjö	3
Västeråkersvägen	Tavelsjö	3
Brunnsvägen	Tavelsjö	2
Gårdsvägen	Tavelsjö	2
Västergatan	Teckomatorp	7
Föreningsgatan	Teckomatorp	6
Huvudstorpsvägen	Teckomatorp	6
Korsgatan	Teckomatorp	6
Tvärgatan	Teckomatorp	6
Garvaregatan	Teckomatorp	5
Granbogatan	Teckomatorp	5
Järnvägsgatan	Teckomatorp	5
Storgatan	Teckomatorp	5
Södra Solhemsgatan	Teckomatorp	5
Ljungarpsvägen	Tenhult	12
Granhultsvägen	Tenhult	9
Högalundsvägen	Tenhult	8
Myrstadavägen	Tenhult	8
Backens väg	Tenhult	7
Industrivägen	Tenhult	7
Rödjans väg	Tenhult	7
Backsvalevägen	Tenhult	6
Lekerydsvägen	Tenhult	6
Mjälarydsvägen	Tenhult	6
Kyrkefallavägen	Tibro	16
Södra Långgatan	Tibro	16
Fredsgatan	Tibro	15
Östra Långgatan	Tibro	15
Stigstaholmsvägen	Tibro	13
Västra Långgatan	Tibro	12
Fågelviksleden	Tibro	11
Gymnasiegatan	Tibro	11
Gästgivarevägen	Tibro	11
Anderstorpsvägen	Tibro	10
Stallängsvägen	Tidaholm	25
Västra Drottningvägen	Tidaholm	17
Forsgatan	Tidaholm	16
Södra Ringvägen	Tidaholm	16
Norra Ringvägen	Tidaholm	14
Enebacksvägen	Tidaholm	10
Ulvestorpsgatan	Tidaholm	10
von Essens väg	Tidaholm	10
Norra Kungsvägen	Tidaholm	9
Torggatan	Tidaholm	9
Skövdevägen	Tidan	15
Vårlundavägen	Tidan	12
Tidanvägen	Tidan	10
Götgatan	Tidan	8
Skyttelvägen	Tidan	5
Slingvägen	Tidan	5
Vaholmsvägen	Tidan	5
Gamla vägen	Tidan	4
Kvarntorpsvägen	Tidan	3
Närlundavägen	Tidan	3
Tegelbruksgatan	Tierp	38
Makrillvägen	Tierp	29
Bondegatan	Tierp	27
Gävlevägen	Tierp	19
Industrigatan	Tierp	17
Södra Esplanaden	Tierp	17
Brädgårdsvägen	Tierp	15
Uppsalavägen	Tierp	15
Strömsbergsvägen	Tierp	14
Gripenbergsvägen	Tierp	13
Gårdavägen	Timmele	7
Herrljungavägen	Timmele	7
Hökerumsvägen	Timmele	6
Industrivägen	Timmele	6
Andra ringvägen	Timmele	5
Majeldsvägen	Timmele	5
Falköpingsvägen	Timmele	4
Fjärde ringvägen	Timmele	4
Första ringvägen	Timmele	4
Lenavägen	Timmele	4
Varvsvägen	Timmernabben	26
Strandavägen	Timmernabben	11
Nyemålavägen	Timmernabben	10
Tillingevägen	Timmernabben	9
Mastvägen	Timmernabben	8
Vattenvägen	Timmernabben	8
Blomsterstigen	Timmernabben	7
Nabbevägen	Timmernabben	7
Övre vägen	Timmernabben	7
Fiskarvägen	Timmernabben	6
Mariestadsvägen	Timmersdala	10
Långgatan	Timmersdala	7
Billingsgatan	Timmersdala	5
Parkgatan	Timmersdala	5
Torggatan	Timmersdala	5
Bäckedalsvägen	Timmersdala	4
Industrigatan	Timmersdala	4
Kyrkvägen	Timmersdala	4
Ringvägen	Timmersdala	4
Skövdevägen	Timmersdala	4
Köpmangatan	Timrå	24
Frölandsvägen	Timrå	22
Vännavägen	Timrå	15
Kungsvägen	Timrå	11
Vivstavarvsvägen	Timrå	11
Terminalvägen	Timrå	10
Vävlandsvägen	Timrå	10
Östrandsvägen	Timrå	9
Järnvägsgatan	Timrå	8
Hantverksvägen	Timrå	7
Storgatan	Tingsryd	15
Lokgatan	Tingsryd	14
Dackegatan	Tingsryd	13
Tingsgatan	Tingsryd	12
Linnerydsvägen	Tingsryd	10
Skolgatan	Tingsryd	8
Tingsmålavägen	Tingsryd	8
Växjövägen	Tingsryd	8
Ardennervägen	Tingsryd	7
Ebbalyckevägen	Tingsryd	7
Lummelunda Nyhamnsvägen	Tingstäde	16
Ireviken Ireviksvägen	Tingstäde	13
Ireviken Svarthällsvägen	Tingstäde	9
Lummelunda Strandskatevägen	Tingstäde	8
Mistelvägen	Tingstäde	8
Stenkyrka Arkosvägen	Tingstäde	8
Ireviken Kaninstigen	Tingstäde	6
Stenkyrka Likkarsvägen	Tingstäde	6
Ireviken Kabelvägen	Tingstäde	5
Lummelunda Burge gata	Tingstäde	5
Hultängsvägen	Tjällmo	13
Råckavägen	Tjällmo	8
Hornstugevägen	Tjällmo	5
Länsvägen	Tjällmo	5
Yxhultsvägen	Tjällmo	5
Backgårdsvägen	Tjällmo	4
Bågvägen	Tjällmo	4
GÄRDHEMSVÄGEN	Tjällmo	2
Hembygdsvägen	Tjällmo	2
Lindesnäsvägen	Tjällmo	2
Brönnestadsvägen	Tjörnarp	8
Mellbyvägen	Tjörnarp	7
Ellagränd	Tjörnarp	5
Tegelbruksvägen	Tjörnarp	5
Badstigen	Tjörnarp	3
Granliden	Tjörnarp	3
Gunnarpsvägen	Tjörnarp	3
Lucernvägen	Tjörnarp	3
Sallanders väg	Tjörnarp	3
Skogsvägen	Tjörnarp	3
Bruksgatan	Tobo	15
Gårsjövägen	Tobo	7
Spånvägen	Tobo	7
Skogsbovägen	Tobo	6
Villavägen	Tobo	6
Limexvägen	Tobo	5
Louis De Geers väg	Tobo	5
Tierpsvägen	Tobo	5
Jerk-Pers väg	Tobo	4
Skidvägen	Tobo	4
Älgbergsvägen	Toftbyn	5
Uvberget	Toftbyn	2
Ol-Larsbo	Toftbyn	1
Marietorpsvägen	Tollarp	17
Marieholmsvägen	Tollarp	13
Östra Vramsvägen	Tollarp	11
Polgatan	Tollarp	10
Rya byväg	Tollarp	10
Tassebodavägen	Tollarp	10
Tollarps storgata	Tollarp	10
Brearödsvägen	Tollarp	9
Linnekullavägen	Tollarp	9
Martin Jöns väg	Tollarp	9
Öijaredsvägen	Tollered	38
Norsesundsvägen	Tollered	34
Sävhultsvägen	Tollered	34
Hultebackavägen	Tollered	19
Hemsjö Dalenvägen	Tollered	18
Bergsjöholmsvägen	Tollered	15
Rydbovägen	Tollered	15
Torparegatan	Tollered	15
Dalaviksvägen	Tollered	14
Brännabbenvägen	Tollered	13
Kullemöllavägen	Tomelilla	12
Västergatan	Tomelilla	12
Ullstorpsvägen	Tomelilla	11
Malmövägen	Tomelilla	10
Fyledalsvägen	Tomelilla	9
Nygatan	Tomelilla	9
Banmästaregatan	Tomelilla	8
Långgatan	Tomelilla	8
Rosencrantzgatan	Tomelilla	8
Skogshejdevägen	Tomelilla	8
Gladsax bygata	Tommarp	24
Gröstorps bygata	Tommarp	20
Sandvångsvägen	Tommarp	15
Sofielustvägen	Tommarp	12
Norra Stockholmsvägen	Tommarp	11
Örnabergavägen	Tommarp	11
Frans Löfströms väg	Tommarp	8
Kapten Tunérs väg	Tommarp	8
Lukasvägen	Tommarp	8
Impevägen	Tommarp	7
Drottning Kristinas väg	Tomteboda	100
Valhallavägen	Tomteboda	100
Sveavägen	Tomteboda	83
Birger Jarlsgatan	Tomteboda	77
Drottninggatan	Tomteboda	48
Södra Fiskartorpsvägen	Tomteboda	41
Teknikringen	Tomteboda	39
Karlavägen	Tomteboda	38
Norra Stationsgatan	Tomteboda	29
Brinellvägen	Tomteboda	28
Råledsvägen	Torekov	20
Lilla Stenlid	Torekov	18
Tunbyvägen	Torekov	16
Dagshögsvägen	Torekov	12
Hanneborgsvägen	Torekov	12
Källrevägen	Torekov	12
Plantahagsvägen	Torekov	10
Skrattarpsvägen	Torekov	10
Bogsprötsgränd	Torekov	9
Callegårdsvägen	Torekov	8
Åkullavägen	Torestorp	7
Gullbringavägen	Torestorp	6
Kungsätersvägen	Torestorp	6
Lyckovägen	Torestorp	6
Skolbacken	Torestorp	5
Titusstigen	Torestorp	5
Sportvägen	Torestorp	4
Öresjövägen	Torestorp	4
Hästhagavägen	Torestorp	3
Ekstigen	Torestorp	2
Färnabbsvägen	Torhamn	12
Norreviksvägen	Torhamn	8
Pettersviksvägen	Torhamn	8
Sandhamnsvägen	Torhamn	6
Torsborgsvägen	Torhamn	6
Träsmedsvägen	Torhamn	6
Brändaskärsvägen	Torhamn	5
Iris väg	Torhamn	5
Koleviksvägen	Torhamn	5
Annebergsvägen	Torhamn	4
Sjövägen	Tormestorp	14
Herrgårdsvägen	Tormestorp	13
Sandbacksvägen	Tormestorp	10
Nyodlingsvägen	Tormestorp	8
Påbrovägen	Tormestorp	8
Ådalsvägen	Tormestorp	8
Högabergsvägen	Tormestorp	7
Björkhällsbacken	Tormestorp	6
Brovägen	Tormestorp	6
Fläckebäcksvägen	Tormestorp	5
Borelundsvägen	Torna-Hällestad	7
Sandvägen	Torna-Hällestad	5
Trollskogsvägen	Torna-Hällestad	4
Agelundsvägen	Torna-Hällestad	3
Karstgårdsvägen	Torna-Hällestad	3
Knivsåsvägen	Torna-Hällestad	3
Kyrkovägen	Torna-Hällestad	3
Nylidsvägen	Torna-Hällestad	3
Skogsvägen	Torna-Hällestad	3
Surapilsvägen	Torna-Hällestad	3
Lidnäsvägen	Torpsbruk	9
Björkerydsvägen	Torpsbruk	7
Bruksvägen	Torpsbruk	5
Skolvägen	Torpsbruk	5
Humblevägen	Torpsbruk	4
Kornvägen	Torpsbruk	4
Strandvägen	Torpsbruk	4
Turbinvägen	Torpsbruk	4
Badvägen	Torpsbruk	3
Björkgatan	Torpsbruk	3
Sj-Vägen	Torpshammar	14
Vildhussens väg	Torpshammar	10
Gullrisvägen	Torpshammar	7
Klöstrevägen	Torpshammar	6
Småbovägen	Torpshammar	6
Flottarvägen	Torpshammar	3
Nybyggarvägen	Torpshammar	3
Forsgatan	Torpshammar	2
Guldbransensväg	Torpshammar	2
Herrgårdsgatan	Torpshammar	2
Bergebyvägen	Torsby	15
Vitsandsvägen	Torsby	13
Önnerudsvägen	Torsby	11
Alstigen	Torsby	10
Henrik Sörensens väg	Torsby	10
Hålvägen	Torsby	10
Järnvägsgatan	Torsby	10
Kilåsvägen	Torsby	10
Olebyvägen	Torsby	10
Holländergatan	Torsby	8
Väsbyholmsvägen	Torshälla	32
Slätviksvägen	Torshälla	19
Kullerstasandsvägen	Torshälla	18
Västerleden	Torshälla	18
Holmenleden	Torshälla	17
Trollskärsvägen	Torshälla	16
Kristin Ribbings väg	Torshälla	15
Skräddartorpsvägen	Torshälla	15
Storgatan	Torshälla	15
Annerovägen	Torshälla	14
Kongahällavägen	Torslanda	240
Lillebyvägen	Torslanda	74
Sörredsvägen	Torslanda	73
Torslandavägen	Torslanda	65
Assar Gabrielssons väg	Torslanda	58
Gamla Flygplatsvägen	Torslanda	56
Hjuviksvägen	Torslanda	52
Gamla Sörredsvägen	Torslanda	47
Oljevägen	Torslanda	47
Raffinaderivägen	Torslanda	44
Krattevägen	Torsåker	27
Östansjövägen	Torsåker	21
Nyhyttevägen	Torsåker	19
Gammelstillavägen	Torsåker	18
Malmjärnsvägen	Torsåker	15
Eltebovägen	Torsåker	13
Ol-Olsvägen	Torsåker	10
Sandbodarnas väg	Torsåker	10
Spjutängsvägen	Torsåker	10
Forsvägen	Torsåker	8
Bergkvaravägen	Torsås	16
Österbrogatan	Torsås	10
Trädgårdsgatan	Torsås	9
Badhusgatan	Torsås	7
Industrigatan	Torsås	7
Norra Tångvägen	Torsås	7
Gunnilkrokavägen	Torsås	6
Allfargatan	Torsås	5
Applerumsgatan	Torsås	5
Björsebovägen	Torsås	5
Stibyvägen	Torsö	17
Grammahagsvägen	Torsö	14
Strandvägen	Torsö	12
Tockenvägen	Torsö	12
Hallahålevägen	Torsö	11
Bragevägen	Torsö	10
Remelinvägen	Torsö	10
Kullarpsvägen	Torsö	9
Sillnäsvägen	Torsö	9
Östra Mjällbyvägen	Torsö	9
Gamla Nissastigen	Torup	6
Gräsåsvägen	Torup	6
Bosgårdsvägen	Torup	5
Nissastigen	Torup	5
Prästgårdsvägen	Torup	5
Ringvägen	Torup	5
Sjögårdsvägen	Torup	5
Skogsvägen	Torup	5
Tranabovägen	Torup	5
Flädervägen	Torup	4
Dagsnäsvägen	Tostared	16
Äskhultsvägen	Tostared	12
Karl Borgs väg	Tostared	9
Hälleviksvägen	Tostared	8
Västra Öxaredsvägen	Tostared	8
Horshultsvägen	Tostared	7
Nolgärdevägen	Tostared	6
Rammsjöhallsvägen	Tostared	6
Åminnaredsvägen	Tostared	6
Förlanda hultåsväg	Tostared	5
Industrivägen	Totebo	7
Östra vägen	Totebo	7
Näsvägen	Totebo	6
Stora vägen	Totebo	6
Furubergsvägen	Totebo	4
Hagavägen	Totebo	4
Lillgatan	Totebo	4
Norrvägen	Totebo	4
Stationsgränd	Totebo	4
Dalsgatan	Totebo	3
Storgatan	Tranemo	16
Backagatan	Tranemo	12
Tåstarpsgatan	Tranemo	12
Hestravägen	Tranemo	11
Jönköpingsvägen	Tranemo	11
Mossebogatan	Tranemo	11
Lövstagatan	Tranemo	8
Solgårdsgatan	Tranemo	8
Norrgatan	Tranemo	7
Tennisvägen	Tranemo	7
Gusjövägen	Transtrand	28
Mossvägen	Transtrand	16
Pistvägen	Transtrand	16
Gammelsätervägen	Transtrand	14
Grenvägen	Transtrand	12
Bergsbacken	Transtrand	11
Ostvägen	Transtrand	6
Danskvägen	Transtrand	5
Förarvägen	Transtrand	5
Gammelvägen	Transtrand	5
Storgatan	Tranås	33
Östra vägen	Tranås	28
Holavedsvägen	Tranås	21
Hättevägen	Tranås	20
Norrabyvägen	Tranås	18
Ängarydsgatan	Tranås	18
Norra Storgatan	Tranås	16
Dalagatan	Tranås	15
Västra vägen	Tranås	12
Ekliden	Tranås	11
Trarydsallén	Traryd	14
Norra Stationsgatan	Traryd	7
Strandvägen	Traryd	7
Bastugatan	Traryd	6
Blagsgatan	Traryd	6
Hallandsvägen	Traryd	5
Skansvägen	Traryd	5
Torsgatan	Traryd	5
Agghultsvägen	Traryd	4
Södra Stationsgatan	Traryd	4
Strandvägen	Trehörningsjö	9
Centralgatan	Trehörningsjö	5
Långgatan	Trehörningsjö	5
Villagatan	Trehörningsjö	5
Skolgatan	Trehörningsjö	4
Doktorsgatan	Trehörningsjö	3
Medborgarhusgatan	Trehörningsjö	3
Mejerigatan	Trehörningsjö	2
Nordsjövägen	Trehörningsjö	2
Hattsjövägen	Trehörningsjö	1
Stenmursvägen	Trekanten	12
Ängsgatan	Trekanten	9
Ester Bagerskas väg	Trekanten	8
Gamla vägen	Trekanten	8
Pappenhagens väg	Trekanten	7
Mellangatan	Trekanten	6
Satellitvägen	Trekanten	6
Ingelstorpsvägen	Trekanten	5
Poppelgatan	Trekanten	5
Rössbovägen	Trekanten	5
Hedvägen	Trelleborg	54
Lundavägen	Trelleborg	30
Engelbrektsgatan	Trelleborg	29
Östra Förstadsgatan	Trelleborg	28
Tommarpsvägen	Trelleborg	25
Västra Ringvägen	Trelleborg	24
Östervångsvägen	Trelleborg	24
Högalidsvägen	Trelleborg	19
Orkidevägen	Trelleborg	19
Dalköpinge strandväg	Trelleborg	18
Guöviksvägen	Trensum	28
Guövägen	Trensum	25
Elisbergsvägen	Trensum	17
Gamla Riksvägen	Trensum	17
Furösundsvägen	Trensum	15
Ronnebyvägen	Trensum	15
Matviksvägen	Trensum	14
Sandgravavägen	Trensum	14
Getavägen	Trensum	12
Nytäppsvägen	Trensum	12
Gärdhemsvägen	Trollhättan	76
Drottninggatan	Trollhättan	51
Överbyvägen	Trollhättan	50
Tunhemsvägen	Trollhättan	48
Garnviksvägen	Trollhättan	36
Vänersborgsvägen	Trollhättan	33
Kungsgatan	Trollhättan	32
Ladugårdsvägen	Trollhättan	32
Albertsvägen	Trollhättan	31
Hjulkvarnelundsvägen	Trollhättan	30
Högbergsgatan	Trosa	15
Tomtaklintgatan	Trosa	14
Rävuddsvägen	Trosa	13
Östra Långgatan	Trosa	13
Betesgången	Trosa	11
Edanövägen	Trosa	11
Långnäsvägen	Trosa	11
Åda Dal	Trosa	11
Bråtagatan	Trosa	10
Nyängsvägen	Trosa	10
Centralvägen	Trädet	7
Skedevägen	Trädet	6
Solbergavägen	Trädet	6
Villagatan	Trädet	6
Torngatan	Trädet	5
Börstigsvägen	Trädet	3
Järnvägsgatan	Trädet	3
Aspvägen	Trädet	2
Björkstigen	Trädet	2
Hasselvägen	Trädet	2
Västkustvägen	Träslövsläge	53
Södra Näsvägen	Träslövsläge	23
Sejernäsvägen	Träslövsläge	21
Skepparevägen	Träslövsläge	20
Strandbackavägen	Träslövsläge	18
Nygårdsvägen	Träslövsläge	16
Tångvägen	Träslövsläge	16
Jungmansvägen	Träslövsläge	15
Österleden	Träslövsläge	15
Havsvägen	Träslövsläge	14
Nordmarksvägen	Trångsund	77
Stortorpsvägen	Trångsund	50
Lingonbackarna	Trångsund	35
Skrubba allé	Trångsund	35
Magelungsvägen	Trångsund	27
Ullerudsbacken	Trångsund	27
Trångsundsvägen	Trångsund	25
Brunskogsbacken	Trångsund	23
Norströms väg	Trångsund	22
Spelvägen	Trångsund	16
Högenvägen	Trångsviken	8
Moviksvägen	Trångsviken	7
Tallstigen	Trångsviken	6
Bynomsgatan	Trångsviken	5
Ol-Jonsvägen	Trångsviken	5
Alsenvägen	Trångsviken	4
Gränsvägen	Trångsviken	4
Skolbacken	Trångsviken	4
Byvägen	Trångsviken	3
Folkskolevägen	Trångsviken	3
Borgavägen	Tråvad	8
Lassagårdsvägen	Tråvad	8
Fåglaviksvägen	Tråvad	6
Järnåldersvägen	Tråvad	6
Bronsåldersvägen	Tråvad	4
Föreningsgatan	Tråvad	4
Östra Södergatan	Tråvad	4
Bagerigatan	Tråvad	3
Centralgatan	Tråvad	3
Idrottsgatan	Tråvad	3
Brovägen	Trönödal	7
Stickvägen	Trönödal	6
Sundbo	Trönödal	6
Bergvägen	Trönödal	5
Rondellen	Trönödal	5
Prästjordsstigen	Trönödal	4
Tegelbruksvägen	Trönödal	4
Västra vägen	Trönödal	4
Kastviksvägen	Trönödal	3
Kumletvägen	Trönödal	3
Alfred Nobels allé	Tullinge	46
Flottiljvägen	Tullinge	35
Kanslivägen	Tullinge	32
Stendalsvägen	Tullinge	31
Adler Salvius väg	Tullinge	28
Katrinebergsvägen	Tullinge	25
Pålamalmsvägen	Tullinge	24
Bernströmsvägen	Tullinge	21
Huddingevägen	Tullinge	15
Skyttbrinksvägen	Tullinge	15
Munkhättevägen	Tumba	29
Rågången	Tumba	27
Planetbacken	Tumba	24
Prästgårdsvägen	Tumba	24
Ugglevägen	Tumba	22
Passvägen	Tumba	19
Storvretsvägen	Tumba	19
Hålvägen	Tumba	18
Rådjursvägen	Tumba	18
Hans Stahles väg	Tumba	16
Lidköpingsvägen	Tun	6
Såtenäsvägen	Tun	6
Silvii väg	Tun	5
Blackstorpsvägen	Tun	4
Egnahemsvägen	Tun	4
Kvarnvägen	Tun	4
Tunvägen	Tun	4
Svensrovägen	Tun	3
Bustorpsvägen	Tun	1
Knipvägen	Tun	1
Södertäljevägen	Tungelsta	53
Hemfosavägen	Tungelsta	31
Tornbergavägen	Tungelsta	29
Vädersjövägen	Tungelsta	26
Söderbyvägen	Tungelsta	25
Allévägen	Tungelsta	20
Sorundavägen	Tungelsta	17
Stavsvägen	Tungelsta	17
Fållbrunnavägen	Tungelsta	16
Kolonilottsvägen	Tungelsta	16
Hillerstorpsvägen	Tving	10
Byasjövägen	Tving	8
Bokhultet	Tving	7
Bygatan	Tving	5
Klockaregårdsvägen	Tving	5
Nävragölsvägen	Tving	5
Skärsjövägen	Tving	5
Växjövägen	Tving	5
Gamla Idrottsvägen	Tving	4
Gunnetorpsvägen	Tving	4
Falköpingsvägen	Tvärred	22
Brunnvägen	Tvärred	13
Reflevägen	Tvärred	7
Vistvägen	Tvärred	7
Alängsgatan	Tvärred	5
Fornbyvägen	Tvärred	5
Vist Kyrkväg	Tvärred	5
Älvkvarnsvägen	Tvärred	4
Domarringsgatan	Tvärred	3
Gälavägen	Tvärred	3
Storvägen	Tvärålund	26
Östra vägen	Tvärålund	17
Eriksdalsvägen	Tvärålund	6
Modovägen	Tvärålund	6
Idrottsvägen	Tvärålund	5
Skogsvägen	Tvärålund	5
Nils Massvägen	Tvärålund	4
Krånged	Tvärålund	2
Sveavägen	Tvärålund	2
Tågvägen	Tvärålund	2
Västkustvägen	Tvååker	25
Prästgårdsvägen	Tvååker	12
Fastarpsvägen	Tvååker	11
Björkängsvägen	Tvååker	8
Havsbadsvägen	Tvååker	8
Himlevägen	Tvååker	8
Långåsvägen	Tvååker	8
Ringvägen	Tvååker	8
Sannavägen	Tvååker	7
Fogdevägen	Tvååker	6
Lergöksgatan	Tygelsjö	40
Spelmansgatan	Tygelsjö	30
Yttre Ringvägen	Tygelsjö	29
Ringkragevägen	Tygelsjö	23
Tygelsjövägen	Tygelsjö	21
Arrievägen	Tygelsjö	20
Trelleborgsvägen	Tygelsjö	20
Bågfilsgatan	Tygelsjö	19
Sjötorpsvägen	Tygelsjö	15
Munkhättegatan	Tygelsjö	14
Myggdalsvägen	Tyresö	115
Granängsringen	Tyresö	95
Breviksvägen	Tyresö	80
Tyresövägen	Tyresö	71
Pärlröksgången	Tyresö	69
Koriandergränd	Tyresö	50
Musserongången	Tyresö	50
Brakmarsvägen	Tyresö	49
Lummergången	Tyresö	45
Farmarstigen	Tyresö	42
Tvärskogsvägen	Tyringe	11
Hörlingegatan	Tyringe	9
Stålgatan	Tyringe	9
Ametistvägen	Tyringe	8
Möllegatan	Tyringe	8
Norregårdsvägen	Tyringe	8
Sanatorievägen	Tyringe	8
Helsingborgsvägen	Tyringe	7
Östanväg	Tyringe	7
Härdaregatan	Tyringe	6
Stockholmsvägen	Tystberga	15
Atomvägen	Tystberga	9
Björkvägen	Tystberga	9
Daviksvägen	Tystberga	9
Öknavägen	Tystberga	8
Källvägen	Tystberga	6
Albyvägen	Tystberga	5
Dammlötsvägen	Tystberga	5
Lästringe allé	Tystberga	5
Stationsvägen	Tystberga	5
Bergtorpsvägen	Täby	53
Arningevägen	Täby	39
Frestavägen	Täby	36
Stora Marknadsvägen	Täby	36
Vallatorpsvägen	Täby	36
Ungdomsvägen	Täby	31
Åkerbyvägen	Täby	31
Norrortsleden	Täby	30
Gribbylundsvägen	Täby	24
Stockholmsvägen	Täby	24
Laknäs Strandvägen	Tällberg	15
Ovabacksgattu	Tällberg	15
Sjögattu	Tällberg	12
Ytterboda Ytterbodavägen	Tällberg	12
Laknäs Siljansvägen	Tällberg	11
Hjortnäs Karlesvägen	Tällberg	10
Laknäs Månkvägen	Tällberg	10
Laknäs Västarisvägen	Tällberg	9
Söder Bergsäng Holvägen	Tällberg	9
Hjortnäs Kolhagsvägen	Tällberg	8
Hammervallsvägen	Tänndalen	15
Gamla vägen	Tänndalen	8
Svansjökläppsvägen	Tänndalen	8
Åslunds väg	Tänndalen	8
Hamraportsvägen	Tänndalen	7
Skarvrusätern Sätervägen	Tänndalen	7
Gamla Tänndalsvägen	Tänndalen	6
Olvallsvägen	Tänndalen	6
Tänningevägen	Tänndalen	6
Åsvallsvägen	Tänndalen	6
Tännfallsvägen	Tännäs	17
Nylandsgatan	Tännäs	10
Myskelåsvägen	Tännäs	8
Bygatan	Tännäs	7
Grövelsjövägen	Tännäs	7
Samevägen	Tännäs	6
Tjärnbräcka	Tännäs	6
Blomsterjotvägen	Tännäs	5
Nyhemsvägen	Tännäs	5
Masvägen	Tännäs	4
Bifurkationsvägen	Tärendö	9
Storbyvägen	Tärendö	7
Hembygdsvägen	Tärendö	6
Kalixälvsleden	Tärendö	4
Prästgårdsvägen	Tärendö	3
Rönnvägen	Tärendö	2
Talinenvägen	Tärendö	2
Idrottsvägen	Tärendö	1
Industrivägen	Tärendö	1
Korpilombolovägen	Tärendö	1
Norra Fjällnäs	Tärnaby	43
Laxnäs	Tärnaby	26
Konäset	Tärnaby	24
Blå vägen	Tärnaby	23
Tärnamo	Tärnaby	21
Solberg	Tärnaby	19
Portbron	Tärnaby	18
Nolsivägen	Tärnaby	17
Lövlund	Tärnaby	16
Tärnafors	Tärnaby	14
Stationsgatan	Tärnsjö	13
Kyrkvägen	Tärnsjö	11
Kapellvägen	Tärnsjö	10
Norra Storgatan	Tärnsjö	9
Östa byväg	Tärnsjö	9
Mjölnartorpsvägen	Tärnsjö	7
Gistholmsvägen	Tärnsjö	6
Söråsbovägen	Tärnsjö	6
Älvåsavägen	Tärnsjö	6
Häverbovägen	Tärnsjö	5
Stjärnviksvägen	Tävelsås	4
Planetvägen	Tävelsås	2
Vikenvägen	Tävelsås	2
Rinkabyhagen	Tävelsås	1
Skogängsvägen	Tävelsås	1
Strandängsvägen	Tävelsås	1
Tågarpsvägen	Tågarp	7
Annerogatan	Tågarp	6
Kläsingevägen	Tågarp	6
Norra vägen	Tågarp	6
Södra vägen	Tågarp	6
Gluggstorpsvägen	Tågarp	5
Åsvägen	Tågarp	5
Alvgatan	Tågarp	4
Arhillsvägen	Tågarp	4
Härslövsvägen	Tågarp	4
Sveavägen	Töcksfors	22
Älverudsvägen	Töcksfors	11
Bögatan	Töcksfors	9
Parkvägen	Töcksfors	7
Hagavägen	Töcksfors	5
Skolvägen	Töcksfors	5
Strandvägen	Töcksfors	5
Elgerudsvägen	Töcksfors	4
Ringvägen	Töcksfors	4
Sandavägen	Töcksfors	4
Ljurhallavägen	Töllsjö	42
Gröneslättvägen	Töllsjö	28
Laggenvägen	Töllsjö	24
Närsbovägen	Töllsjö	13
Gamla Ödenäsvägen	Töllsjö	12
Norra Skogskärrsvägen	Töllsjö	10
Bredviksvägen	Töllsjö	7
Skaftaredsvägen	Töllsjö	7
Storegårdsvägen	Töllsjö	7
Hörningenvägen	Töllsjö	6
Rörbäck	Töre	20
Storvägen	Töre	14
Backvägen	Töre	11
Morjärvsvägen	Töre	8
Palatsvägen	Töre	8
Garvarvägen	Töre	5
Idrottsvägen	Töre	5
Lossen	Töre	4
Skolvägen	Töre	4
Varpvägen	Töre	4
Sötåsenvägen	Töreboda	22
Halnavägen	Töreboda	16
Stallgatan	Töreboda	14
Idrottsvägen	Töreboda	13
Stora Bergsgatan	Töreboda	8
Skolgatan	Töreboda	7
Vadsbogatan	Töreboda	7
Bruksgatan	Töreboda	6
Börstorpsgatan	Töreboda	6
Gärdesvägen	Töreboda	6
Tössebäcksvägen	Tösse	19
Tössbovägen	Tösse	9
Åmålsvägen	Tösse	6
Kummelvägen	Tösse	5
Fiskarevägen	Tösse	4
Tydjevägen	Tösse	4
Frillsätersvägen	Tösse	3
Gustav Engelbrekts väg	Tösse	3
Risviksvägen	Tösse	3
Smedens väg	Tösse	3
Ekhagsvägen	Ucklum	11
Svartehallen	Ucklum	6
Johan Mattsas väg	Ucklum	3
Mellangårdsvägen	Ucklum	3
Peter Drams väg	Ucklum	2
Tilda Gladers väg	Ucklum	2
Åsenvägen	Ucklum	2
Nils Danielssons väg	Ucklum	1
Peter Drams Väg	Ucklum	1
Kilavägen	Uddebo	6
Ullasjögatan	Uddebo	6
Kalsebovägen	Uddebo	4
Kapellvägen	Uddebo	3
Backvägen	Uddebo	2
Björkängsvägen	Uddebo	2
Dalgatan	Uddebo	2
Ekgatan	Uddebo	2
Kullagatan	Uddebo	2
Mjällbovägen	Uddebo	2
Stjärnsvägen	Uddeholm	10
Björkbacken	Uddeholm	8
Bergsvägen	Uddeholm	5
Depåvägen	Uddeholm	5
Dantobacken	Uddeholm	4
Flygplatsvägen	Uddeholm	4
Melltorpsvägen	Uddeholm	4
Stationsvägen	Uddeholm	3
Vattenverksvägen	Uddeholm	3
Framnäsvägen	Uddeholm	2
Göteborgsvägen	Uddevalla	27
Kurverödsleden	Uddevalla	25
Kapellevägen	Uddevalla	23
Undavägen	Uddevalla	23
Sunningevägen	Uddevalla	22
Frölandsvägen	Uddevalla	20
Edingsvägen	Uddevalla	19
Helenedalsvägen	Uddevalla	17
Östra Sundskogsvägen	Uddevalla	17
Västerlånggatan	Uddevalla	16
Kvarnfallsringen	Ullared	22
Hedevivägen	Ullared	10
Varbergsvägen	Ullared	10
Ulla Smidjes väg	Ullared	9
Falkenbergsvägen	Ullared	8
Landbogatan	Ullared	5
Skattagårdsvägen	Ullared	5
Skolvägen	Ullared	5
Tallvägen	Ullared	4
Värnamovägen	Ullared	4
Stora vägen	Ullatti	9
Bergsvägen	Ullatti	4
Erkiis väg	Ullatti	4
Sattervägen	Ullatti	4
U-Vägen	Ullatti	4
Ylinenvaaravägen	Ullatti	3
Älvvägen	Ullatti	3
Engmans backe	Ullatti	2
Männikkövägen	Ullatti	2
Björkvägen	Ullatti	1
Kyrkvägen	Ullånger	1
Vallmarksvägen	Ullånger	1
Tre rosors väg	Ulricehamn	27
Sanatorievägen	Ulricehamn	24
Grönahögsvägen	Ulricehamn	19
Strandgatan	Ulricehamn	19
Storgatan	Ulricehamn	18
Bogesundsgatan	Ulricehamn	15
Stenbocksgatan	Ulricehamn	15
Jägaregatan	Ulricehamn	11
Nygatan	Ulricehamn	9
Sträckåsvägen	Ulricehamn	9
Kisavägen	Ulrika	11
Gammalkilsvägen	Ulrika	8
Majorsvägen	Ulrika	6
Pelarvägen	Ulrika	5
Furulidsvägen	Ulrika	4
Parkvägen	Ulrika	4
Albins väg	Ulrika	3
Axsjövägen	Ulrika	3
Jonsbovägen	Ulrika	3
Lillhamravägen	Ulrika	3
Malabacken	Ulvöhamn	3
Ulvö Hamngata	Ulvöhamn	3
Hissjövägen	Umeå	97
Järnvägsallén	Umeå	79
Kolbäcksvägen	Umeå	76
Backenvägen	Umeå	49
Storgatan	Umeå	46
Skolgatan	Umeå	42
Tegsvägen	Umeå	42
Bölevägen	Umeå	40
Tomtebovägen	Umeå	40
Kungsgatan	Umeå	39
Svanhultsvägen	Undenäs	11
Stråhlevägen	Undenäs	9
Mariestadsvägen	Undenäs	8
Klockarstigen	Undenäs	7
Sanneruds Bygata	Undenäs	6
Sågdammsvägen	Undenäs	5
Kalle valks väg	Undenäs	3
Vångstigen	Undenäs	3
Fredrik Ådahls väg	Undenäs	2
Göte Hellmans väg	Undenäs	2
Byvägen	Undersåker	20
Fjällfararvägen	Undersåker	11
Hosenvägen	Undersåker	8
Kläppenvägen	Undersåker	4
Åvägen	Undersåker	4
Grimstavägen	Undersåker	3
Hållgårdsvägen	Undersåker	3
Rådjursstigen	Undersåker	3
Vålådalsvägen	Undersåker	3
Älgstigen	Undersåker	3
Folkhögskolevägen	Undrom	9
Älvvägen	Undrom	6
Hallonvägen	Undrom	3
Smultronvägen	Undrom	2
Grusgropsvägen	Undrom	1
Lingonvägen	Undrom	1
Södra vägen	Unnaryd	17
Bolmenvägen	Unnaryd	9
Österlånggatan	Unnaryd	8
Norra vägen	Unnaryd	7
Kvarnvägen	Unnaryd	6
Ringvägen	Unnaryd	6
Sjövägen	Unnaryd	5
Torget	Unnaryd	5
Gärdesvägen	Unnaryd	4
Hagvägen	Unnaryd	4
Häftängsvägen	Upphärad	12
Sjuntorpsvägen	Upphärad	9
Hanshagevägen	Upphärad	7
Snickerivägen	Upphärad	7
Kobergsvägen	Upphärad	6
Åsakavägen	Upphärad	5
Smedvägen	Upphärad	4
Bothultsvägen	Upphärad	3
Ingelsvägen	Upphärad	3
Kyrkväktarns väg	Upphärad	3
Centralvägen	Upplands Väsby	63
Enköpingsvägen	Upplands Väsby	59
Hagvägen	Upplands Väsby	57
Granhammarsvägen	Upplands Väsby	53
Husarvägen	Upplands Väsby	52
Frestavägen	Upplands Väsby	48
Breddenvägen	Upplands Väsby	47
Smedbyvägen	Upplands Väsby	41
Väsbyvägen	Upplands Väsby	41
Stockholmsvägen	Upplands Väsby	39
Dag Hammarskjölds väg	Uppsala	72
Rapsgatan	Uppsala	65
Råbyvägen	Uppsala	50
Stålgatan	Uppsala	50
Fyrislundsgatan	Uppsala	49
Börjegatan	Uppsala	48
Vaksalagatan	Uppsala	41
Gamla Uppsalagatan	Uppsala	40
Tycho Hedéns väg	Uppsala	39
Fålhagsleden	Uppsala	36
Smedjevägen	Urshult	17
Skolvägen	Urshult	10
Stationsvägen	Urshult	8
Kanalvägen	Urshult	7
Sirkövägen	Urshult	6
Hunnamålavägen	Urshult	5
Ängsvägen	Urshult	5
Bergsvägen	Urshult	4
Ekliden	Urshult	4
Gamla Sirkövägen	Urshult	3
Skelleftehamnsvägen	Ursviken	37
Gunsenvägen	Ursviken	13
Holmgatan	Ursviken	13
Järnvägsleden	Ursviken	13
Mekanvägen	Ursviken	12
Bergsbyvägen	Ursviken	10
Furunäsgatan	Ursviken	9
Slipvägen	Ursviken	9
Bockholmsvägen	Ursviken	7
Skyttevägen	Ursviken	7
Mörtsalsvägen	Utansjö	13
Tjärnvägen	Utansjö	13
Bruksvägen	Utansjö	5
Timmervägen	Utansjö	3
Vallvägen	Utansjö	3
Bokhållarvägen	Utansjö	2
Banvägen	Utansjö	1
Lindforsvägen	Utansjö	1
Patronvägen	Utansjö	1
Timmermansstigen	Uttran	79
Söderby gårds väg	Uttran	46
Storskogsvägen	Uttran	45
Söderby torgs allé	Uttran	37
Sandstuguvägen	Uttran	34
Orrstigen	Uttran	29
Skyttorpsvägen	Uttran	29
Mosshagestigen	Uttran	23
Murarstigen	Uttran	22
Prästbodavägen	Uttran	21
Hamnuddsvägen	Utö	10
Långviksvägen	Utö	7
Mynäsuddsvägen	Utö	7
Storbyvägen	Utö	7
Korsbyhagsvägen	Utö	6
Krokavägen	Utö	6
Prästbacken	Utö	6
Övre vägen	Utö	5
Rävstaviksvägen	Utö	4
Tallparksvägen	Utö	4
Kung Valdemars väg	Vadstena	28
Bjälbovägen	Vadstena	13
Svelviksvägen	Vadstena	13
Klosterledsgatan	Vadstena	11
Tycklingevägen	Vadstena	11
Kolonivägen	Vadstena	8
Kärleksstigen	Vadstena	8
Motalagatan	Vadstena	8
Nådendalsvägen	Vadstena	8
Borgmästaregatan	Vadstena	6
Jönköpingsvägen	Vaggeryd	24
Götaforsvägen	Vaggeryd	15
Karlavägen	Vaggeryd	12
Torsbovägen	Vaggeryd	12
Ringvägen	Vaggeryd	10
Södra Parkvägen	Vaggeryd	10
Ödestuguvägen	Vaggeryd	9
Dammgatan	Vaggeryd	8
Lingonstigen	Vaggeryd	8
Munksjögatan	Vaggeryd	8
Tors hage	Vagnhärad	20
Skolvägen	Vagnhärad	15
Centrumvägen	Vagnhärad	13
Frejas hage	Vagnhärad	13
Lokes hage	Vagnhärad	13
Odens hage	Vagnhärad	13
Brovägen	Vagnhärad	11
Gnestavägen	Vagnhärad	10
Lundbyvägen	Vagnhärad	10
Lånestavägen	Vagnhärad	9
Valbovägen	Valbo	111
Hagaströmsvägen	Valbo	46
Allmänningevägen	Valbo	42
Mackmyravägen	Valbo	35
Oslättforsvägen	Valbo	34
Durovägen	Valbo	23
Västbyggevägen	Valbo	20
Ängsbergsvägen	Valbo	20
Trullsbovägen	Valbo	19
Åbyforsvägen	Valbo	19
Gamla riksvägen	Valdemarsvik	31
Norrgatan	Valdemarsvik	10
Storgatan	Valdemarsvik	10
Granbrinken	Valdemarsvik	9
Lundavägen	Valdemarsvik	9
Brogatan	Valdemarsvik	8
Svedjevägen	Valdemarsvik	8
Skyttevägen	Valdemarsvik	7
Båthusvägen	Valdemarsvik	6
Gamla Grytsvägen	Valdemarsvik	6
Katrineholmsvägen	Valla	13
Parkgatan	Valla	8
Björkövägen	Valla	6
Sturevägen	Valla	6
Fredsgatan	Valla	5
Villagatan	Valla	5
Idrottsvägen	Valla	4
Järnvägsgatan	Valla	4
Skogsvägen	Valla	4
Sköldingevägen	Valla	4
Bredgatan	Vallberga	13
Åkaregatan	Vallberga	12
Kövlingevägen	Vallberga	7
Lögnäsvägen	Vallberga	7
Astervägen	Vallberga	6
Mellby Brovägen	Vallberga	6
Mellby Kvarnvägen	Vallberga	5
Skottorpsvägen	Vallberga	5
Spånvägen	Vallberga	4
Anemonvägen	Vallberga	3
Dyrestensvägen	Vallda	32
Rörmöstvägen	Vallda	31
Valldavägen	Vallda	26
Råhagsvägen	Vallda	20
Kyrkoby Dalavägen	Vallda	17
Sandövägen	Vallda	17
Bråtåsvägen	Vallda	16
Hebergsvägen	Vallda	16
Källåsvägen	Vallda	12
Stensiksvägen	Vallda	10
Bällstavägen	Vallentuna	35
Jarlabankes väg	Vallentuna	28
Sormenvägen	Vallentuna	28
Kyrkvägen	Vallentuna	25
Banvägen	Vallentuna	23
Karlbergsvägen	Vallentuna	23
Angarnsvägen	Vallentuna	22
Arningevägen	Vallentuna	22
Bällstabergsvägen	Vallentuna	22
Sjöbergsvägen	Vallentuna	22
Vallsta riksväg	Vallsta	20
Orbadenvägen	Vallsta	9
Östernäsvägen	Vallsta	8
Gamla Orbadenvägen	Vallsta	5
Sågvägen	Vallsta	5
Solängsvägen	Vallsta	4
Gummervallen	Vallsta	3
Nor Öratjärn	Vallsta	3
Norra Orbadenvägen	Vallsta	3
Nyvallen	Vallsta	3
Marviksvägen	Vallvik	17
Rönnvägen	Vallvik	7
Askvägen	Vallvik	6
Lönnvägen	Vallvik	6
Lindvägen	Vallvik	5
Bokvägen	Vallvik	3
Häggvägen	Vallvik	3
Centralvägen	Vallvik	2
Envägen	Vallvik	2
Kasuddsvägen	Vallvik	2
Norra Vallåkravägen	Vallåkra	8
Östra Fjärestadsvägen	Vallåkra	6
Fastmårupsvägen	Vallåkra	5
Ormastorps skolväg	Vallåkra	5
Alstigen	Vallåkra	4
Borgvägen	Vallåkra	4
Kövlebäcksvägen	Vallåkra	4
Aspavägen	Vallåkra	3
Backvägen	Vallåkra	3
Blomsterstigen	Vallåkra	3
Arbogavägen	Valskog	9
Villagatan	Valskog	6
Skarpängsvägen	Valskog	4
Tallstigen	Valskog	4
Skolgatan	Valskog	3
Västerlånggatan	Valskog	3
Borsingbyvägen	Valskog	2
Dammvägen	Valskog	2
Ekstigen	Valskog	2
Granvägen	Valskog	2
Finjagatan	Vankiva	6
Skogslöparvägen	Vankiva	6
Kärrvägen	Vankiva	5
Pukehusvägen	Vankiva	5
Stjärneholmsvägen	Vankiva	5
Bollvägen	Vankiva	3
Korsvägen	Vankiva	3
Mossvägen	Vankiva	3
Nyckelvägen	Vankiva	3
Diskusvägen	Vankiva	2
Dalasågen	Vansbro	17
Älvgatan	Vansbro	17
Filipstadsvägen	Vansbro	13
Järnavägen	Vansbro	12
Lerbäcksvägen	Vansbro	10
Äppelbovägen	Vansbro	10
Flottarvägen	Vansbro	9
Järnvägsgatan	Vansbro	9
Norra Allégatan	Vansbro	8
Träkolsvägen	Vansbro	8
Smedjegatan	Vara	22
Östra Ringleden	Vara	12
Kungsgatan	Vara	10
Badhusgatan	Vara	9
Skolgatan	Vara	9
Ekvägen	Vara	8
Torggatan	Vara	8
Ekedalsgatan	Vara	7
Torsgatan	Vara	7
Allégatan	Vara	6
Träslövsvägen	Varberg	50
Västkustvägen	Varberg	42
Engelbrektsgatan	Varberg	35
Värnamovägen	Varberg	32
Trädlyckevägen	Varberg	29
Österleden	Varberg	29
Getterövägen	Varberg	28
Sjukhusallén	Varberg	26
Ringvägen	Varberg	22
Föreningsgatan	Varberg	21
Ringserödsvägen	Varekil	10
Jöråsvägen	Varekil	7
Mikaelsstrandsvägen	Varekil	7
Hedströms väg	Varekil	5
Hästhagevägen	Varekil	4
Råbergsvägen	Varekil	4
Tegenvägen	Varekil	4
Bokvägen	Varekil	3
Elvägen	Varekil	3
Industrivägen	Varekil	3
Nordkroksvägen	Vargön	40
Granåsvägen	Vargön	23
Lilleskogsvägen	Vargön	18
Parkvägen	Vargön	17
Storegårdsvägen	Vargön	15
Tomtevägen	Vargön	15
Restadvägen	Vargön	13
Älgvägen	Vargön	13
Falkvägen	Vargön	12
Fridhemsvägen	Vargön	12
Axevallavägen	Varnhem	10
Ödegårdsvägen	Varnhem	8
Öglundavägen	Varnhem	8
Broddetorpsvägen	Varnhem	5
Höjentorpsvägen	Varnhem	5
Skärvavägen	Varnhem	5
Abbotvägen	Varnhem	4
Munkvägen	Varnhem	3
Borregårdsvägen	Varnhem	2
Fogdegårdsvägen	Varnhem	2
Skolgatan	Vartofta	9
Idrottsgatan	Vartofta	7
Järnvägsgatan	Vartofta	7
Östergårdsgatan	Vartofta	7
Västervägen	Vartofta	6
Elvagatan	Vartofta	5
Kvarnvägen	Vartofta	4
Vallgatan	Vartofta	4
Lidgatan	Vartofta	3
Smedjegatan	Vartofta	3
Skarvvägen	Vassmolösa	27
Småskolevägen	Vassmolösa	13
Yxnebergavägen	Vassmolösa	12
Sandviksgatan	Vassmolösa	11
Markgatan	Vassmolösa	9
Törsbogatan	Vassmolösa	9
Kolbodagatan	Vassmolösa	8
Länsmansvägen	Vassmolösa	7
Prosits väg	Vassmolösa	6
Bottorpsvägen	Vassmolösa	5
Malmkörarvägen	Vattholma	23
Bruksgårdarna	Vattholma	15
Malmvågsvägen	Vattholma	14
Dannemoravägen	Vattholma	11
Bruksförvaltarvägen	Vattholma	9
Gruvfogdevägen	Vattholma	8
Konstnärsvägen	Vattholma	6
Hammarsmedsvägen	Vattholma	5
Långåkersvägen	Vattholma	5
Östantorpsvägen	Vattholma	4
Rindövägen	Vaxholm	40
Skärmarängsvägen	Vaxholm	31
Eriksövägen	Vaxholm	27
Ytterbystrandsvägen	Vaxholm	27
Norrkullavägen	Vaxholm	25
Karlsuddsvägen	Vaxholm	24
Tynningövägen	Vaxholm	24
Skarpövägen	Vaxholm	21
Tynningösundsvägen	Vaxholm	21
Militärvägen	Vaxholm	17
Nils Påls väg	Veberöd	28
Idalavägen	Veberöd	21
Hövadsvägen	Veberöd	14
Handslagarevägen	Veberöd	12
Häggvägen	Veberöd	11
Planteringsvägen	Veberöd	10
Skogsängavägen	Veberöd	9
Brännarevägen	Veberöd	8
Klingvallavägen	Veberöd	8
Södra Järnvägsgatan	Veberöd	8
Kapmansvägen	Veddige	15
Viskastigen	Veddige	13
Västra Ringvägen	Veddige	11
Östra Ringvägen	Veddige	11
Åsbyvägen	Veddige	9
Annedalsvägen	Veddige	8
Fågelvägen	Veddige	8
Dammgatan	Veddige	6
Glamsjövägen	Veddige	6
Nygatan	Veddige	6
Kinnevaldsvägen	Vederslöv	4
Ljungsåkravägen	Vederslöv	4
Bosgårdsvägen	Vederslöv	2
Naturvägen	Vederslöv	1
Vidars väg	Vederslöv	1
Hallencreutz väg	Vedevåg	13
Karlslundsvägen	Vedevåg	7
Norrmalmsvägen	Vedevåg	7
Bosjövägen	Vedevåg	6
Emanuels väg	Vedevåg	5
Kvarnbackavägen	Vedevåg	5
Kvarnbackaö	Vedevåg	5
Oxhagsvägen	Vedevåg	4
Snickartorpsvägen	Vedevåg	4
Storövägen	Vedevåg	4
Larvsvägen	Vedum	12
Bitternavägen	Vedum	10
Torggatan	Vedum	6
Blåbärsstigen	Vedum	4
Elingsvägen	Vedum	4
Per Hiertas gata	Vedum	4
Södra torget	Vedum	4
Varavägen	Vedum	4
Vidhemsgatan	Vedum	4
Brukaregatan	Vedum	3
Lissmavägen	Vega	37
Vidjavägen	Vega	24
Gamla Nynäsvägen	Vega	21
Ebbadalsvägen	Vega	18
Ekedals byväg	Vega	18
Nynäsvägen	Vega	17
Ådravägen	Vega	17
Hermanstorpsvägen	Vega	15
Svarvarvägen	Vega	15
Speditionsvägen	Vega	14
Storgatan	Vegby	16
Ängsö väg	Vegby	10
Boråsvägen	Vegby	9
Sjöbovägen	Vegby	9
Rudevägen	Vegby	8
Ekvägen	Vegby	7
Karl Johans väg	Vegby	7
Gamlebyvägen	Vegby	6
Sjövägen	Vegby	6
Strandvägen	Vegby	6
Solhemsvägen	Veinge	10
Elestorpsvägen	Veinge	9
Veingevägen	Veinge	9
Vasagatan	Veinge	8
Högabergsgatan	Veinge	7
Skogabyvägen	Veinge	7
Ådalavägen	Veinge	7
Kattarpsvägen	Veinge	6
Laholmsvägen	Veinge	6
Växthusgatan	Veinge	6
Kustroddarevägen	Vejbystrand	17
Skogsvägen	Vejbystrand	12
Gulmårevägen	Vejbystrand	10
Haragårdsvägen	Vejbystrand	10
Vångavägen	Vejbystrand	10
Brinkvägen	Vejbystrand	9
Fäladsvägen	Vejbystrand	8
Kohagevägen	Vejbystrand	8
Rönnbärsvägen	Vejbystrand	8
Allmänningen	Vejbystrand	7
Långeväg	Vellinge	17
Malmövägen	Vellinge	17
Ängavägen	Vellinge	14
Hovgatan	Vellinge	13
Åkeshögsvägen	Vellinge	13
Ladugatan	Vellinge	12
Eskilstorps Ängaväg	Vellinge	11
Gamla landsvägen	Vellinge	11
Klövergången	Vellinge	11
Trelleborgsvägen	Vellinge	11
Vemdalsskalet Gamla landsvägen	Vemdalen	32
Björnrike Björnvägen	Vemdalen	20
Håvägen	Vemdalen	13
Klockarfjällsvägen	Vemdalen	13
Östgärdegatan	Vemdalen	12
Björnrike Fågelvägen	Vemdalen	10
Vemdalsskalet Björnstigen	Vemdalen	10
Vemdalsskalet Lidvägen	Vemdalen	10
Vemdalsskalet Ströms väg	Vemdalen	10
Skomakargatan	Vemdalen	9
Vallarvägen	Vemhån	9
Stationsvägen	Vemhån	7
Östbergsgatan	Vemhån	5
Östmovägen	Vemhån	5
Kölvägen	Vemhån	4
Kyrkogårdsvägen	Vemhån	3
Näsvägen	Vemhån	3
Såggatan	Vemhån	3
Allévägen	Vemhån	2
Bergarvägen	Vemhån	2
Skärgårdsvägen	Venjan	14
Östervägen	Venjan	13
Högbovägen	Venjan	10
Näshedsvägen	Venjan	10
Kräggtjärnsvägen	Venjan	9
Fågelbacksvägen	Venjan	6
Gammelvägen	Venjan	6
Kroksvägen	Venjan	6
Bergvägen	Venjan	5
Kelingholsvägen	Venjan	5
Forsvägen	Vessigebro	13
Venebergsvägen	Vessigebro	10
Sjönevadsvägen	Vessigebro	9
Järnvägsgatan	Vessigebro	7
Brogatan	Vessigebro	5
Ringarekullsvägen	Vessigebro	5
Sörbyvägen	Vessigebro	5
Lilla Ljungbyvägen	Vessigebro	4
Möllegårdsvägen	Vessigebro	4
Villagatan	Vessigebro	4
Storgatan	Vetlanda	38
Västerleden	Vetlanda	32
Kullgatan	Vetlanda	26
Industrigatan	Vetlanda	22
Lasarettsgatan	Vetlanda	22
Vasagatan	Vetlanda	22
Norrvägen	Vetlanda	20
Nygatan	Vetlanda	20
Torngatan	Vetlanda	18
Bäcksedavägen	Vetlanda	17
Järventausvägen	Vettasjärvi	4
Nya Skolvägen	Vettasjärvi	4
Kalixälvsvägen	Vettasjärvi	3
Männikkö	Vettasjärvi	3
Bygdevägen	Vettasjärvi	2
Myllysuanto	Vettasjärvi	2
Eriksvägen	Vettasjärvi	1
Lappeasuando	Vettasjärvi	1
Lostontörmä	Vettasjärvi	1
Porojärvivägen	Vettasjärvi	1
Övre Brännmarksvägen	Vidsel	16
Skolgränd	Vidsel	9
Kronovägen	Vidsel	5
Haradsvägen	Vidsel	4
Sävstigen	Vidsel	4
Villagatan	Vidsel	4
Älgstigen	Vidsel	3
Älvbrinken	Vidsel	3
Åsgatan	Vidsel	3
Övre Haradsvägen	Vidsel	3
Kärvsåsens byväg	Vikarbyn	23
Gulleråsen Furudalsvägen	Vikarbyn	22
Östra Röjeråsvägen	Vikarbyn	21
Granmorvägen	Vikarbyn	18
Västbjörka Bygatu	Vikarbyn	14
Östansjövägen	Vikarbyn	14
Gulleråsen Gamla Landsvägen	Vikarbyn	13
Gärdevägen	Vikarbyn	13
Gålarvägen	Vikarbyn	13
Röjeråsen Gamla vägen	Vikarbyn	13
Båtbyggarvägen	Vikbolandet	15
Ålbergavägen	Vikbolandet	7
Kvarsebovägen	Vikbolandet	6
Mossvägen	Vikbolandet	6
Hagsätersvägen	Vikbolandet	5
Virbyvägen	Vikbolandet	5
Hagadalsvägen	Vikbolandet	4
Haganäsvägen	Vikbolandet	4
Hällavägen	Vikbolandet	3
Nävekvarnsvägen	Vikbolandet	3
Bygatan	Viken	32
Karlsfältsvägen	Viken	19
Prästavägen	Viken	13
Solrosvägen	Viken	13
Askvägen	Viken	12
Hylleblomsvägen	Viken	12
Rågången	Viken	12
Svanebäcksvägen	Viken	12
Samsvägen	Viken	11
Hyllebärsvägen	Viken	10
Fårhagsvägen	Vikingstad	17
Alkottsgatan	Vikingstad	14
Nobymalmsvägen	Vikingstad	13
Spärringevägen	Vikingstad	11
Mariedalsgatan	Vikingstad	10
Fältgatan	Vikingstad	9
Lunnevadsvägen	Vikingstad	9
Rönnbärsgatan	Vikingstad	9
Västerleden	Vikingstad	9
Björkliden	Vikingstad	8
Nornvägen	Vikmanshyttan	28
Hedemoravägen	Vikmanshyttan	25
Rostugnsvägen	Vikmanshyttan	17
Angersteinvägen	Vikmanshyttan	10
Tallgatan	Vikmanshyttan	9
Mats Jansvägen	Vikmanshyttan	8
Trädgårdsvägen	Vikmanshyttan	8
Bergslagsvägen	Vikmanshyttan	7
Björkallén	Vikmanshyttan	7
Granbovägen	Vikmanshyttan	6
Hogatan	Viksjöfors	6
Viksjöforsvägen	Viksjöfors	6
Björkträvägen	Viksjöfors	4
Grängsbovägen	Viksjöfors	4
Farbäcksvägen	Viksjöfors	3
Gamla Östanåvägen	Viksjöfors	3
Kolbryggevägen	Viksjöfors	3
Postallén	Viksjöfors	3
Solsvägen	Viksjöfors	3
Bältravägen	Viksjöfors	2
Volgsjövägen	Vilhelmina	28
Baksjöstrandsvägen	Vilhelmina	16
Skolgatan	Vilhelmina	9
Föreningsgatan	Vilhelmina	8
Videvägen	Vilhelmina	8
Bergbackavägen	Vilhelmina	7
Industrivägen	Vilhelmina	7
Strandvägen	Vilhelmina	7
Tallåsvägen	Vilhelmina	7
Dalagatan	Vilhelmina	6
Vånga kyrkväg	Villands Vånga	24
Näsumsvägen	Villands Vånga	21
Råabergsvägen	Villands Vånga	13
Fegelstorpsvägen	Villands Vånga	11
Bergavägen	Villands Vånga	8
Enetorpsvägen	Villands Vånga	8
Möllerydsvägen	Villands Vånga	8
Blistorpsvägen	Villands Vånga	7
Bonggårdsvägen	Villands Vånga	7
Lerjevallsvägen	Villands Vånga	7
Höghultsvägen	Vilshult	24
Södra Fröatorpsvägen	Vilshult	18
Södra Kullanvägen	Vilshult	15
Brännarebygdsvägen	Vilshult	13
Norra Fröatorpsvägen	Vilshult	13
Harasjömålavägen	Vilshult	11
Näbbebodavägen	Vilshult	10
Snöflebodavägen	Vilshult	10
Industrivägen	Vilshult	9
Stenabrovägen	Vilshult	9
Lundgatan	Vimmerby	55
Drottninggatan	Vimmerby	24
Storgatan	Vimmerby	22
Vimmerbyallén	Vimmerby	22
Hamravägen	Vimmerby	19
Prästgårdsgatan	Vimmerby	18
Petersborgsvägen	Vimmerby	15
Hultsfredsvägen	Vimmerby	14
Hällebackavägen	Vimmerby	14
Astrid Lindgrens gata	Vimmerby	13
Kabelvägen	Vinberg	9
Hedvägen	Vinberg	7
Svenljungavägen	Vinberg	7
Blackebergsvägen	Vinberg	6
Hällerupsvägen	Vinberg	6
Torsholmsvägen	Vinberg	6
Falkenbergsvägen	Vinberg	5
Hällebergsvägen	Vinberg	5
Lastadsvägen	Vinberg	5
Citronvägen	Vinberg	4
Sörvägen	Vindelgransele	5
Affärsvägen	Vindelgransele	3
Norrvägen	Vindelgransele	2
Tåvägen	Vindeln	12
Byavägen	Vindeln	10
Allan Jonssons väg	Vindeln	8
Karlsgårdsvägen	Vindeln	8
Folkhögskolevägen	Vindeln	7
Storvägen	Vindeln	7
Brånsvägen	Vindeln	5
Granvägen	Vindeln	5
Ordenshusvägen	Vindeln	5
Segerståhls väg	Vindeln	5
Repslagarvägen	Vingåker	17
Vikingavägen	Vingåker	13
Jägaregatan	Vingåker	10
Storgatan	Vingåker	10
Ringvägen	Vingåker	9
Hantverksgatan	Vingåker	8
Sjöstigen	Vingåker	8
Engelbrektsgatan	Vingåker	7
Bergsgatan	Vingåker	6
Ekgatan	Vingåker	6
Stenåsvägen	Vinninga	16
Konvaljevägen	Vinninga	12
Falkagårdsvägen	Vinninga	7
Filsbäcksvägen	Vinninga	7
Gamla Lidköpingsvägen	Vinninga	5
Karl Johansvägen	Vinninga	5
Mariestadsvägen	Vinninga	5
Blåbärsvägen	Vinninga	4
Ljungvägen	Vinninga	4
Plommonvägen	Vinninga	4
Furutorpsgatan	Vinslöv	20
Föreningsgatan	Vinslöv	18
Bergsgatan	Vinslöv	13
Ljunggatan	Vinslöv	13
Ringvägen	Vinslöv	11
Södra Järnvägsgatan	Vinslöv	11
Vannebergavägen	Vinslöv	11
Bergmans allé	Vinslöv	8
Storgatan	Vinslöv	7
Knutsgatan	Vinslöv	6
Skolgatan	Vintrosa	15
Vombovägen	Vintrosa	12
Bergavägen	Vintrosa	10
Säbygatan	Vintrosa	10
Holmsätersvägen	Vintrosa	9
Korallvägen	Vintrosa	6
Latorpsvägen	Vintrosa	6
Oskarsvägen	Vintrosa	6
Viavägen	Vintrosa	6
Violvägen	Vintrosa	6
Lappalänsvägen	Virestad	4
Horshultsvägen	Virestad	3
Klockarevägen	Virestad	3
Pehr Hörbergs väg	Virestad	3
Kantorsvägen	Virestad	1
Komministervägen	Virestad	1
Per Väktares väg	Virestad	1
Industrileden	Virsbo	17
Lövviksvägen	Virsbo	12
Trummelsbergsvägen	Virsbo	11
Västansjövägen	Virsbo	11
Jägargatan	Virsbo	9
Herrgårdsvägen	Virsbo	7
Allévägen	Virsbo	6
Bruksvägen	Virsbo	6
Svetsarvägen	Virsbo	6
Ulvsbomurvägen	Virsbo	6
Storgatan	Virserum	17
Björkmossavägen	Virserum	12
Fabriksgatan	Virserum	10
Rödmossavägen	Virserum	9
Ringvägen	Virserum	7
Sjöstigen	Virserum	7
Bastugatan	Virserum	6
Fritidsvägen	Virserum	6
Granliden	Virserum	6
Badstigen	Virserum	5
Visbyleden	Visby	34
Furulundsgatan	Visby	29
Själsö Själsövägen	Visby	29
Färjeleden	Visby	25
Allégatan	Visby	24
S:t Hansgatan	Visby	24
Mellangatan	Visby	21
Stenkumlaväg	Visby	19
Strandgatan	Visby	19
Östra Hansegatan	Visby	18
Norrbovägen	Visingsö	16
Tunnerstavägen	Visingsö	7
Trädgårdsvägen	Visingsö	4
Rosenstigen	Visingsö	3
Hamnvägen	Visingsö	2
Lyckevägen	Visingsö	2
Missionshusvägen	Visingsö	2
Rökingevägen	Visingsö	2
Skattegårdsvägen	Visingsö	2
Västervägen	Visingsö	2
Viskarhultsvägen	Viskafors	31
Nya vägen	Viskafors	20
Fritslavägen	Viskafors	18
Ögärdsvägen	Viskafors	18
Högavägen	Viskafors	9
Hagkällevägen	Viskafors	8
Fagerhultsvägen	Viskafors	7
Källebergsgatan	Viskafors	7
Kyrkvägen	Viskafors	5
Brunnsvägen	Viskafors	4
Fabriksgatan	Vislanda	14
Storgatan	Vislanda	13
Elnarydsvägen	Vislanda	12
Glasmästaregatan	Vislanda	11
Husebyvägen	Vislanda	11
Kungsgatan	Vislanda	8
Byvägen	Vislanda	6
Gärdesvägen	Vislanda	6
Olvägen	Vislanda	6
Movägen	Vislanda	5
Kyrkogatan	Vissefjärda	13
Torggatan	Vissefjärda	10
Salebodavägen	Vissefjärda	9
Storegårdsgatan	Vissefjärda	7
Ellingevägen	Vissefjärda	6
Gamla vägen	Vissefjärda	5
Ringvägen	Vissefjärda	5
Storgatan	Vissefjärda	5
Turevägen	Vissefjärda	5
Törnsjövägen	Vissefjärda	5
Toftavägen	Visseltofta	5
Broslättvägen	Visseltofta	3
Bollvägen	Visseltofta	1
Grims väg	Visseltofta	1
Gräsljungavägen	Visseltofta	1
Kyrkvägen	Visseltofta	1
Osbyvägen	Visseltofta	1
Rävabackavägen	Visseltofta	1
Råstadsvägen	Visseltofta	1
Stures väg	Visseltofta	1
Berggrensvägen	Vistträsk	9
Köpmangatan	Vistträsk	7
Smedjevägen	Vistträsk	7
Fransvägen	Vistträsk	5
Strandvägen	Vistträsk	5
Triangelgatan	Vistträsk	4
Edegatan	Vistträsk	3
Liden	Vistträsk	3
Sörvägen	Vistträsk	3
Erikssons gata	Vistträsk	2
S:t Olofsvägen	Vitaby	25
Verkaåvägen	Vitaby	14
Hjälmarödsvägen	Vitaby	13
Sandvägen	Vitaby	12
Garnhängevägen	Vitaby	11
Kiviks stora väg	Vitaby	10
Prästavägen	Vitaby	10
Klammersbäcksvägen	Vitaby	9
Gamla Grevlundavägen	Vitaby	7
Södra strandvägen	Vitaby	6
Sture Steens väg	Vittaryd	10
Askenäsvägen	Vittaryd	7
Färsjövägen	Vittaryd	6
Apotekarvägen	Vittaryd	5
Havrefållen	Vittaryd	5
Hångerbyvägen	Vittaryd	5
Bokuddevägen	Vittaryd	4
Finnatorpsvägen	Vittaryd	4
Göthbergs väg	Vittaryd	4
Hagastigen	Vittaryd	4
Gamla landsvägen	Vittinge	46
Lillbovägen	Vittinge	14
Näsbovägen	Vittinge	8
Smedstorpsvägen	Vittinge	7
Ösbyvägen	Vittinge	7
Ösbylundsvägen	Vittinge	6
Axtorpsvägen	Vittinge	5
Timmerbacksvägen	Vittinge	5
Hjälmvägen	Vittinge	4
Stubbovägen	Vittinge	4
Hårsjövägen	Vittsjö	10
Lehultsvägen	Vittsjö	9
Västanvägen	Vittsjö	9
Flyvägen	Vittsjö	7
Hässleholmsvägen	Vittsjö	7
Gamla vägen	Vittsjö	6
Uddvägen	Vittsjö	6
Vittsjövägen	Vittsjö	6
Gamla Porrarpsvägen	Vittsjö	5
Oretorpsvägen	Vittsjö	5
Frisebodavägen	Vittskövle	16
Furubodavägen	Vittskövle	14
Kölevägen	Vittskövle	11
Nyagropsvägen	Vittskövle	10
Roteholmsvägen	Vittskövle	9
Mickelsholmsvägen	Vittskövle	8
Sommarbyvägen	Vittskövle	8
Kärrfästevägen	Vittskövle	7
Olserödsvägen	Vittskövle	6
Styrbordsvägen	Vittskövle	6
Isigårdsvägen	Vitå	13
Laviksvägen	Vitå	12
Metträskvägen	Vitå	12
Sandgrundsvägen	Vitå	12
Vitåskatan	Vitå	12
Högsön	Vitå	10
Öberget	Vitå	9
Hammars	Vitå	8
Rörbäcksvägen	Vitå	8
Tjärnbergsvägen	Vitå	8
Grönadalsvägen	Vollsjö	20
Västra Klasarödsvägen	Vollsjö	11
Hörbyvägen	Vollsjö	9
Järskogsvägen	Vollsjö	9
Kristinelundsvägen	Vollsjö	9
Vollsjö Ängaväg	Vollsjö	9
Spissavägen	Vollsjö	8
Starrarps Oreväg	Vollsjö	8
Stavskogsvägen	Vollsjö	8
Västervångsvägen	Vollsjö	8
Forsarnas väg	Vormsele	7
Abborrtjärnvägen	Vormsele	4
Byavägen	Vormsele	2
Vinbärsvägen	Vormsele	1
Dalfors Dalforsvägen	Voxnabruk	18
Östanvik Godrishedsvägen	Voxnabruk	14
Bruksvägen	Voxnabruk	12
Dalstuga Rockavägen	Voxnabruk	12
Dalfors Bölevägen	Voxnabruk	9
Dalfors Körnhagsvägen	Voxnabruk	9
Östanvik Nordviksgatan	Voxnabruk	9
Östanvik Oxbacken	Voxnabruk	8
Brobergsvägen	Voxnabruk	7
Östanvik Borrtäktsvägen	Voxnabruk	6
Strandvägen	Vrena	9
Prästebolsvägen	Vrena	6
Hagavägen	Vrena	4
Villavägen	Vrena	4
Ekhovsvägen	Vrena	3
Ekövägen	Vrena	3
Jurellsvägen	Vrena	3
Mårtensdalsvägen	Vrena	3
Skönstavägen	Vrena	3
Tärnövägen	Vrena	3
Ugglebovägen	Vreta Kloster	20
Södra Cloettavägen	Vreta Kloster	15
Fårhjordsvägen	Vreta Kloster	13
Hedagatan	Vreta Kloster	11
Gransbovägen	Vreta Kloster	10
Mjölorpsvägen	Vreta Kloster	10
Sjöliden	Vreta Kloster	10
Björnsbacken	Vreta Kloster	9
Gurkvägen	Vreta Kloster	9
Knivingsdalsgatan	Vreta Kloster	8
Askersundsvägen	Vretstorp	24
Knölagatan	Vretstorp	17
Källgatan	Vretstorp	13
Sundbyvägen	Vretstorp	10
Ekbäcksvägen	Vretstorp	9
Lunnagatan	Vretstorp	9
Markatorpsvägen	Vretstorp	9
Rabogatan	Vretstorp	6
Torngatan	Vretstorp	6
Skävivägen	Vretstorp	5
Södra vägen	Vrigstad	8
Mellangårdsvägen	Vrigstad	7
Sandslättsvägen	Vrigstad	7
Trävaruvägen	Vrigstad	7
Lundbyvägen	Vrigstad	6
Mejerigatan	Vrigstad	6
Sigfridsvägen	Vrigstad	6
Vinks väg	Vrigstad	6
Gästgivaregatan	Vrigstad	5
Jönköpingsvägen	Vrigstad	4
Ringvägen	Vuollerim	12
Älvvägen	Vuollerim	12
Bodenvägen	Vuollerim	11
Långgatan	Vuollerim	10
Kyrkvägen	Vuollerim	8
Björkvägen	Vuollerim	6
Domänvägen	Vuollerim	5
Gästgivarestigen	Vuollerim	4
Lärarstigen	Vuollerim	4
Malmgatan	Vuollerim	4
Centrumgatan	Väckelsång	9
Skogslyckevägen	Väckelsång	8
Björkeborgsgatan	Väckelsång	5
Växjövägen	Väckelsång	5
Bilvägen	Väckelsång	3
Dackegatan	Väckelsång	3
Fiskestadsvägen	Väckelsång	3
Flustervägen	Väckelsång	3
Gamla vägen	Väckelsång	3
Lyckovägen	Väckelsång	3
Ortalavägen	Väddö	53
Nothamnsvägen	Väddö	30
Edeby byväg	Väddö	27
Borntorpsvägen	Väddö	24
Kvarnkärrsvägen	Väddö	20
Mälbyvägen	Väddö	17
Norra Edebyvägen	Väddö	16
Sandviksvägen	Väddö	16
Ortala byväg	Väddö	14
Edebyhamnsvägen	Väddö	13
Folkungavägen	Väderstad	8
Vallsbergsvägen	Väderstad	5
Stationsvägen	Väderstad	4
Östadsvägen	Väderstad	3
Bäckgatan	Väderstad	2
Kvarngatan	Väderstad	2
Västbergavägen	Väderstad	2
Östbergavägen	Väderstad	2
Gatugårdsvägen	Väderstad	1
Hagtornsvägen	Väderstad	1
Sportvägen	Väja	24
Blästabacken	Väja	22
Ovanbergsvägen	Väja	19
Sågvägen	Väja	14
Tempelvägen	Väja	13
Sulfatvägen	Väja	11
Strandvägen	Väja	10
Kontorsvägen	Väja	9
Lästavägen	Väja	9
Folketshusvägen	Väja	8
Grimstagatan	Vällingby	137
Sandviksvägen	Vällingby	116
Blomsterkungsvägen	Vällingby	110
Carl Bondes väg	Vällingby	88
Skattegårdsvägen	Vällingby	85
Ullvidevägen	Vällingby	79
Aprikosgatan	Vällingby	76
Backlöksvägen	Vällingby	73
Björnidegränd	Vällingby	73
Björnsonsgatan	Vällingby	73
Edsvägen	Vänersborg	24
Gropbrovägen	Vänersborg	23
Marierovägen	Vänersborg	17
Skavenvägen	Vänersborg	17
Östra vägen	Vänersborg	17
Öxneredsvägen	Vänersborg	17
Edsgatan	Vänersborg	16
Vassbottenleden	Vänersborg	14
Nygatan	Vänersborg	12
Regementsgatan	Vänersborg	12
Lantmätarvägen	Vänge	8
Gamla Salavägen	Vänge	4
Parisvägen	Vänge	3
Konsulentvägen	Vänge	2
Stinsvägen	Vänge	2
Vangsbyvägen	Vänge	2
Brunna björkväg	Vänge	1
Brunna lindväg	Vänge	1
Fibyvägen	Vänge	1
Rallarvägen	Vänge	1
Lägervägen	Vännäs	15
Nybyvägen	Vännäs	15
Pengsjövägen	Vännäs	13
Thulegatan	Vännäs	13
Västra Järnvägsgatan	Vännäs	10
Fredsgatan	Vännäs	9
Vegagatan	Vännäs	9
Örngatan	Vännäs	9
Envägen	Vännäs	7
Frejgatan	Vännäs	7
Skogsvägen	Vännäsby	13
Stationsvägen	Vännäsby	10
Nygatan	Vännäsby	8
Strandgatan	Vännäsby	8
Vännäsvägen	Vännäsby	8
Hästhovsvägen	Vännäsby	7
Blomstervägen	Vännäsby	6
Hembergsvägen	Vännäsby	6
Företagsvägen	Vännäsby	5
Rosenvägen	Vännäsby	5
Sjögårdsvägen	Värends Nöbbele	6
Sjöviksvägen	Värends Nöbbele	6
Dunshultsvägen	Väring	23
Binnebergsvägen	Väring	12
Räfsaregränd	Väring	11
Stora vägen	Väring	10
Ringvägen	Väring	9
Dragaregränd	Väring	8
Väringsvägen	Väring	8
Flygplatsvägen	Väring	7
Skolgatan	Väring	7
Hagtornsvägen	Väring	6
Äppelblomsvägen	Värmdö	36
Kullsvedsvägen	Värmdö	34
Skärgårdsvägen	Värmdö	23
Hemmesta dalväg	Värmdö	18
Torsbyvägen	Värmdö	18
Fruviksvägen	Värmdö	14
Torsby sjöväg	Värmdö	14
Kopparmoravägen	Värmdö	13
Evlinge skolväg	Värmdö	12
Kärleksstigen	Värmdö	12
Nyströmsvägen	Värmlands Nysäter	7
Gillbergavägen	Värmlands Nysäter	6
Marknadsvägen	Värmlands Nysäter	6
Bryngels väg	Värmlands Nysäter	4
Byälvsgatan	Värmlands Nysäter	3
Petters väg	Värmlands Nysäter	3
Byälvsvägen	Värmlands Nysäter	2
Motvallsvägen	Värmlands Nysäter	2
Olofs väg	Värmlands Nysäter	2
Garvarevägen	Värmlands Nysäter	1
Gamla Landsvägen	Värmskog	21
Rallvägen	Värmskog	7
Broviksvägen	Värmskog	5
Herrgårdsvägen	Värmskog	4
Vassgatan	Värmskog	4
Fägatan	Värmskog	3
L M Ericssons väg	Värmskog	3
Liljenäsvägen	Värmskog	3
Snickeribacken	Värmskog	3
Älgvägen	Värmskog	3
Jönköpingsvägen	Värnamo	30
Götavägen	Värnamo	26
Halmstadsvägen	Värnamo	22
Blomstervägen	Värnamo	21
Lagastigen	Värnamo	18
Växjövägen	Värnamo	18
Bruksvägen	Värnamo	15
Nylundsgatan	Värnamo	15
Gröndalsleden	Värnamo	13
Sveavägen	Värnamo	12
Stationsvägen	Värsås	11
Centralvägen	Värsås	9
Aftonpromenaden	Värsås	6
Bruntorpsvägen	Värsås	6
Östergårdsvägen	Värsås	6
Ekängsvägen	Värsås	5
Skogsdalsvägen	Värsås	5
Söndagsvägen	Värsås	5
Västerleden	Värsås	5
Brunnsvägen	Värsås	4
Varbergsvägen	Väröbacka	27
Gamla Buavägen	Väröbacka	22
Hovgårds strandväg	Väröbacka	17
Kvarnviksvägen	Väröbacka	17
Stavdervägen	Väröbacka	17
Bua bygata	Väröbacka	14
Hultavägen	Väröbacka	14
Lyckevägen	Väröbacka	14
Bålevägen	Väröbacka	12
Dammvägen	Väröbacka	12
Strandviksvägen	Väse	16
Storgatan	Väse	13
Hantverksgatan	Väse	7
Guståsgatan	Väse	6
Arnövägen	Väse	4
Torngatan	Väse	4
Åsviksvägen	Väse	4
Fridhemsgatan	Väse	3
Hammargatan	Väse	3
Mellangatan	Väse	3
Norbergsvägen	Västerfärnebo	8
Salbohedsvägen	Västerfärnebo	8
Islingbyvägen	Västerfärnebo	7
Aspvretsvägen	Västerfärnebo	5
Kärrvägen	Västerfärnebo	5
Snarvägen	Västerfärnebo	5
Kattkärrsvägen	Västerfärnebo	4
Prosthagsvägen	Västerfärnebo	4
Prästgårdsvägen	Västerfärnebo	4
Avestavägen	Västerfärnebo	3
Oxnövägen	Västerhaninge	40
Älgvägen	Västerhaninge	37
Vargvägen	Västerhaninge	31
Nynäsvägen	Västerhaninge	30
Ribby allé	Västerhaninge	24
Skarplöts allé	Västerhaninge	24
Rådjursvägen	Västerhaninge	22
Tungelstavägen	Västerhaninge	20
Stabergsvägen	Västerhaninge	18
Gamla vägen	Västerhaninge	17
Västersjövägen	Västerlanda	7
Västvägen	Västerlanda	6
Höjdvägen	Västerlanda	3
Fjällvägen	Västerlanda	2
Hildas väg	Västerlanda	2
Ingrids väg	Västerlanda	2
Ravinvägen	Västerlanda	2
Vattenvägen	Västerlanda	2
Åkes väg	Västerlanda	2
Badvägen	Västerlanda	1
Norra Sundsvägen	Västerljung	55
Södra Sundsvägen	Västerljung	12
Granlundsvägen	Västerljung	10
Kvegerövägen	Västerljung	8
Hammarbyvägen	Västerljung	7
Gisevägen	Västerljung	6
Kvarnängsvägen	Västerljung	6
Porsvägen	Västerljung	6
Sundsvägen	Västerljung	5
Bergavägen	Västerljung	4
Gränsövägen	Västervik	47
Hornsvägen	Västervik	36
Sankta Gertruds väg	Västervik	30
Folkparksvägen	Västervik	25
Östersjövägen	Västervik	23
Norra vägen	Västervik	22
Lindödjupsvägen	Västervik	21
Albert Tengers väg	Västervik	20
Stora Trädgårdsgatan	Västervik	19
Åldersbäcksvägen	Västervik	19
Norrleden	Västerås	88
Stockholmsvägen	Västerås	51
Surahammarsvägen	Västerås	49
Köpingsvägen	Västerås	46
Björnövägen	Västerås	44
Vallbyleden	Västerås	44
Österleden	Västerås	43
Vasagatan	Västerås	41
Kopparbergsvägen	Västerås	34
Barkarö Bygata	Västerås	33
Näsetvägen	Västra Frölunda	117
A Odhners gata	Västra Frölunda	110
Skattegårdsvägen	Västra Frölunda	102
Lergöksgatan	Västra Frölunda	73
Stora Fiskebäcksvägen	Västra Frölunda	66
Otto Elanders gata	Västra Frölunda	65
Grevegårdsvägen	Västra Frölunda	56
August Barks gata	Västra Frölunda	55
Saltholmsgatan	Västra Frölunda	54
Sisjövägen	Västra Frölunda	53
Karpa gada	Västra Karup	16
Dejarpsvägen	Västra Karup	13
Midsommarvägen	Västra Karup	10
Häradsvägen	Västra Karup	9
Hillarpsvägen	Västra Karup	8
Birgit Nilssons väg	Västra Karup	7
Boarpsvägen	Västra Karup	7
Elestorpsvägen	Västra Karup	7
Majsvägen	Västra Karup	7
Ängalagsvägen	Västra Karup	7
Idrottsvägen	Västra Torup	12
Svenstorpsvägen	Västra Torup	11
Öjesjövägen	Västra Torup	10
Gustafsborgsvägen	Västra Torup	9
Vinbergs väg	Västra Torup	7
Gamla vägen	Västra Torup	6
Stationsvägen	Västra Torup	4
Gatuprästens väg	Västra Torup	3
Torparevägen	Västra Torup	3
Hyttesträdet	Västra Torup	2
Vänebyvägen	Västra Tunhem	11
Flygfältsvägen	Västra Tunhem	8
Slätternavägen	Västra Tunhem	7
Stationsvägen	Västra Tunhem	7
Kardanvägen	Västra Tunhem	6
Smultronvägen	Västra Tunhem	6
Bokvägen	Västra Tunhem	5
Domarringsvägen	Västra Tunhem	5
Hallonvägen	Västra Tunhem	5
Tunhemsvägen	Västra Tunhem	5
Gamla landsvägen	Västra Ämtervik	19
Brunnsvägen	Västra Ämtervik	6
Banvägen	Västra Ämtervik	5
Kålsgårdsgatan	Västra Ämtervik	3
Nordsjö Uddvägen	Västra Ämtervik	3
Selabacken	Västra Ämtervik	3
Älvbygatan	Västra Ämtervik	3
Ingebygatan	Västra Ämtervik	2
Kvarnbacken	Västra Ämtervik	2
Sjövägen	Västra Ämtervik	2
Utveda hamnväg	Vätö	32
Vätöbergsvägen	Vätö	32
Ösbyvägen	Vätö	30
Fiskebyvägen	Vätö	27
Utvedavägen	Vätö	27
Bergsvikssjövägen	Vätö	21
Kåsta byväg	Vätö	21
Billingevägen	Vätö	20
Vätövägen	Vätö	19
Håknäsvägen	Vätö	17
Teleborgsvägen	Växjö	52
Öjabyvägen	Växjö	41
Evedalsvägen	Växjö	36
Kungsgårdsvägen	Växjö	35
Söderleden	Växjö	30
Torparvägen	Växjö	30
Östregårdsgatan	Växjö	30
Bäckaslövsesplanaden	Växjö	29
Segerstadsvägen	Växjö	27
Storgatan	Växjö	26
Långgatan	Vålberg	25
Åslidsgatan	Vålberg	15
Ingenjörsvägen	Vålberg	12
Skruvstavägen	Vålberg	11
Älvgatan	Vålberg	11
Brattgårdsgatan	Vålberg	10
Söderängsgatan	Vålberg	10
Gökhöjdsvägen	Vålberg	9
Älvenäsallén	Vålberg	9
Cordvägen	Vålberg	8
Ottsjö Högåsvägen	Vålådalen	12
Ottsjö Bergvägen	Vålådalen	8
Ottsjö Önetstigen	Vålådalen	6
Ottsjö Fjällvägen	Vålådalen	5
Ottsjö Annabacken	Vålådalen	3
Ottsjö Fårhagsvägen	Vålådalen	3
Ottsjö Sjöstigen	Vålådalen	3
Ottsjö Wärdshusvägen	Vålådalen	3
Ottsjö Berglundsvägen	Vålådalen	2
Ottsjö Björnstigen	Vålådalen	2
Fryksåsvägen	Våmhus	15
Bonäs sjöväg	Våmhus	14
Björkvasslavägen	Våmhus	13
Gopshus bygata	Våmhus	13
Kvarnbäcksvägen	Våmhus	11
Rovdjursvägen	Våmhus	10
Bäverstigen	Våmhus	9
Limbäcksgatan	Våmhus	9
Lintjärnsvägen	Våmhus	9
Fyribergsvägen	Våmhus	7
Lammholmsbacken	Vårby	63
Vårby allé	Vårby	47
Kungens kurvaleden	Vårby	32
Myrstugubacken	Vårby	30
Vårbergsvägen	Vårby	29
Botkyrkaleden	Vårby	27
Vårholmsbackarna	Vårby	27
Storskiftesvägen	Vårby	26
Peterséns väg	Vårby	25
Värdshusvägen	Vårby	25
Boråsvägen	Vårgårda	20
Stockholmsvägen	Vårgårda	16
Parkgatan	Vårgårda	15
Postvägen	Vårgårda	12
Artillerigatan	Vårgårda	11
Campingvägen	Vårgårda	9
Lindbladsvägen	Vårgårda	9
Drottninggatan	Vårgårda	8
Lagmansholmsvägen	Vårgårda	8
Allégatan	Vårgårda	7
Kristianstadsvägen	Våxtorp	24
Snoggarpsvägen	Våxtorp	13
Byvägen	Våxtorp	10
Kristineborgsvägen	Våxtorp	10
Bygatan	Våxtorp	9
Fågelvägen	Våxtorp	8
Kyrkvägen	Våxtorp	7
Ålyckevägen	Våxtorp	7
Idrottsgatan	Våxtorp	6
Knut Oskars väg	Våxtorp	6
Kaptenens väg	Yngsjö	18
Saltsjöbadsvägen	Yngsjö	15
Furubodavägen	Yngsjö	14
Lillesjö väg	Yngsjö	14
Havsbadsvägen	Yngsjö	13
Krabbvägen	Yngsjö	12
Musselvägen	Yngsjö	12
Hummervägen	Yngsjö	11
Rönnows väg	Yngsjö	11
Hillevägen	Yngsjö	10
Kristianstadsvägen	Ystad	29
Malmövägen	Ystad	29
Dag Hammarskjölds väg	Ystad	25
Sjöbovägen	Ystad	20
Österleden	Ystad	18
Saltsjöbadsvägen	Ystad	17
Erik Dahlbergsgatan	Ystad	15
Bellevuevägen	Ystad	14
Militärvägen	Ystad	13
Svarta vägen	Ystad	13
Östergårdsgatan	Ytterby	18
Klevevägen	Ytterby	14
Tegskiftegatan	Ytterby	13
Dannemarksgatan	Ytterby	12
Enekullsvägen	Ytterby	12
Tomtebacken	Ytterby	12
Kongahällavägen	Ytterby	11
Länsmansvägen	Ytterby	11
Torsbyvägen	Ytterby	11
Truckgatan	Ytterby	11
Ångevägen	Ytterhogdal	16
Buanvägen	Ytterhogdal	15
Svedjevägen	Ytterhogdal	11
Hoavägen	Ytterhogdal	8
Holmvägen	Ytterhogdal	8
Kyrkvägen	Ytterhogdal	8
Sångsjövägen	Ytterhogdal	6
Framnäsvägen	Ytterhogdal	5
Kvarnvägen	Ytterhogdal	5
Vikarvägen	Ytterhogdal	5
Knallavägen	Zinkgruvan	27
Broängsvägen	Zinkgruvan	22
Åmmebergsvägen	Zinkgruvan	14
Lindängsvägen	Zinkgruvan	12
Mariedammsvägen	Zinkgruvan	9
Hultafallsvägen	Zinkgruvan	8
Knarkebovägen	Zinkgruvan	8
Ekershyttevägen	Zinkgruvan	7
Godegårdsvägen	Zinkgruvan	7
Unnavägen	Zinkgruvan	7
Äland södervägen	Älandsbro	15
Nässlandsvägen	Älandsbro	14
Ulvviksvägen	Älandsbro	9
Ramsåsvägen	Älandsbro	7
Hammarvägen	Älandsbro	6
Älandsvägen	Älandsbro	6
Kantarellvägen	Älandsbro	5
Saltviksvägen	Älandsbro	5
Meltorpsvägen	Älandsbro	4
Ramsås Södervägen	Älandsbro	4
Bostebygdsvägen	Älekulla	1
Gunnarsjövägen	Älekulla	1
Modigs väg	Älekulla	1
Törebodavägen	Älgarås	11
Västra Långgatan	Älgarås	9
Tjärbruksvägen	Älgarås	6
Östra Långgatan	Älgarås	6
Industrivägen	Älgarås	5
Idrottsvägen	Älgarås	4
Skolgatan	Älgarås	4
Björkstigen	Älgarås	3
Smedjegatan	Älgarås	3
Tivedsvägen	Älgarås	3
Häradsvägen	Älghult	11
Glasbruksvägen	Älghult	10
Södervägen	Älghult	9
Högsbyvägen	Älghult	7
Norrvägen	Älghult	7
Ringvägen	Älghult	4
Rälsvägen	Älghult	4
Lindvägen	Älghult	3
Stationsgatan	Älghult	3
Christina Grips väg	Älghult	2
Ekdalsvägen	Älmeboda	8
Karlskronavägen	Älmeboda	7
Blåpannevägen	Älmeboda	6
Gamla vägen	Älmeboda	6
Bolet	Älmeboda	5
Klockaregatan	Älmeboda	5
Prästgårdsvägen	Älmeboda	5
Hagavägen	Älmeboda	4
Bokvägen	Älmeboda	3
Bygdegårdsvägen	Älmeboda	3
Ulricehamnsvägen	Älmestad	10
Gammalstorpsvägen	Älmestad	7
Mönevägen	Älmestad	3
Idrottsvägen	Älmestad	1
Loftgatan	Älmestad	1
Nybyggarvägen	Älmestad	1
Radhusgatan	Älmestad	1
Rönnbärsstigen	Älmestad	1
Stora Björken	Älmestad	1
Utsiktsgatan	Älmestad	1
Östra Esplanaden	Älmhult	24
Växjövägen	Älmhult	20
Södra Ringvägen	Älmhult	18
Terminalgatan	Älmhult	18
Badvägen	Älmhult	16
Norra Ringvägen	Älmhult	16
Västra Ringvägen	Älmhult	16
Bäckgatan	Älmhult	15
Furugatan	Älmhult	14
Ljungvägen	Älmhult	13
Bollmoravägen	Älta	211
Sikvägen	Älta	93
Pluggvägen	Älta	78
Njupkärrsvägen	Älta	69
Ältavägen	Älta	50
Myggdalsvägen	Älta	47
Tyresövägen	Älta	46
Siklöjevägen	Älta	38
Erstaviksvägen	Älta	36
Njupkärrsstråket	Älta	32
Brunnsbergsvägen	Älvdalen	57
Näsvägen	Älvdalen	46
Sjövägen	Älvdalen	39
Dalgatan	Älvdalen	36
Klittenvägen	Älvdalen	24
Kanonvägen	Älvdalen	20
Blybergsvägen	Älvdalen	17
Bruksvägen	Älvdalen	17
Delgravsvägen	Älvdalen	17
Holenvägen	Älvdalen	15
Åsbovägen	Älvkarleby	43
Älvkarleövägen	Älvkarleby	18
Marmaby	Älvkarleby	14
Ambricka	Älvkarleby	12
Sandvägen	Älvkarleby	12
Slåttervägen	Älvkarleby	12
Östanåvägen	Älvkarleby	11
Tensmyra	Älvkarleby	10
Båtsmansvägen	Älvkarleby	8
Gårdskärsvägen	Älvkarleby	8
Nyvägen	Älvsbyn	24
Stationsgatan	Älvsbyn	13
Nygrensvägen	Älvsbyn	12
Gammelvägen	Älvsbyn	11
Midnattssolsvägen	Älvsbyn	11
Östermalmsvägen	Älvsbyn	11
Nygårdsvägen	Älvsbyn	10
Ställverksvägen	Älvsbyn	10
Storgatan	Älvsbyn	9
Barkargatan	Älvsbyn	8
Mårdaklevsvägen	Älvsered	16
Centrumvägen	Älvsered	8
Falkenbergsvägen	Älvsered	8
Gunnarpsvägen	Älvsered	7
Hotellvägen	Älvsered	4
Nyborgsvägen	Älvsered	4
Nyrydsvägen	Älvsered	4
Rydsvägen	Älvsered	4
Skolvägen	Älvsered	4
Ålyckevägen	Älvsered	4
Johan Skyttes väg	Älvsjö	132
Skebokvarnsvägen	Älvsjö	92
Glanshammarsgatan	Älvsjö	76
Olshammarsgatan	Älvsjö	63
Folkparksvägen	Älvsjö	54
Kristallvägen	Älvsjö	53
Långsjövägen	Älvsjö	52
Långbrodalsvägen	Älvsjö	49
Gamla Huddingevägen	Älvsjö	46
Parkeringsvägen	Älvsjö	46
Göteborgsvägen	Älvängen	37
Hövägen	Älvängen	20
Paradisvägen	Älvängen	13
Nytorpsvägen	Älvängen	10
Starrkärrsvägen	Älvängen	10
Vallmovägen	Älvängen	10
Tolleredsvägen	Älvängen	9
Solhöjdsvägen	Älvängen	8
Kaveldunsvägen	Älvängen	6
Björklövsvägen	Älvängen	5
Fågelvägen	Äng	8
Hökvägen	Äng	4
Starvägen	Äng	4
Örnvägen	Äng	3
Lärkvägen	Äng	2
Tärnvägen	Äng	2
Blåmesvägen	Äng	1
Falkvägen	Äng	1
Fasanvägen	Äng	1
Måsvägen	Äng	1
Kungsgårdsleden	Ängelholm	36
Havsbadsvägen	Ängelholm	27
Helsingborgsvägen	Ängelholm	23
Klippanvägen	Ängelholm	23
Bjärevägen	Ängelholm	22
Kristians II:s väg	Ängelholm	22
Storgatan	Ängelholm	22
Klittervägen	Ängelholm	19
Majsgatan	Ängelholm	18
Kullavägen	Ängelholm	17
Sundbovägen	Ängelsberg	11
Bergsmansvägen	Ängelsberg	7
Smedvägen	Ängelsberg	7
Snytenvägen	Ängelsberg	6
Aspängsvägen	Ängelsberg	5
Tallbovägen	Ängelsberg	5
Ängelsbergsvägen	Ängelsberg	5
Framnäsvägen	Ängelsberg	4
Gröndalsvägen	Ängelsberg	3
Lugnetvägen	Ängelsberg	3
Ovanheden	Äppelbo	15
Sakofallsvägen	Äppelbo	6
Tyngsjövägen	Äppelbo	6
Storbygatan	Äppelbo	4
Tomtuddevägen	Äppelbo	4
Folkestavägen	Äppelbo	3
Hedvägen	Äppelbo	3
Klockargatan	Äppelbo	3
Hagenvägen	Äppelbo	2
Villavägen	Äppelbo	2
Rinkestavägen	Ärla	12
Svanäsvägen	Ärla	10
Tunavägen	Ärla	8
Uddvägen	Ärla	8
Bohnstedts väg	Ärla	7
Bryggarvägen	Ärla	7
Lötvägen	Ärla	7
Parkvägen	Ärla	7
Ekavägen	Ärla	6
Gyllings väg	Ärla	6
Äsperedsvägen	Äspered	8
Nabbaviksvägen	Äspered	4
Skolstigen	Äspered	4
Stommens väg	Äspered	4
Askanäsvägen	Äspered	3
Kobackavägen	Äspered	3
Lars Johans väg	Äspered	3
Albins väg	Äspered	2
Bokärrvägen	Äspered	2
Finas väg	Äspered	1
Holmavägen	Äsperöd	9
Oråsvägen	Äsperöd	8
Tranåslundsvägen	Äsperöd	8
Ängeldalsvägen	Äsperöd	7
Ivarstorpsvägen	Äsperöd	6
Nyvångsvägen	Äsperöd	5
Stora Vanstadsvägen	Äsperöd	4
Tegelbruksvägen	Äsperöd	4
Tomelillavägen	Äsperöd	4
Arisabäcksvägen	Äsperöd	3
Eseredsvägen	Ätran	6
Svenljungavägen	Ätran	6
Varbergsvägen	Ätran	6
Halmstadvägen	Ätran	5
Karlsborgsvägen	Ätran	5
Värnamovägen	Ätran	5
Stationsvägen	Ätran	4
Hagabergsvägen	Ätran	3
Lindåsvägen	Ätran	2
Sjövikenvägen	Ätran	2
Gamla landsvägen	Åby	42
Kraftvägen	Åby	41
Gamla Stockholmsvägen	Åby	27
Finspångsvägen	Åby	26
Ristvägen	Åby	19
Västra Bravikenvägen	Åby	18
Krusenhofsvägen	Åby	17
Rosendalsvägen	Åby	17
Svärtinge udde	Åby	17
Bonäsvägen	Åby	16
Åvägen	Åhus	38
Fädriften	Åhus	29
Kolonivägen	Åhus	26
Strandvägen	Åhus	24
Paradisvägen	Åhus	21
Vannebergavägen	Åhus	19
Sandvaktaregatan	Åhus	14
Vallgatan	Åhus	14
Köpmannagatan	Åhus	13
Majorsgatan	Åhus	13
Bågevägen	Åkarp	15
Gränsvägen	Åkarp	13
Byvägen	Åkarp	12
Kabbarps byväg	Åkarp	11
Stationsvägen	Åkarp	11
Åkerbloms väg	Åkarp	11
Resedavägen	Åkarp	10
Skånevägen	Åkarp	10
Ynglingavägen	Åkarp	10
Flädervägen	Åkarp	9
Skämbylötvägen	Åkers Styckebruk	16
Kyrkvägen	Åkers Styckebruk	13
Bruksvägen	Åkers Styckebruk	12
Byalagsvägen	Åkers Styckebruk	10
Forsavägen	Åkers Styckebruk	10
Granbyvägen	Åkers Styckebruk	10
Solbergavägen	Åkers Styckebruk	10
Kvarnbergavägen	Åkers Styckebruk	9
Skördevägen	Åkers Styckebruk	9
Stamvägen	Åkers Styckebruk	9
Murkelvägen	Åkersberga	93
Roslagsvägen	Åkersberga	59
Sjökarbyvägen	Åkersberga	25
Centralvägen	Åkersberga	24
Kantarellvägen	Åkersberga	23
Domaruddsvägen	Åkersberga	21
Svinningevägen	Åkersberga	21
Garnsviksvägen	Åkersberga	20
Össebyvägen	Åkersberga	20
Seveniusvägen	Åkersberga	18
Blomängsvägen	Åled	9
Kullavägen	Åled	9
Bankgatan	Åled	8
Rörflyvägen	Åled	8
Nissagatan	Åled	7
Ålängesvägen	Åled	7
Himmelkullen	Åled	6
Nattflyvägen	Åled	6
Norregårdsgatan	Åled	6
Nygårdsvägen	Åled	6
Kaggetorpsvägen	Ålem	7
Johan Skyttes väg	Ålem	6
Strömvägen	Ålem	6
Movägen	Ålem	5
Solbergavägen	Ålem	5
Alsteråvägen	Ålem	4
Hedersrumsvägen	Ålem	4
Järnvägsgatan	Ålem	4
Rössmålavägen	Ålem	4
Skansvägen	Ålem	4
Långängsvägen	Åmmeberg	17
Mofallavägen	Åmmeberg	17
Askersundsvägen	Åmmeberg	14
Kajvägen	Åmmeberg	14
Sjölidsvägen	Åmmeberg	11
Kärrabergsvägen	Åmmeberg	10
Rönnestorpsvägen	Åmmeberg	10
Hamnvägen	Åmmeberg	9
Kärravägen	Åmmeberg	8
Rönneshyttevägen	Åmmeberg	7
Norumsvägen	Åmotfors	11
Järnvägsgatan	Åmotfors	10
Jössevägen	Åmotfors	8
Långgatan	Åmotfors	8
Lövbladsvägen	Åmotfors	7
Strandvägen	Åmotfors	7
Strömslundsgatan	Åmotfors	7
Måsvägen	Åmotfors	5
Sjögatan	Åmotfors	5
Åsvägen	Åmotfors	5
Mörtebovägen	Åmotsbruk	18
Rönnåsvägen	Åmotsbruk	10
Nordanåvägen	Åmotsbruk	9
Bruksvägen	Åmotsbruk	8
Finnstigen	Åmotsbruk	8
Missmyrvägen	Åmotsbruk	8
Gammelfäbodvägen	Åmotsbruk	7
Ånäsvägen	Åmotsbruk	7
Bladmursvägen	Åmotsbruk	6
Säbyggebyvägen	Åmotsbruk	6
Byavägen	Åmsele	34
Åmkroken	Åmsele	27
Backenvägen	Åmsele	7
Botelvägen	Åmsele	5
Kvarnbrännavägen	Åmsele	4
Tallbackavägen	Åmsele	4
Industrivägen	Åmsele	3
Fikengårdsvägen	Åmsele	2
Kvarntjärnsvägen	Åmsele	2
Dammvägen	Åmsele	1
Drottninggatan	Åmål	16
Ödmansgatan	Åmål	16
Industrigatan	Åmål	15
Karlstadsvägen	Åmål	15
Kungsgatan	Åmål	15
Flygelvägen	Åmål	14
Vänersborgsvägen	Åmål	14
Åsgatan	Åmål	12
Edgrensgatan	Åmål	11
Nybrogatan	Åmål	11
Kyrkvägen	Ånge	21
Albyvägen	Ånge	19
Gamla vägen	Ånge	15
Forsövägen	Ånge	13
Järnvägsgatan	Ånge	11
Kvarngatan	Ånge	10
Norra Borgsjövägen	Ånge	10
Gammelbodavägen	Ånge	9
Parkgatan	Ånge	8
Bobergsvägen	Ånge	7
Lilla Mossevägen	Ånimskog	5
Furusjövägen	Ånimskog	4
Ånimmevägen	Ånimskog	2
Stora Mossevägen	Ånimskog	1
Kungsvägen	Ånäset	20
Kyrkogatan	Ånäset	18
Skolgatan	Ånäset	11
Vattenverksvägen	Ånäset	9
Brogatan	Ånäset	6
Pilgatan	Ånäset	6
Ringvägen	Ånäset	6
Tornvägen	Ånäset	6
Näsåkersvägen	Ånäset	5
Skogsvägen	Ånäset	5
Årevägen	Åre	17
Trondheimsleden	Åre	13
Fröåvägen	Åre	12
Tottvägen	Åre	11
Kurortsvägen	Åre	10
Solbringsvägen	Åre	10
Björneborgsvägen	Åre	9
Sankt Olavs väg	Åre	9
Huså Husådalsvägen	Åre	8
Gräftvägen	Åre	6
Östtomtvägen	Årjäng	14
Blomstervägen	Årjäng	13
Storgatan	Årjäng	12
Kvarnåsgatan	Årjäng	9
Marknadsvägen	Årjäng	9
Rågvägen	Årjäng	9
Västanåsvägen	Årjäng	9
Strandvägen	Årjäng	8
Industrigatan	Årjäng	6
Södra Ringvägen	Årjäng	6
Ringvägen	Årsta	75
Årstavägen	Årsta	69
Sandfjärdsgatan	Årsta	55
Hammarby allé	Årsta	50
Johanneshovsvägen	Årsta	32
Sköntorpsvägen	Årsta	32
Hjalmar Cederströms gata	Årsta	29
Tideliusgatan	Årsta	29
Gullmarsvägen	Årsta	25
Bråviksvägen	Årsta	24
Långängsvägen	Årsunda	21
Vidavägen	Årsunda	18
Ångersnäsvägen	Årsunda	18
Hedkarbyvägen	Årsunda	15
Falknäsvägen	Årsunda	14
Hyttmarksvägen	Årsunda	13
Furunäsvägen	Årsunda	12
Stensholmsvägen	Årsunda	12
Sågmursvägen	Årsunda	12
Nystigen	Årsunda	11
Värendsvägen	Åryd	7
Källelundsvägen	Åryd	6
Billavägen	Åryd	5
Masugnsvägen	Åryd	5
Tallvägen	Åryd	5
Kyrkekullvägen	Åryd	4
Kaplanvägen	Åryd	3
Kolgårdsvägen	Åryd	3
Prostvägen	Åryd	3
Växjövägen	Åryd	3
Birka Strand	Ås	22
Sjöhemsvägen	Ås	15
Stallbacken	Ås	15
Birkavägen	Ås	14
Täng Sjöväg	Ås	14
Silvanusvägen	Ås	10
Sånghusvägen	Ås	9
Tängvägen	Ås	9
Villavägen	Ås	9
Västra Birkavägen	Ås	8
Kläppavägen	Åsa	27
Pölagårdsvägen	Åsa	24
Buaredsvägen	Åsa	18
Varbergsvägen	Åsa	18
Ölmanäs Ringväg	Åsa	18
Dotetorpsvägen	Åsa	16
Stenavägen	Åsa	16
Hästholmsvägen	Åsa	14
Hultavägen	Åsa	13
Kuggavägen	Åsa	13
Olstavägen	Åsarna	10
Skansmovägen	Åsarna	7
Idrottsvägen	Åsarna	4
Centrumvägen	Åsarna	2
Ringvägen	Åsarna	2
Skolvägen	Åsarna	2
Tysta vägen	Åsarna	2
Ängesvägen	Åsarna	2
Byvägen	Åsarna	1
Kolbacksvägen	Åsarna	1
Olsbrogatan	Åsarp	6
Centrumvägen	Åsarp	5
Industrigatan	Åsarp	5
Hagavägen	Åsarp	4
Idrottsgatan	Åsarp	4
Redvägsgatan	Åsarp	4
Gatugårdsgatan	Åsarp	3
Hantverkaregatan	Åsarp	3
Lundavägen	Åsarp	3
Videvägen	Åsarp	3
Estabovägen	Åsbro	28
Vissbodavägen	Åsbro	14
Nyckelhultsvägen	Åsbro	12
Stationsvägen	Åsbro	12
Tunbostrandsvägen	Åsbro	12
Svedlunds väg	Åsbro	11
Kvarsätters sjöväg	Åsbro	9
Åsvängen	Åsbro	9
Hagvägen	Åsbro	8
Karintorpsvägen	Åsbro	8
Järnvägsgatan	Åseda	30
Kexagatan	Åseda	17
Storgatan	Åseda	14
Östra vägen	Åseda	14
Floragatan	Åseda	13
Norra vägen	Åseda	12
Nytorpsvägen	Åseda	12
Östra Industrivägen	Åseda	11
Karlagatan	Åseda	10
Lillgatan	Åseda	10
Bryggaregatan	Åsele	15
Centralgatan	Åsele	14
Storgatan	Åsele	11
Villavägen	Åsele	11
Blåviksvägen	Åsele	9
Visjöbergsvägen	Åsele	9
Strandvägen	Åsele	8
Söråselevägen	Åsele	8
Utförsvägen	Åsele	8
Umevägen	Åsele	7
Wingårdsvägen	Åsenhöga	5
Gökvägen	Åsenhöga	4
Marieholmsvägen	Åsenhöga	4
Masugnsvägen	Åsenhöga	4
Älmhultsvägen	Åsenhöga	4
Kolvägen	Åsenhöga	3
Tranhultsvägen	Åsenhöga	3
Bruksgatan	Åsenhöga	2
Ekvägen	Åsenhöga	2
Gustavsvägen	Åsenhöga	2
Gokroksvägen	Åsensbruk	15
Storvägen	Åsensbruk	14
Idalavägen	Åsensbruk	9
Skållerudsvägen	Åsensbruk	9
Bruksvägen	Åsensbruk	7
Brännängsvägen	Åsensbruk	7
Fabriksvägen	Åsensbruk	5
Byvägen	Åsensbruk	4
Gamla vägen	Åsensbruk	4
Norra Kyrklidsvägen	Åsensbruk	4
Brobyvägen	Åshammar	26
Åmotanvägen	Åshammar	23
Grundsjövägen	Åshammar	17
Långkolsvägen	Åshammar	15
Persbackavägen	Åshammar	12
Styggrönningsvägen	Åshammar	12
A.K.-vägen	Åshammar	10
Digerängsvägen	Åshammar	10
Svärdsjövägen	Åshammar	9
Alsjöborgsvägen	Åshammar	8
Vanåsvägen	Åsljunga	15
Ånhultsvägen	Åsljunga	12
Fjärilstigen	Åsljunga	9
Tordyvelstigen	Åsljunga	9
Fjärdingsvägen	Åsljunga	8
Jägarevägen	Åsljunga	8
Orreslättsvägen	Åsljunga	8
Friluftsvägen	Åsljunga	7
Sjöhultsvägen	Åsljunga	7
Småängavägen	Åsljunga	7
Nordre parten	Åstol	3
Hakefjordsvägen	Åstol	2
Hamnvägen	Åstol	2
Myra	Åstol	2
Skolvägen	Åstol	1
Trädgårdsgatan	Åstorp	13
Plåtslagaregatan	Åstorp	12
Björnåsvägen	Åstorp	11
Gotlandsgatan	Åstorp	11
Rönnvägen	Åstorp	11
Kvidingehedsvägen	Åstorp	10
Malmövägen	Åstorp	10
Kärrebergavägen	Åstorp	9
Långgatan	Åstorp	9
Annedalsgatan	Åstorp	8
Mariestadsvägen	Åtorp	8
Skagersbrunnsvägen	Åtorp	6
Albacksvägen	Åtorp	5
Norra Kyrkvägen	Åtorp	5
Säbyallén	Åtorp	5
Älgmyrevägen	Åtorp	5
Öståsgatan	Åtorp	5
Bläckhornsgatan	Åtorp	4
Sandåsgatan	Åtorp	4
Svedjegatan	Åtorp	3
Ljungsbovägen	Åtvidaberg	22
Stenhusgatan	Åtvidaberg	20
Slevringevägen	Åtvidaberg	19
Söderleden	Åtvidaberg	18
Gruvgatan	Åtvidaberg	17
Uknavägen	Åtvidaberg	15
Göstas väg	Åtvidaberg	14
Hannäsvägen	Åtvidaberg	14
Järnvägsgatan	Åtvidaberg	13
Norrgårdsvägen	Åtvidaberg	13
Rödvägen	Öckerö	29
Västra vägen	Öckerö	27
Hjuviksvägen	Öckerö	24
Sörgårdsvägen	Öckerö	23
Hamnfyrsvägen	Öckerö	22
Bustadvägen	Öckerö	20
Lilletummens väg	Öckerö	18
Heinövägen	Öckerö	17
Hjuviks bryggväg	Öckerö	16
Lappesandsvägen	Öckerö	15
Husmansvägen	Ödeborg	6
Tegelbacksvägen	Ödeborg	6
Solskensvägen	Ödeborg	5
Kvarnhålsvägen	Ödeborg	4
Gårdsjövägen	Ödeborg	3
Holmenvägen	Ödeborg	3
Munkedalsvägen	Ödeborg	3
Museivägen	Ödeborg	3
Sågvägen	Ödeborg	3
Torsbergsvägen	Ödeborg	3
Kungsvägen	Ödeshög	22
Södra vägen	Ödeshög	16
Hamngatan	Ödeshög	15
Norra vägen	Ödeshög	15
Fabriksvägen	Ödeshög	14
Storgatan	Ödeshög	12
Ringvägen	Ödeshög	9
Skördevägen	Ödeshög	9
Hasselvägen	Ödeshög	7
Industrigatan	Ödeshög	7
Gamla Bengtsforsvägen	Ödskölt	6
Torpvägen	Ödskölt	3
Agerhusvägen	Ödskölt	1
Jordbrovägen	Ödskölt	1
Västra Torpvägen	Ödskölt	1
Näsvägen	Ödsmål	14
Starrkärrsvägen	Ödsmål	12
Grönviksvägen	Ödsmål	11
Vikevägen	Ödsmål	11
Madenvägen	Ödsmål	8
Mjösundsvägen	Ödsmål	8
Kärrstigen	Ödsmål	7
Sandviksvägen	Ödsmål	7
Västra Söskärsbacken	Ödsmål	7
Drejarevägen	Ödsmål	6
Frostgatan	Ödåkra	36
Kanongatan	Ödåkra	25
Marknadsvägen	Ödåkra	23
Christinelundsvägen	Ödåkra	20
Garnisonsgatan	Ödåkra	20
Kullavägen	Ödåkra	20
Florettgatan	Ödåkra	19
Larödsvägen	Ödåkra	19
Brohultsvägen	Ödåkra	18
Jonstorpsvägen	Ödåkra	18
Djurhagshusvägen	Ödåkra-Väla	11
Depågatan	Ödåkra-Väla	10
Välavägen	Ödåkra-Väla	9
Hjortshögsvägen	Ödåkra-Väla	6
Tostarpsvägen	Ödåkra-Väla	6
Lydestadsvägen	Ödåkra-Väla	5
Mineralgatan	Ödåkra-Väla	5
Fleningevägen	Ödåkra-Väla	4
Lagergatan	Ödåkra-Väla	4
Makadamgatan	Ödåkra-Väla	4
Kättbo bygata	Öje	22
Mjoviksvägen	Öje	11
Hiselsvägen	Öje	10
Inlandsvägen	Öje	8
Lännviksvägen	Öje	8
Lidvägen	Öje	7
Törnäset	Öje	7
Gullobacksvägen	Öje	6
Vagnsvägen	Öje	6
Bergvägen	Öje	5
Nya Älvvägen	Öjebyn	21
Öjagatan	Öjebyn	20
Hällanvägen	Öjebyn	16
Rågrindsvägen	Öjebyn	15
Bölevägen	Öjebyn	11
Bonäsvägen	Öjebyn	10
Båtskatavägen	Öjebyn	10
Hammarvägen	Öjebyn	9
Hemlundavägen	Öjebyn	9
Lillbovägen	Öjebyn	9
Nya Öjersjövägen	Öjersjö	33
Kåsjövägen	Öjersjö	20
Öjersjövägen	Öjersjö	15
Mossvägen	Öjersjö	13
Landvettervägen	Öjersjö	11
Solbacken	Öjersjö	10
Fägatan	Öjersjö	9
Gökskullavägen	Öjersjö	9
Rådjursstigen	Öjersjö	9
Gamla vägen	Öjersjö	8
Lindstorpsvägen	Ölsremma	4
Lindvägen	Ölsremma	4
Bergstigen	Ölsremma	3
Klintvägen	Ölsremma	3
Ringvägen	Ölsremma	2
Aspvägen	Ölsremma	1
Björkvägen	Ölsremma	1
Rönnvägen	Ölsremma	1
Stugvägen	Ölsremma	1
Tallvägen	Ölsremma	1
Västra Bockebäcksvägen	Önnestad	19
Bockebäcksvägen	Önnestad	15
Ovesholmsvägen	Önnestad	11
Lyckedalsvägen	Önnestad	10
Marbäcksvägen	Önnestad	10
Skolgatan	Önnestad	10
Baslinjen	Önnestad	9
Gamla Skoglösavägen	Önnestad	9
Ullstorps bygata	Önnestad	9
Alexandras väg	Önnestad	8
Öresjövägen	Örby	28
Svenljungavägen	Örby	19
Bollareslättvägen	Örby	17
Kinnavägen	Örby	14
Skutesjövägen	Örby	13
Sågverksvägen	Örby	10
Andvägen	Örby	9
Boakullavägen	Örby	9
Kroksvägen	Örby	9
Skenevägen	Örby	9
Tegelsmoravägen	Örbyhus	20
Mänstavägen	Örbyhus	18
Libbarbovägen	Örbyhus	15
Uppsalavägen	Örbyhus	14
Bruksvägen	Örbyhus	13
Dannemoravägen	Örbyhus	10
Karljohanvägen	Örbyhus	10
Vendelvägen	Örbyhus	10
Gyllbyvägen	Örbyhus	6
Roslagsvägen	Örbyhus	6
Mosåsvägen	Örebro	65
Bistagatan	Örebro	56
Västerleden	Örebro	55
Hedgatan	Örebro	50
Kalle Posts väg	Örebro	45
Hertig Karls allé	Örebro	37
Karlslundsgatan	Örebro	36
Västhagagatan	Örebro	35
Östra Bangatan	Örebro	35
Varbergagatan	Örebro	34
Arkitektvägen	Öregrund	10
Vangsbyvägen	Öregrund	9
Gamla Salavägen	Öregrund	8
Svedbovägen	Öregrund	3
Lärarvägen	Öregrund	2
Prostvägen	Öregrund	2
Stora Tvärvägen	Öregrund	2
Vangsby ängsväg	Öregrund	2
Brunna enväg	Öregrund	1
Brunna klöverväg	Öregrund	1
Östra Ringarpsvägen	Örkelljunga	26
Almliden	Örkelljunga	24
Ljungeldsvägen	Örkelljunga	13
Regnbågsvägen	Örkelljunga	13
Skönnavägen	Örkelljunga	12
Turabyggevägen	Örkelljunga	12
Bruksvägen	Örkelljunga	11
Byggetsrundan	Örkelljunga	10
Bangatan	Örkelljunga	9
Rusthållaregatan	Örkelljunga	9
Centralesplanaden	Örnsköldsvik	60
Viktoriaesplanaden	Örnsköldsvik	32
Strandgatan	Örnsköldsvik	30
Björnavägen	Örnsköldsvik	25
Hörnettsvägen	Örnsköldsvik	24
Vikingagatan	Örnsköldsvik	24
Modovägen	Örnsköldsvik	22
Ångermanlandsgatan	Örnsköldsvik	21
Krokstavägen	Örnsköldsvik	20
Nygatan	Örnsköldsvik	18
Orrabäcksvägen	Örsjö	15
Centralvägen	Örsjö	4
Dalvägen	Örsjö	4
Armaturvägen	Örsjö	3
Betesvägen	Örsjö	2
Brödravägen	Örsjö	2
Lampvägen	Örsjö	2
Långebacke	Örsjö	2
Slättvägen	Örsjö	2
Örsjömålavägen	Örsjö	2
Gammelekevägen	Örsundsbro	11
Kyrkängsvägen	Örsundsbro	10
Lagundavägen	Örsundsbro	9
Industrivägen	Örsundsbro	8
Ramstalundsvägen	Örsundsbro	8
Eningbölevägen	Örsundsbro	6
Fiskbrunnavägen	Örsundsbro	6
Bergsvägen	Örsundsbro	5
Björkvägen	Örsundsbro	5
Odenvägen	Örsundsbro	5
Prästgårdsgatan	Örträsk	4
Backgatan	Örträsk	3
Hembygdsgårdsvägen	Örträsk	3
Ringvägen	Örträsk	3
Strandvägen	Örträsk	3
Storgatan	Örträsk	2
Fridasgränd	Örträsk	1
Kronjägarvägen	Örträsk	1
Kyrkvägen	Örträsk	1
Parkvägen	Örträsk	1
Södra Kustvägen	Örviken	19
Sinusgatan	Örviken	15
Norra Kustvägen	Örviken	14
Skärvägen	Örviken	12
Burviksvägen	Örviken	11
Timmerviksvägen	Örviken	10
Degerövägen	Örviken	9
Strömsholmsvägen	Örviken	9
Munkvägen	Örviken	8
Disponentvägen	Örviken	7
Björn Barkmans väg	Ösmo	26
Nyblevägen	Ösmo	17
Mejerivägen	Ösmo	14
Otterstavägen	Ösmo	14
Breddalsvägen	Ösmo	13
Maria Barkmans väg	Ösmo	13
Nermans väg	Ösmo	12
Trollstavägen	Ösmo	12
Björnclous väg	Ösmo	11
Slätkärrsvägen	Ösmo	11
Hallsbergsvägen	Östansjö	8
Vallgatan	Östansjö	8
Blåbärsgatan	Östansjö	7
Breslättsgatan	Östansjö	5
Tälleleden	Östansjö	5
Granhöjdsgatan	Östansjö	4
Konvaljegatan	Östansjö	4
Krallgatan	Östansjö	4
Mogatan	Östansjö	4
Utkällevägen	Östansjö	4
Östavallsvägen	Östavall	14
Skogsvägen	Östavall	7
Örasjövägen	Östavall	7
Hedsjövägen	Östavall	5
Lönnvägen	Östavall	5
Enåvägen	Östavall	3
Förrådsvägen	Östavall	3
Mellansjö Naggenvägen	Östavall	3
Ångevägen	Östavall	3
Rotnäsvägen	Östavall	2
Dannemoravägen	Österbybruk	17
Storrymningsvägen	Österbybruk	12
Sporrbacksvägen	Österbybruk	10
Arvid Lindmans väg	Österbybruk	6
Klockarbacksvägen	Österbybruk	6
Gubbovägen	Österbybruk	5
Kanalvägen	Österbybruk	5
Karl Kihlboms väg	Österbybruk	5
Täppuddsvägen	Österbybruk	5
Bertilsvägen	Österbybruk	4
Kisavägen	Österbymo	18
Rönnäs Södra sjövägen	Österbymo	14
Rydsnäsvägen	Österbymo	13
Asby lidväg	Österbymo	10
Fabriksgatan	Österbymo	9
Österbyvägen	Österbymo	9
Asby kyrkväg	Österbymo	7
Rönnäs Brovikvägen	Österbymo	7
Rönnäs Skogsvägen	Österbymo	7
Ydregatan	Österbymo	7
Ulvkisbovägen	Österfärnebo	17
Färnebovägen	Österfärnebo	16
Västerborsvägen	Österfärnebo	16
Västanhedevägen	Österfärnebo	12
Österbor-Ängesväg	Österfärnebo	12
Hornbergsvägen	Österfärnebo	11
Åsvägen	Österfärnebo	11
Kälkbostigen	Österfärnebo	10
Bysjövägen	Österfärnebo	9
Nordanåkervägen	Österfärnebo	9
Margretelundsvägen	Österskär	62
Generalsvägen	Österskär	49
Lerviksvägen	Österskär	32
Svinningevägen	Österskär	31
Överbyslingan	Österskär	23
Flaxenviksvägen	Österskär	20
Näsvägen	Österskär	19
Tråsättravägen	Österskär	19
Västerskärsringen	Österskär	18
Gårdslötsvägen	Österskär	15
Hagvägen	Östersund	41
Rådhusgatan	Östersund	36
Byvägen	Östersund	25
Litsvägen	Östersund	25
Samuel Permans Gata	Östersund	25
Torvalla by	Östersund	24
Bangårdsgatan	Östersund	22
Brunflovägen	Östersund	22
Krondikesvägen	Östersund	22
Köpmangatan	Östersund	22
Dalvägen	Östervåla	11
Ol-Jansvägen	Östervåla	10
Västerlånggatan	Östervåla	8
Bergsgatan	Östervåla	6
Långsängsvägen	Östervåla	6
Kyrkvägen	Östervåla	5
Stora torget	Östervåla	5
Torngatan	Östervåla	5
Uppsalavägen	Östervåla	5
Villagatan	Östervåla	5
Västergatan	Östhammar	29
Kyrkogatan	Östhammar	16
Sjöhagsvägen	Östhammar	15
Kavaröbrovägen	Östhammar	14
Kavarövägen	Östhammar	12
Tomtbergavägen	Östhammar	12
Bryggaregatan	Östhammar	11
Gellmansgatan	Östhammar	11
Rådhusgatan	Östhammar	11
Rösselängsvägen	Östhammar	11
Röjdåforsvägen	Östmark	19
Finnbrovägen	Östmark	14
Metbäcksvägen	Östmark	11
Kyrkbrovägen	Östmark	10
Hötjärnsvägen	Östmark	6
Hovfjällsvägen	Östmark	5
Kvarnstugevägen	Östmark	5
Långbacksvägen	Östmark	4
Polishusvägen	Östmark	4
Bastvålsvägen	Östmark	3
Hagavägen	Östra Frölunda	8
Isabergsvägen	Östra Frölunda	4
Södra vägen	Östra Frölunda	4
Torpavägen	Östra Frölunda	4
Älvstigen	Östra Frölunda	4
Falkenbergsvägen	Östra Frölunda	3
Allévägen	Östra Frölunda	2
Kantorsvägen	Östra Frölunda	2
Lillegårdsvägen	Östra Frölunda	2
Backstigen	Östra Frölunda	1
Gamla riksvägen	Östra Karup	22
Hallandsvägen	Östra Karup	12
Karupsvägen	Östra Karup	11
Månstensvägen	Östra Karup	8
Våxtorpsvägen	Östra Karup	7
Eskilstorpsvägen	Östra Karup	6
Postridarens väg	Östra Karup	6
Björkebacksvägen	Östra Karup	5
Brantekällavägen	Östra Karup	5
Hemmeslövsvägen	Östra Karup	5
Össjö-Boarpsvägen	Östra Ljungby	16
Gamla vägen	Östra Ljungby	14
Boarps backar	Östra Ljungby	11
Skogsbrynsvägen	Östra Ljungby	11
Bläsingehagevägen	Östra Ljungby	8
Gullvivevägen	Östra Ljungby	8
Bläsingevägen	Östra Ljungby	7
Fäladsvägen	Östra Ljungby	7
Rönnetorpsvägen	Östra Ljungby	7
Starby ängars väg	Östra Ljungby	7
Smedstorpsvägen	Östra Ryd	12
Gamla Åtvidsvägen	Östra Ryd	9
Kulefallsvägen	Östra Ryd	9
Stationsvägen	Östra Ryd	7
Kyrkängsvägen	Östra Ryd	6
Slåttervägen	Östra Ryd	5
Värnavägen	Östra Ryd	5
Yxnerumsvägen	Östra Ryd	4
Källösavägen	Östra Ryd	3
Nya Åtvidsvägen	Östra Ryd	3
Stianderödsvägen	Östra Sönnarslöv	11
Gretelundsvägen	Östra Sönnarslöv	7
Rävbacken	Östra Sönnarslöv	6
Sundsallén	Östra Sönnarslöv	6
Höge väg	Östra Sönnarslöv	5
Kladderbacksvägen	Östra Sönnarslöv	5
Ramels väg	Östra Sönnarslöv	5
Reservoarvägen	Östra Sönnarslöv	4
Spångarpsvägen	Östra Sönnarslöv	4
Banelinjen	Östra Sönnarslöv	3
Åmbergsvägen	Östra Ämtervik	19
Höglundagatan	Östra Ämtervik	13
Frykenvägen	Östra Ämtervik	11
Trädgårdsgatan	Östra Ämtervik	8
Repslagaregatan	Östra Ämtervik	7
Heavägen	Östra Ämtervik	6
Brårudsallén	Östra Ämtervik	5
Fiskartorpsvägen	Östra Ämtervik	5
Klövervägen	Östra Ämtervik	5
Sandgatan	Östra Ämtervik	5
Hörnäsvägen	Överhörnäs	9
Krossvägen	Överhörnäs	6
Plogvägen	Överhörnäs	5
Skiffervägen	Överhörnäs	4
Fältspatsvägen	Överhörnäs	3
Vältvägen	Överhörnäs	3
Billstagårdsvägen	Överhörnäs	2
Billstavägen	Överhörnäs	2
Dikesvägen	Överhörnäs	2
Happstavägen	Överhörnäs	2
Svartbyvägen	Överkalix	46
Byträskvägen	Överkalix	30
Vännäsvägen	Överkalix	20
Grelsbyvägen	Överkalix	19
Raitajärvi	Överkalix	16
Storgatan	Överkalix	13
Västra Nybyvägen	Överkalix	11
Nygatan	Överkalix	10
Ringvägen	Överkalix	10
Gyljen Pjäravägen	Överkalix	9
Lidavägen	Överlida	11
Hallavägen	Överlida	7
Hallångsvägen	Överlida	7
Olles Backe	Överlida	7
Studievägen	Överlida	7
Mjöbäcksvägen	Överlida	6
Skenevägen	Överlida	6
Fågelrovägen	Överlida	4
Småstugevägen	Överlida	4
Strandvägen	Överlida	4
Älvvägen	Övertorneå	20
Kalixvägen	Övertorneå	12
Liehittäjä	Övertorneå	12
Krookskavägen	Övertorneå	9
Sockenvägen	Övertorneå	9
Tingshusvägen	Övertorneå	9
Matarengivägen	Övertorneå	7
Skolbacken	Övertorneå	7
Backvägen	Övertorneå	6
Hedvägen	Övertorneå	6
Dalhemsvägen	Överum	13
Norralidsvägen	Överum	9
Adelswärdsvägen	Överum	8
Ringvägen	Överum	8
Österlidsvägen	Överum	7
Bruksgatan	Överum	6
Dalbovägen	Överum	6
Tjustvägen	Överum	6
Kvarngatan	Överum	5
Linköpingsvägen	Överum	5
Överlidavägen	Öxabäck	11
Bockhagsvägen	Öxabäck	7
Strömmens väg	Öxabäck	7
Sävsjövägen	Öxabäck	7
Börshultsvägen	Öxabäck	6
Parallellvägen	Öxabäck	6
Brokvarnsvägen	Öxabäck	5
Blomsdalsvägen	Öxabäck	4
Hallabrovägen	Öxabäck	4
Torestorpsvägen	Öxabäck	4
Byslättsvägen	Öxnevalla	4
Lövsjövägen	Öxnevalla	3
Givaredsvägen	Öxnevalla	2
Söderskogsvägen	Öxnevalla	2
Viskabackavägen	Öxnevalla	1
Viskastrandsvägen	Öxnevalla	1
